experiment,event,station,scenario,anom_type,level,n_segments,total_anom_sec,anom_start,anom_end,method,rmse,mae,rmse_anom,mae_anom,snr_db,psd_cos,amp_rmse,psd_log_rmse,wasserstein,acf_l2,envelope_dist,spec_entropy_err,length_min,std_ratio
length_scan,S12_19760113_070152,S12,length_scan,dropout,02.00min,1,120.15094339622641,47303,48098,DSSRR,0.21316719159459563,0.015649895178197065,2.333662336221221,1.8756281407035176,67.67779057471971,0.9995744021323547,2.546137986568405,0.012421041243697578,0.4359296482412059,0.47721711819149043,0.4359309249214883,0.11582999234448493,2.0,1.0179650857240043
length_scan,S12_19760113_070152,S12,length_scan,dropout,02.00min,1,120.15094339622641,47303,48098,Linear,0.3347955861563647,0.024257830070310838,3.6651974626193984,2.9072826491302184,63.75660337081758,0.9989538090347869,2.933659175717818,0.009869791332330648,2.878273109588091,0.7631425376215889,2.8826360454310747,0.21560177476411668,2.0,0.2646375952996838
length_scan,S12_19760113_070152,S12,length_scan,dropout,02.00min,1,120.15094339622641,47303,48098,FFT,0.21747914244312125,0.015664837024373872,2.3808677115679986,1.8774189097051097,67.50384560906922,0.9997754814194811,2.2511695947689607,0.006771085136430581,0.9759522300695558,0.2972719983877103,0.9758768561594993,0.005815209176009861,2.0,0.9185190368026402
length_scan,S12_19760113_070152,S12,length_scan,dropout,02.00min,1,120.15094339622641,47303,48098,SSA,0.33496969922004993,0.02435047453556112,3.66710357723266,2.918386018457953,63.75208738014804,0.9989504038375574,2.9292987197312494,0.009897383447786748,2.8838872735188694,0.7610441242295701,2.888164827396721,0.19152737865438765,2.0,0.26349149313590847
length_scan,S12_19760113_070152,S12,length_scan,dropout,02.44min,1,146.71698113207546,47215,48186,DSSRR,0.29276746448326196,0.02342767295597484,2.9004398701454264,2.299382716049383,64.92174161536585,0.9994310345529053,3.3129575472740216,0.014099432545737697,0.4639917695473253,0.3706287560724143,0.46381466910245195,0.1680039287179474,2.443662254246677,1.0027044337416782
length_scan,S12_19760113_070152,S12,length_scan,dropout,02.44min,1,146.71698113207546,47215,48186,Linear,0.21757188744286504,0.018113207547169812,2.1554791891779943,1.7777777777777777,67.50014226031652,0.9995653844634007,3.0649845510021745,0.00612385925080046,1.7777777777777777,0.5342885625516456,1.7782472534110607,0.26504097677443955,2.443662254246677,0.0
length_scan,S12_19760113_070152,S12,length_scan,dropout,02.44min,1,146.71698113207546,47215,48186,FFT,0.37185998199854464,0.031529522353437145,3.684007441891831,3.0945642309854975,62.844608967168405,0.9989429206143148,4.627957417692419,0.008154160685879168,1.6739013420057844,0.29345871381437655,1.6725863835775778,0.014163976991362515,2.443662254246677,0.8682639587263121
length_scan,S12_19760113_070152,S12,length_scan,dropout,02.44min,1,146.71698113207546,47215,48186,SSA,0.21853963319100708,0.018383161233196502,2.165066621842444,1.804273232147064,67.46159364985732,0.9995558987890601,3.0590144591964696,0.00634641170158085,1.681974777232682,0.5736767059988471,1.6806999166621035,0.02009205521028179,2.443662254246677,0.08261273663408916
length_scan,S12_19760113_070152,S12,length_scan,dropout,02.99min,1,179.16981132075472,47107,48293,DSSRR,0.488805500797672,0.04746331236897275,4.382126522128194,3.814658803706824,60.46947615353575,0.9944569084847563,4.353791335718566,0.018780570086386485,1.6394271272114578,0.7527953004179161,1.6424941430245803,0.10870515285442839,2.985742606414975,1.8983272825299924
length_scan,S12_19760113_070152,S12,length_scan,dropout,02.99min,1,179.16981132075472,47107,48293,Linear,0.3025628561434956,0.02695286195286195,2.712466848989241,2.166219907584693,64.63588562207624,0.9992122639582152,3.451651023332955,0.008495485651457321,1.8236237692851005,0.8682107738306613,1.820771884256675,0.23743240515114722,2.985742606414975,0.3947124217220139
length_scan,S12_19760113_070152,S12,length_scan,dropout,02.99min,1,179.16981132075472,47107,48293,FFT,0.3469754204668281,0.03321558731342456,3.110624144108467,2.6695594184504663,63.44622363152503,0.998839296748345,4.540746476262095,0.008033241976731356,0.6099254325554958,0.15383065218465627,0.6078983519920528,0.028178421649395213,2.985742606414975,0.9305304492035372
length_scan,S12_19760113_070152,S12,length_scan,dropout,02.99min,1,179.16981132075472,47107,48293,SSA,0.30329496330362765,0.027239683036579795,2.719030167524363,2.189271913807677,64.61489388148277,0.9992053995413455,3.439030046907375,0.008526169831841067,1.8266788312150128,0.8595274040956089,1.8239242451003463,0.20786775044694963,2.985742606414975,0.3960731836209478
length_scan,S12_19760113_070152,S12,length_scan,dropout,03.65min,1,219.0188679245283,46975,48425,DSSRR,0.35851428808195335,0.036834381551362684,2.907012837754547,2.421778084079945,63.16206847499163,0.9987615304068074,4.194907131663024,0.017700438608867806,0.5568573397656789,0.43738903968785864,0.5573540804495429,0.16987100700430224,3.6480732540961824,0.9442804507376824
length_scan,S12_19760113_070152,S12,length_scan,dropout,03.65min,1,219.0188679245283,46975,48425,Linear,0.2898709320244174,0.027547169811320753,2.350418236313729,1.8111647139903515,65.00810450765417,0.9992775065448163,3.7873742923134657,0.007940723882246837,1.8111647139903515,0.5468805487236795,1.813741942173053,0.2823862845688907,3.6480732540961824,0.0
length_scan,S12_19760113_070152,S12,length_scan,dropout,03.65min,1,219.0188679245283,46975,48425,FFT,0.3868529214128533,0.040914741613783154,3.136796625000743,2.6900526188524556,62.50128022816345,0.9982976574242836,5.832539567454659,0.007949549962030128,0.5542621397704564,0.09974821467898279,0.5530643692873687,0.022627690310339454,3.6480732540961824,0.8819746267501071
length_scan,S12_19760113_070152,S12,length_scan,dropout,03.65min,1,219.0188679245283,46975,48425,SSA,0.28974145537967977,0.02753933153977819,2.349368375036358,1.8106493651928597,65.01198510058155,0.9992828653380177,3.7776417839319536,0.007954261782566606,1.7887806860040505,0.542534375999478,1.791358853021301,0.07368650275380592,3.6480732540961824,0.028308994236574573
length_scan,S12_19760113_070152,S12,length_scan,dropout,04.46min,1,267.47169811320754,46815,48586,DSSRR,0.4693878434611388,0.04887840670859539,3.4440874188940382,2.631489841986456,60.82156109103498,0.9989657577903692,5.039646446770501,0.02011379667603616,0.4091422121896161,0.48760219806627014,0.40878139146968206,0.1191988793185299,4.457329455880843,1.2219726244324323
length_scan,S12_19760113_070152,S12,length_scan,dropout,04.46min,1,267.47169811320754,46815,48586,Linear,0.2871924300145076,0.032116838768340865,2.107246382269085,1.7290894009592093,65.088738079164,0.9992668843986152,3.7101642654140607,0.008666510540246638,1.4995967223425368,0.9986380796154758,1.4986458257024315,0.2532615397866911,4.457329455880843,0.14280545401732267
length_scan,S12_19760113_070152,S12,length_scan,dropout,04.46min,1,267.47169811320754,46815,48586,FFT,0.34427202734656487,0.0394915209027845,2.5260623481818274,2.126123642283093,63.51416310553675,0.9989002531980073,3.9379113286000953,0.008740709776849397,0.9402271409733083,0.08782311222074389,0.9398694098851508,0.025060309307755324,4.457329455880843,1.0122615000966237
length_scan,S12_19760113_070152,S12,length_scan,dropout,04.46min,1,267.47169811320754,46815,48586,SSA,0.2872470055604558,0.03227896528829176,2.107646825002739,1.7378178829023894,65.08708764522405,0.9992693473174761,3.7100504988026177,0.008656613482643152,1.498598596314768,0.9683825669483068,1.4976602194070145,0.21588008207128778,4.457329455880843,0.14642952454941424
length_scan,S12_19760113_070152,S12,length_scan,dropout,05.45min,1,326.79245283018867,46618,48782,DSSRR,0.4958633916157293,0.05573375262054507,3.291601742667628,2.4558891454965357,60.34495691442462,0.998283767921603,5.1251743405773365,0.022258060793354056,0.44665127020785217,0.3569708890273745,0.4470050851851405,0.10078673806740801,5.446103873038947,1.2373400522285027
length_scan,S12_19760113_070152,S12,length_scan,dropout,05.45min,1,326.79245283018867,46618,48782,Linear,0.5604168858571968,0.07245283018867925,3.7201157199712087,3.192609699769053,59.281973596116245,0.9950704038325965,4.117844875628744,0.020280483465883514,3.192609699769053,0.4973304211807031,3.18958500424494,0.28600444735455116,5.446103873038947,0.0
length_scan,S12_19760113_070152,S12,length_scan,dropout,05.45min,1,326.79245283018867,46618,48782,FFT,0.5924333952835196,0.07403368152228718,3.9326452190302703,3.2622693844000903,58.7994072142428,0.9967740636294776,7.515202495719911,0.01291082899102974,1.8193071593533094,0.12815367553078416,1.8195804223744512,0.03091985437467709,5.446103873038947,1.0348803554505466
length_scan,S12_19760113_070152,S12,length_scan,dropout,05.45min,1,326.79245283018867,46618,48782,SSA,0.5605101202604647,0.07257539264919653,3.720734621324811,3.1980103735488914,59.28052867823186,0.9950720260153902,4.114872677575722,0.020276736968932823,3.181813855868263,0.5562996216707496,3.177874370968356,0.039208179627630346,5.446103873038947,0.022855550876731457
length_scan,S12_19760113_070152,S12,length_scan,dropout,06.65min,1,399.39622641509436,46378,49023,DSSRR,0.5902065871486244,0.0770020964360587,3.5439151859277236,2.7762660619803476,58.83211680101486,0.9977372444274641,5.89262007430305,0.049090813988033985,0.5056689342403629,0.5179601594547935,0.5072681743983654,0.16103355728525426,6.654219233625958,1.2664494360741638
length_scan,S12_19760113_070152,S12,length_scan,dropout,06.65min,1,399.39622641509436,46378,49023,Linear,0.42824957623279414,0.05662020767943457,2.571438898895808,2.0414088483061446,61.61825900809454,0.9990294010790745,5.02851928760414,0.013321828424356242,1.8425534004896087,1.0400416750020853,1.844860357949854,0.24234800864444775,6.654219233625958,0.13344835482593798
length_scan,S12_19760113_070152,S12,length_scan,dropout,06.65min,1,399.39622641509436,46378,49023,FFT,0.4998530350232217,0.0700500805088694,3.001384261244747,2.525615147598693,60.27535117757823,0.9987344823234401,6.314386682816511,0.01130529429965779,0.6525733631494319,0.16131892915795107,0.6524516982220291,0.009558732206181697,6.654219233625958,0.8902181439819962
length_scan,S12_19760113_070152,S12,length_scan,dropout,06.65min,1,399.39622641509436,46378,49023,SSA,0.4282639655920009,0.05673109751747179,2.571525300284269,2.045406917296602,61.617967163587856,0.99903254161932,5.033092135669384,0.0133120511545242,1.8443151019794948,1.0254310958886776,1.8466136529412052,0.21430805694029925,6.654219233625958,0.13380567074038516
length_scan,S12_19760113_070152,S12,length_scan,dropout,08.13min,1,487.8490566037736,46085,49316,DSSRR,0.5263596748778597,0.07634171907756813,2.8597042532124863,2.2534034653465347,59.82654564595357,0.9983920333858706,6.55486057215057,0.025915744025303434,0.34375000000000033,0.3068681270301781,0.3442019155533961,0.06371508902290163,8.130332186347001,1.1286057763104518
length_scan,S12_19760113_070152,S12,length_scan,dropout,08.13min,1,487.8490566037736,46085,49316,Linear,0.8756791987682595,0.14545162212793772,4.757552009941458,4.293343054147667,55.40529717736167,0.9873229534635897,5.546158112863972,0.02751338158998792,4.291470923306374,1.0452377868165232,4.295414421441824,0.24686743235618963,8.130332186347001,0.1417635374382124
length_scan,S12_19760113_070152,S12,length_scan,dropout,08.13min,1,487.8490566037736,46085,49316,FFT,0.46947267801567133,0.06810951371817289,2.550638048782911,2.0104107700228018,60.819991393378494,0.9991641868886968,5.04065219720854,0.013412298323837068,1.146585202833063,0.2149303100836656,1.146503110687268,0.031012971839620707,8.130332186347001,1.0060763384338638
length_scan,S12_19760113_070152,S12,length_scan,dropout,08.13min,1,487.8490566037736,46085,49316,SSA,0.875647237126778,0.14545798399599152,4.757378362820588,4.293530839485641,55.40561421167909,0.9873107244016811,5.5480237819580385,0.027504868226892146,4.291343323998459,1.0070168953454037,4.2952716523637395,0.145289569620145,8.130332186347001,0.14705530431215702
length_scan,S12_19760113_070152,S12,length_scan,dropout,09.93min,1,596.0754716981132,45726,49674,DSSRR,0.5326449960563784,0.08534591194968554,2.617992944989576,2.061787794378324,59.72344081810871,0.9986939337907578,6.7565385992195734,0.025420759901212227,0.268422385414029,0.21582042900439247,0.2690277047613871,0.07598266662050607,9.93389293913151,0.9326907407618393
length_scan,S12_19760113_070152,S12,length_scan,dropout,09.93min,1,596.0754716981132,45726,49674,Linear,0.4534298651654905,0.07211865031977284,2.2286442130119655,1.7422434136506277,61.121995414960956,0.9988711296455395,6.085952604922472,0.016331268322755128,1.5258281699260507,1.0406162615567527,1.5266017434645436,0.243442402820409,9.93389293913151,0.13183854896681863
length_scan,S12_19760113_070152,S12,length_scan,dropout,09.93min,1,596.0754716981132,45726,49674,FFT,0.5899750040850549,0.09603040945055993,2.899774539985325,2.3199040419304677,58.835525606868075,0.9981929039471942,7.851612438041678,0.015837860697600892,0.33212595560905267,0.15733817543046152,0.33093051145949565,0.010898101924352088,9.93389293913151,0.8796201511847923
length_scan,S12_19760113_070152,S12,length_scan,dropout,09.93min,1,596.0754716981132,45726,49674,SSA,0.453596828779976,0.0724017745865433,2.2294648525899756,1.7490831338455892,61.11879765340653,0.9988777310123065,6.076786916230544,0.016304868063463804,1.5254904481562481,0.9998208150361317,1.5262609611501192,0.05856060378814004,9.93389293913151,0.13529573348059923
length_scan,S12_19760113_070152,S12,length_scan,dropout,12.14min,1,728.3018867924528,45288,50112,DSSRR,0.6762285969285706,0.11860587002096436,3.0069005266556577,2.3450777202072537,57.650327193255706,0.9979879657851772,8.893558680220172,0.026520468497226245,0.2791709844559586,0.27366034326288685,0.2791225965575246,0.05205819547132312,12.137539606541626,0.9322748293843846
length_scan,S12_19760113_070152,S12,length_scan,dropout,12.14min,1,728.3018867924528,45288,50112,Linear,0.5039778871059959,0.08579664570230608,2.2409749913636023,1.6963730569948186,60.20396821691057,0.9988025345026651,6.366511908030851,0.019236804164202433,1.6963730569948186,0.5080521099805464,1.698689447213174,0.2836416015372499,12.137539606541626,0.0
length_scan,S12_19760113_070152,S12,length_scan,dropout,12.14min,1,728.3018867924528,45288,50112,FFT,0.6050129114015962,0.10803571570716736,2.690234707892861,2.1360844100443037,58.61690498785574,0.9978093643170844,8.11272372935611,0.0182832591602308,0.35496680128699387,0.10810088049422471,0.35316208732851373,0.013374720376054083,12.137539606541626,0.8887552867589921
length_scan,S12_19760113_070152,S12,length_scan,dropout,12.14min,1,728.3018867924528,45288,50112,SSA,0.5039833988994518,0.08580556985082947,2.240999499961317,1.6965495054443793,60.20387322352077,0.9988026502105264,6.366376391461819,0.01923774441321233,1.6957748222358475,0.5652031585599488,1.698091213870326,0.005519911147560785,12.137539606541626,0.001595052649931497
length_scan,S12_19760113_070152,S12,length_scan,dropout,14.83min,1,889.811320754717,44753,50647,DSSRR,0.7785986982483635,0.15365828092243186,3.132174546160642,2.4866836301950808,56.42592438031248,0.9979182504134868,8.751398710080124,0.032972837561963106,0.21187446988973718,0.18974280409984304,0.21158360217868016,0.051884133493975304,14.830023697964915,0.9649828364284816
length_scan,S12_19760113_070152,S12,length_scan,dropout,14.83min,1,889.811320754717,44753,50647,Linear,0.5616873351552397,0.10723270440251573,2.2595757969182313,1.7353689567430026,59.26230521433482,0.9984637682435307,7.134514817141646,0.022547464377939027,1.7353689567430024,0.5091074716645939,1.7376793498295608,0.28004276592520155,14.830023697964915,0.0
length_scan,S12_19760113_070152,S12,length_scan,dropout,14.83min,1,889.811320754717,44753,50647,FFT,0.650367278514219,0.13240883150051241,2.6163206283299068,2.1427994105426436,57.98902419042062,0.9991056414603708,6.832426318018153,0.020971765847856427,0.9375337280295118,0.05758620017284474,0.9357294532030729,0.003989082735237348,14.830023697964915,0.8037239631704957
length_scan,S12_19760113_070152,S12,length_scan,dropout,14.83min,1,889.811320754717,44753,50647,SSA,0.5617652574600254,0.1072360035178218,2.2598892655384293,1.7354223470059713,59.261100313397755,0.9984673413465437,7.130284049346599,0.022520747394537872,1.724467532749905,0.5325837445485953,1.7267771520819257,0.016217137761536826,14.830023697964915,0.02606239320246881
length_scan,S12_19760113_070152,S12,length_scan,dropout,18.12min,1,1087.245283018868,44099,51301,DSSRR,0.7995937123450902,0.17218029350104821,2.909958868031163,2.280438706094683,56.19481043873332,0.9973310446311459,9.787333537099366,0.039412561675163625,0.2532278217409414,0.17465554518588033,0.25374022514309563,0.06835492638049195,18.11978457015029,0.9046971015566506
length_scan,S12_19760113_070152,S12,length_scan,dropout,18.12min,1,1087.245283018868,44099,51301,Linear,0.5984629121439926,0.1329521742521334,2.177984183084177,1.7608826077542032,58.71145301503895,0.9982631286680747,7.6614304405830085,0.02690494664806156,1.1868417618268285,1.0137696208634284,1.18589962460514,0.25354875803687105,18.11978457015029,0.2770141217340956
length_scan,S12_19760113_070152,S12,length_scan,dropout,18.12min,1,1087.245283018868,44099,51301,FFT,0.7876353396756143,0.17166586496027667,2.866438800202334,2.273625366820824,56.32569396874188,0.9987066936690984,9.580275301016426,0.02496973936517312,1.2976752741913247,0.07348515117365513,1.2994539403153262,0.004269520272422611,18.11978457015029,0.7588030969837511
length_scan,S12_19760113_070152,S12,length_scan,dropout,18.12min,1,1087.245283018868,44099,51301,SSA,0.5984984708981785,0.1329681724699818,2.1781135919458054,1.7610944958539865,58.7109369425591,0.9982635263292303,7.661252000618967,0.026896906242146034,1.186733895017431,1.0119271205459806,1.1858019353592841,0.2049139544798732,18.11978457015029,0.27736599068005885
length_scan,S12_19760113_070152,S12,length_scan,dropout,22.14min,1,1328.4528301886792,43300,52100,DSSRR,0.7660511611840052,0.18976939203354298,2.5221211965478836,2.057038972843995,56.56704234154185,0.9976107599129661,9.553453121208248,0.04442094301800188,0.3513237132144075,0.13446286762095322,0.35117418483833557,0.09395999181919468,22.139316804578815,0.7976338514083959
length_scan,S12_19760113_070152,S12,length_scan,dropout,22.14min,1,1328.4528301886792,43300,52100,Linear,0.6502287383044257,0.15537755975033307,2.1407913290640677,1.6842426088151095,57.990874642000804,0.9983089354237822,8.604716045979078,0.03180614805787797,1.4379384368464665,1.0324096506596707,1.4385644516522251,0.2539714328966154,22.139316804578815,0.1384573252426219
length_scan,S12_19760113_070152,S12,length_scan,dropout,22.14min,1,1328.4528301886792,43300,52100,FFT,0.7610750528302972,0.18296313268023282,2.5057380239986657,1.9832613177700495,56.62364811592235,0.9975255292801947,9.26103990415363,0.029548714665221958,0.5423265064311007,0.07973361603717515,0.5418500136446498,0.00419414387230449,22.139316804578815,0.7195247665664841
length_scan,S12_19760113_070152,S12,length_scan,dropout,22.14min,1,1328.4528301886792,43300,52100,SSA,0.6503232737688535,0.1554897682619695,2.141102574462208,1.6854589128726158,57.98961190955377,0.9983054986202958,8.609488874916718,0.031804224395336,1.4384478541282746,1.030898615825546,1.439078072109512,0.19662570045804184,22.139316804578815,0.13836807458512626
length_scan,S12_19760113_070152,S12,length_scan,dropout,27.05min,1,1623.0943396226414,42324,53076,DSSRR,0.9130144510579615,0.23527253668763104,2.719487180939581,2.08732446759044,55.04264481513835,0.9976242967463536,10.840040130841588,0.05320231115891463,0.16544220217613695,0.15725070066857347,0.1651546231891026,0.05439249619912667,27.050506405079197,0.9437140806239118
length_scan,S12_19760113_070152,S12,length_scan,dropout,27.05min,1,1623.0943396226414,42324,53076,Linear,0.6633249580710799,0.17412997903563943,1.9757668875682106,1.5448711987352366,57.81767108102487,0.9982571013631003,9.069578833114708,0.037628975371539225,1.5448711987352368,0.494710210267514,1.5454358950912608,0.30208601310698097,27.050506405079197,0.0
length_scan,S12_19760113_070152,S12,length_scan,dropout,27.05min,1,1623.0943396226414,42324,53076,FFT,0.9439052096920871,0.2541124766653258,2.811497797001199,2.2544713358013655,54.75363018396975,0.9963957629331736,11.794243823100945,0.03567680393486564,1.0191175979028744,0.12336762242722826,1.01762456347303,0.027121342383649383,27.050506405079197,0.8043493674060779
length_scan,S12_19760113_070152,S12,length_scan,dropout,27.05min,1,1623.0943396226414,42324,53076,SSA,0.6633994035038009,0.1742174629031039,1.9759886292939077,1.5456473505957513,57.816696312139825,0.9982559284481215,9.07078796792563,0.03761925642639342,1.5430678005069671,0.5574235738437852,1.543632502149634,0.024564322034288488,27.050506405079197,0.006225366608898122
length_scan,S12_19760113_070152,S12,length_scan,dropout,33.05min,1,1983.0943396226414,41132,54269,DSSRR,0.981602249864579,0.27838574423480084,2.6451183217798704,2.0214644542548332,54.41348694314616,0.9950043554298638,12.07175353614227,0.06421638041404498,0.1310701781093015,0.22298371514871845,0.13109885684236772,0.06320370853343849,33.051150730174996,0.9187124616856924
length_scan,S12_19760113_070152,S12,length_scan,dropout,33.05min,1,1983.0943396226414,41132,54269,Linear,0.7590883258603337,0.22674216485145207,2.0455112433364766,1.6464608408303036,56.64635159802017,0.9982265898587248,9.830074976008346,0.0466759248282392,1.4143071057589316,1.0588252108054952,1.4134032721692933,0.2666784150550918,33.051150730174996,0.14963417790201616
length_scan,S12_19760113_070152,S12,length_scan,dropout,33.05min,1,1983.0943396226414,41132,54269,FFT,0.9303214885356128,0.26988041984261246,2.506932329067667,1.9597040685785683,54.8795367980372,0.9950272719996612,10.52856836835472,0.0443124367245158,0.7301877996687541,0.15692532986145177,0.7308525907438039,0.030191806658615872,33.051150730174996,0.7834406228935746
length_scan,S12_19760113_070152,S12,length_scan,dropout,33.05min,1,1983.0943396226414,41132,54269,SSA,0.7590947224769196,0.22685006496875637,2.0455284802649074,1.647244344498353,56.64627840486234,0.9982294611712706,9.829171230165889,0.046670007196223585,1.413815516660371,1.0546912518303897,1.4129108877129686,0.1898761175733421,33.051150730174996,0.15021155551859292
length_scan,S12_19760113_070152,S12,length_scan,dropout,40.38min,1,2423.0943396226417,39674,55726,DSSRR,1.1318386370016018,0.36321802935010483,2.759183597680406,2.15853734504454,53.17650754303608,0.9981294158831926,14.479768345771795,0.07255016042883583,0.127515106210677,0.06172833257460267,0.12777410137304585,0.050202591039525124,40.38292474937306,0.963758445649322
length_scan,S12_19760113_070152,S12,length_scan,dropout,40.38min,1,2423.0943396226417,39674,55726,Linear,0.9788384872094761,0.32422153455358604,2.3862015400370775,1.9267884131571738,54.43797710278972,0.9977824922528489,10.616393076805553,0.056850167514249754,1.0070387558789682,1.0410263652749516,1.0095995391694792,0.26779255170776434,40.38292474937306,0.6039397012654947
length_scan,S12_19760113_070152,S12,length_scan,dropout,40.38min,1,2423.0943396226417,39674,55726,FFT,1.2516448944939806,0.41495273782283526,3.0512459551275475,2.4659871169437793,52.302575201899245,0.995641097583123,13.794760289748284,0.053353436768695105,1.671052139786925,0.16486363089415493,1.6726386143376668,0.01737835973426549,40.38292474937306,0.7418522252203484
length_scan,S12_19760113_070152,S12,length_scan,dropout,40.38min,1,2423.0943396226417,39674,55726,SSA,0.9787496061176758,0.3241968830458413,2.3859848667034216,1.9266419138212956,54.43876584007051,0.9977856405006882,10.617370389870633,0.056828693126354794,1.0072772757449358,1.0411529826420178,1.0098236043351547,0.22999372174760896,40.38292474937306,0.6037833596628334
length_scan,S12_19760113_070152,S12,length_scan,dropout,49.34min,1,2960.603773584906,37894,57507,DSSRR,1.1995631629766936,0.43236897274633124,2.6455393310622712,2.1029876618741716,52.67173543241306,0.9946483582456981,14.178322150818827,0.10134646411224696,0.15784643621902722,0.27284872650355546,0.1580739037666072,0.1424701610164259,49.34111446306344,0.8943005489005889
length_scan,S12_19760113_070152,S12,length_scan,dropout,49.34min,1,2960.603773584906,37894,57507,Linear,1.3740932123278666,0.5220775002658621,3.0304512092038123,2.5393185237770592,51.491873959596006,0.9954398031255597,11.83635223712268,0.06985142665510333,2.4319270303292493,1.041286649453477,2.4347326849917477,0.26756831642144635,49.34111446306344,0.1515508949499837
length_scan,S12_19760113_070152,S12,length_scan,dropout,49.34min,1,2960.603773584906,37894,57507,FFT,1.1593926478103591,0.42716841916666204,2.5569465156928346,2.0776928310645233,52.96758700585237,0.9950148199550193,12.553244413802348,0.06546660833561231,1.1316429450511194,0.1466552036528068,1.1329584951143845,0.02646473425566581,49.34111446306344,0.7382961993096676
length_scan,S12_19760113_070152,S12,length_scan,dropout,49.34min,1,2960.603773584906,37894,57507,SSA,1.37409888469761,0.5221624037137869,3.030463719155535,2.5397314833432887,51.49183810360353,0.9954393980035414,11.835763603411664,0.06983217500733899,2.431352057820379,1.0355651426641839,2.434152278710534,0.1950775944247827,49.34111446306344,0.15224206077775812
length_scan,S12_19760113_070152,S12,length_scan,dropout,60.29min,1,3617.2075471698113,35719,59682,DSSRR,1.203275578327932,0.4719392033542977,2.4008201875663673,1.878776498080454,52.6448957988291,0.9911865590496713,13.53024413869246,0.10641624770852812,0.16670839592722392,0.13510399527173064,0.16661359379083288,0.06991051351212413,60.28650949792645,0.9733142950572574
length_scan,S12_19760113_070152,S12,length_scan,dropout,60.29min,1,3617.2075471698113,35719,59682,Linear,1.8379130905192136,0.8148427672955975,3.6670725560994217,3.2438657986980473,48.96569842524522,0.9916155681107649,12.945207859404636,0.08790102563101698,3.2438657986980473,0.4698572747183383,3.2411617546080445,0.3153530754724793,60.28650949792645,0.0
length_scan,S12_19760113_070152,S12,length_scan,dropout,60.29min,1,3617.2075471698113,35719,59682,FFT,1.6676199148935067,0.6865838444482045,3.327297278340432,2.733270687713183,49.81025638837721,0.9926125286429536,15.27262137715231,0.08343981990774585,2.3086621599065387,0.14850119941399972,2.3071214777267155,0.042607515278827335,60.28650949792645,0.7348517224610954
length_scan,S12_19760113_070152,S12,length_scan,dropout,60.29min,1,3617.2075471698113,35719,59682,SSA,1.837907219756653,0.8148856642882483,3.667060842535608,3.2440365704013896,48.96572617023349,0.9916161670750535,12.945122400052002,0.08790249814978027,3.2434195785070035,0.5392778914735726,3.240715528066046,0.048606709736277676,60.28650949792645,0.0030819772925224174
length_scan,S12_19760113_070152,S12,length_scan,dropout,73.66min,1,4419.622641509434,33061,62340,DSSRR,1.4458681098893387,0.6302410901467506,2.609860714831286,2.0534494535519126,51.04962426555779,0.9884251560289818,17.17624009257267,0.1399568334861935,0.12605874316939908,0.17298823934198546,0.1261199524151738,0.0651276665454637,73.65993385018332,1.0231705879142723
length_scan,S12_19760113_070152,S12,length_scan,dropout,73.66min,1,4419.622641509434,33061,62340,Linear,1.3538351226006655,0.5953927608267952,2.4437367949865787,1.9399067412184519,51.62088230935175,0.9943298333976531,13.886159012611682,0.10935978297232099,1.4444026022208398,1.0271199972739307,1.4468843103989786,0.2825095436333922,73.65993385018332,0.47244745462629856
length_scan,S12_19760113_070152,S12,length_scan,dropout,73.66min,1,4419.622641509434,33061,62340,FFT,1.1988872010498122,0.5259482891974147,2.164048426085986,1.7136429914423963,52.67663136933962,0.9932613593145014,14.374059887618541,0.10447795384010768,0.5960150909327332,0.16835085445317147,0.5962517045432538,0.06410641587755977,73.65993385018332,0.687219359724419
length_scan,S12_19760113_070152,S12,length_scan,dropout,73.66min,1,4419.622641509434,33061,62340,SSA,1.3536646403689712,0.5952601086647242,2.4434290664489393,1.939474534378917,51.621976152366585,0.9943165646848263,13.873174221364193,0.10929041432739733,1.4435824614482975,1.0248613057302987,1.4460675084260977,0.180643816006645,73.65993385018332,0.47343312053327835
length_scan,S12_19760113_070152,S12,length_scan,dropout,90.00min,1,5400.1509433962265,29813,65588,DSSRR,1.6363884916478375,0.7999266247379455,2.6721738703164784,2.1330780411449015,49.97446951506144,0.9797428392867765,16.876086079499636,0.17357945035896882,0.15549530411449003,0.24857495790402812,0.15549655886818625,0.11611526782464276,90.00000000000003,1.0700507915171424
length_scan,S12_19760113_070152,S12,length_scan,dropout,90.00min,1,5400.1509433962265,29813,65588,Linear,1.321626330186893,0.654695989523738,2.15817659673917,1.745807172421864,51.83002419944053,0.9919963844961445,14.863973739065514,0.13897417411395527,0.5729904828936132,1.0310957862148258,0.5712161204795599,0.28419867205057286,90.00000000000003,0.6226129475212379
length_scan,S12_19760113_070152,S12,length_scan,dropout,90.00min,1,5400.1509433962265,29813,65588,FFT,1.3254439653456274,0.647493036391201,2.1644106817193807,1.7265998342945157,51.804970402634694,0.9902365415720865,14.826622826916848,0.13399056213795674,0.6537559945174121,0.25298294924631676,0.6539295910550427,0.06890980850530215,90.00000000000003,0.6002375842647797
length_scan,S12_19760113_070152,S12,length_scan,dropout,90.00min,1,5400.1509433962265,29813,65588,SSA,1.3215692384157465,0.6544320218915163,2.1580833675702737,1.7451032784115232,51.83039942163702,0.9920106325965955,14.860804947759808,0.13893613323618295,0.5727852037998067,1.03029434252165,0.5710299068677368,0.1637343027263783,90.00000000000003,0.6229827873187955
length_scan,S12_19761114_230000,S12,length_scan,dropout,02.00min,1,120.15094339622641,47303,48098,DSSRR,0.25072222721594867,0.017222222222222222,2.7447986443435064,2.064070351758794,66.11580289323162,0.9999628154350227,3.1505027206010774,0.00816629334282679,1.3731155778894473,0.19541154259584442,1.3709050249005374,0.03156875679729343,2.0,1.6816625391748055
length_scan,S12_19761114_230000,S12,length_scan,dropout,02.00min,1,120.15094339622641,47303,48098,Linear,0.36653250919375274,0.028754409223266487,4.012639587300379,3.446194271230682,62.81740963556302,0.9997181858478104,3.4186046033604995,0.009072644695883147,1.454863716323146,0.3550006578402471,1.4532028325329094,0.34291436185680185,2.0,0.9897219528258544
length_scan,S12_19761114_230000,S12,length_scan,dropout,02.00min,1,120.15094339622641,47303,48098,FFT,0.2553450060888971,0.01898067759560761,2.795406830639809,2.274819902790158,65.95711226340421,0.9998919858359435,3.989245352500663,0.00475911553007235,0.7433871520700841,0.4296022437186054,0.7399234132758317,0.09712255010209114,2.0,1.11376245838571
length_scan,S12_19761114_230000,S12,length_scan,dropout,02.00min,1,120.15094339622641,47303,48098,SSA,0.3662365892151093,0.028754232405297186,4.009399983196532,3.4461730797303414,62.82442501986752,0.9997181097769575,3.4099406507126613,0.009078168224121328,1.4567864574825724,0.3538793985125267,1.4553920935516906,0.3325434492103037,2.0,0.9909544546684554
length_scan,S12_19761114_230000,S12,length_scan,dropout,02.44min,1,146.71698113207546,47215,48186,DSSRR,0.42416523025544184,0.03530398322851153,4.20219421421616,3.4650205761316872,61.54895832304802,0.9998549492454126,7.098225887705954,0.007607358820321592,0.5452674897119341,0.3941270263529904,0.5453797541369515,0.08193806750839128,2.443662254246677,1.0034909913895653
length_scan,S12_19761114_230000,S12,length_scan,dropout,02.44min,1,146.71698113207546,47215,48186,Linear,0.33975637011195103,0.02665842528133827,3.3659577704370505,2.6164750739091267,63.47630747273242,0.9999184052510456,4.389647084633743,0.005884301727200776,1.9932593607653555,0.5521772350092292,1.998656657460467,0.2815577536515262,2.443662254246677,0.5388210562659239
length_scan,S12_19761114_230000,S12,length_scan,dropout,02.44min,1,146.71698113207546,47215,48186,FFT,0.37450189423473773,0.032245431904243255,3.7101807996343115,3.1648294276386895,62.630579260459584,0.9998048170461323,4.668143488740988,0.011130004604296648,2.784588477366224,0.22371905577440473,2.7854104605261,0.05871901399196483,2.443662254246677,0.9374091468948016
length_scan,S12_19761114_230000,S12,length_scan,dropout,02.44min,1,146.71698113207546,47215,48186,SSA,0.3398127022974436,0.02666540658938022,3.366515851974776,2.617160276365096,63.47486745679514,0.9999181949570882,4.403382052798799,0.005862328072994979,1.9920358389288821,0.5472966136891741,1.9971953890313552,0.2640188413557588,2.443662254246677,0.5420474921811167
length_scan,S12_19761114_230000,S12,length_scan,dropout,02.99min,1,179.16981132075472,47107,48293,DSSRR,0.4025989988542032,0.036949685534591194,3.6092878410374567,2.969671440606571,62.002205822794785,0.9998932095036647,6.458831391162183,0.009982668514509426,0.2990732940185341,0.5066219554105594,0.29849839074381473,0.09130491212574998,2.985742606414975,0.9502026228660633
length_scan,S12_19761114_230000,S12,length_scan,dropout,02.99min,1,179.16981132075472,47107,48293,Linear,0.45992707035592884,0.041171815993618924,4.123232267154213,3.3090069467491534,60.845880194594656,0.9996248813378846,5.867045961652889,0.01506354776004208,2.9951920213082803,0.6636228536444148,3.001396001221719,0.27197824998151754,2.985742606414975,0.20948370382401948
length_scan,S12_19761114_230000,S12,length_scan,dropout,02.99min,1,179.16981132075472,47107,48293,FFT,0.46809496958869473,0.04035592315522939,4.196457236594132,3.2434330825685627,60.692980155013146,0.999720824769394,8.893884364686201,0.005142790917439689,0.521886033360014,0.23226604822677568,0.5189937695636563,0.03530186748055486,2.985742606414975,0.9967030394306582
length_scan,S12_19761114_230000,S12,length_scan,dropout,02.99min,1,179.16981132075472,47107,48293,SSA,0.4600413378828296,0.041440295588155866,4.124256672074846,3.3305848349705722,60.84372247890771,0.9996249205285921,5.860256073237854,0.015096869516098843,3.0095580167999945,0.6397831356176519,3.015597548015872,0.2619016781713531,2.985742606414975,0.21035430026649807
length_scan,S12_19761114_230000,S12,length_scan,dropout,03.65min,1,219.0188679245283,46975,48425,DSSRR,0.5675169351641528,0.05729559748427673,4.601710645875797,3.7670572019297035,59.020083119484624,0.9997103173687357,11.754553543914746,0.011259342904220112,0.4176430048242591,0.20572301776903093,0.4173122752062645,0.16732024868313566,3.6480732540961824,1.0181460316830906
length_scan,S12_19761114_230000,S12,length_scan,dropout,03.65min,1,219.0188679245283,46975,48425,Linear,0.3356856910635479,0.034425299305230694,2.7219071758422393,2.2633863223425283,63.58100304643271,0.9998944237043804,7.103978154766585,0.005489809202690832,2.013168461761908,0.7642646320049903,2.0126928805579603,0.23602863615919106,3.6480732540961824,0.1090475423477068
length_scan,S12_19761114_230000,S12,length_scan,dropout,03.65min,1,219.0188679245283,46975,48425,FFT,0.5439126380174285,0.05738442248370529,4.410315220051053,3.772897246688824,59.389076636018814,0.9994829724260604,11.147328374093322,0.007567927460737694,1.2183460197602691,0.13713442876040335,1.2177339359263815,0.006938686839493946,3.6480732540961824,0.9975170512194608
length_scan,S12_19761114_230000,S12,length_scan,dropout,03.65min,1,219.0188679245283,46975,48425,SSA,0.3358167183424471,0.034526493420370626,2.7229696104355545,2.270039608754898,63.57761336835385,0.9998927646246372,7.116534514454962,0.0054741459922786695,2.0168340372332967,0.7368283066039976,2.0163612956838946,0.14054574606870815,3.6480732540961824,0.10905705758218859
length_scan,S12_19761114_230000,S12,length_scan,dropout,04.46min,1,267.47169811320754,46815,48586,DSSRR,0.5466881419313043,0.059748427672955975,4.011270802840991,3.216704288939052,59.34486655809616,0.9996127203956242,9.551344521813162,0.014716526908472832,0.2878103837471784,0.3399165478434838,0.2872631785455788,0.17104578125093367,4.457329455880843,1.0891163980987757
length_scan,S12_19761114_230000,S12,length_scan,dropout,04.46min,1,267.47169811320754,46815,48586,Linear,0.5261820750535356,0.06044519410065494,3.860809541586427,3.254216431829843,59.67693864856522,0.9994292306589586,6.935942517743559,0.01914275241716211,2.8993441884092848,0.744271525266438,2.894021236831359,0.23721740955428292,4.457329455880843,0.21665395257819026
length_scan,S12_19761114_230000,S12,length_scan,dropout,04.46min,1,267.47169811320754,46815,48586,FFT,0.37705862161967874,0.043229161642030604,2.7666307787823605,2.327348770118352,62.571482122969954,0.9998211250219106,7.308860244006941,0.0061285221316391345,0.6873786525224101,0.18541129925513936,0.6853471912895693,0.012432514017557073,4.457329455880843,0.825212938084663
length_scan,S12_19761114_230000,S12,length_scan,dropout,04.46min,1,267.47169811320754,46815,48586,SSA,0.5257471361460092,0.06028457521997065,3.8576182198675815,3.2455691173731376,59.68412132117307,0.9994311350363877,6.929433978136263,0.01908380510095532,2.910500015290924,0.743490336822983,2.9052483891698335,0.22891549557841265,4.457329455880843,0.2125118099815817
length_scan,S12_19761114_230000,S12,length_scan,dropout,05.45min,1,326.79245283018867,46618,48782,DSSRR,0.46755306652931317,0.05258909853249476,3.103674347813383,2.317321016166282,60.703041439840135,0.9998741016151661,8.541585581508054,0.015279621296029637,0.792147806004619,0.18560576635540318,0.7931967639855463,0.22477200960562244,5.446103873038947,0.6968347433641042
length_scan,S12_19761114_230000,S12,length_scan,dropout,05.45min,1,326.79245283018867,46618,48782,Linear,0.7392303612178036,0.09251787197221785,4.907101404055651,4.0767690467203614,56.72406372150942,0.9980117183584308,8.32807183790205,0.02574389041347602,3.977255890424981,0.8116245643508556,3.9840635484525504,0.25773825483259616,5.446103873038947,0.41234080790437905
length_scan,S12_19761114_230000,S12,length_scan,dropout,05.45min,1,326.79245283018867,46618,48782,FFT,0.5372631908920916,0.06619775472190206,3.5664186655304637,2.9169818939812733,59.49591789267181,0.9997884309079774,11.084288469756128,0.006757207507016299,0.9070555535852505,0.09411820039185341,0.9062792642327487,0.04498672934433845,5.446103873038947,0.6214058193133064
length_scan,S12_19761114_230000,S12,length_scan,dropout,05.45min,1,326.79245283018867,46618,48782,SSA,0.7394222750004326,0.09280391958379565,4.908375351179042,4.089373638934921,56.72180904464419,0.9980101058760503,8.299459804325494,0.025781710862512523,3.9758364029791937,0.7955783204175185,3.9819904528210563,0.2429096095516057,5.446103873038947,0.41985434458354265
length_scan,S12_19761114_230000,S12,length_scan,dropout,06.65min,1,399.39622641509436,46378,49023,DSSRR,0.5599397242194109,0.074979035639413,3.3621767955050794,2.703325774754346,59.136834053350114,0.9998533906864794,10.357600734526265,0.017081955820771745,0.7668178382464098,0.21569324078223354,0.7674033969153824,0.17639633795337667,6.654219233625958,0.7288055123681656
length_scan,S12_19761114_230000,S12,length_scan,dropout,06.65min,1,399.39622641509436,46378,49023,Linear,0.5033503159585592,0.0684810342629091,3.0223838015516007,2.4690440924722323,60.0622527234416,0.999849202496207,9.589493171952011,0.009623952597069352,2.0147103882059896,0.8832080994786049,2.017345093822851,0.25465870293127174,6.654219233625958,0.2121369012350872
length_scan,S12_19761114_230000,S12,length_scan,dropout,06.65min,1,399.39622641509436,46378,49023,FFT,0.6509539868563777,0.0871956953206562,3.9086749785454153,3.143790375506652,57.82865380982625,0.9996797892893035,11.645448221659509,0.010837651977634215,2.0894987083426524,0.17211673122565455,2.0931054402540648,0.031778075330160194,6.654219233625958,0.6662209974275561
length_scan,S12_19761114_230000,S12,length_scan,dropout,06.65min,1,399.39622641509436,46378,49023,SSA,0.5032953186051204,0.06851012333697691,3.022053568104057,2.4700928822175348,60.06320181799171,0.9998493006276082,9.589422389437793,0.009631981946488824,2.015184604205662,0.8774062036225184,2.0177874500322726,0.22671448103010142,6.654219233625958,0.2127836359423539
length_scan,S12_19761114_230000,S12,length_scan,dropout,08.13min,1,487.8490566037736,46085,49316,DSSRR,0.6858941126388391,0.10250524109014675,3.726452471158324,3.0256806930693068,57.37451813233359,0.9996203938983957,13.382506041825012,0.01986302737445896,0.21751237623762376,0.3216690523309495,0.21705332683225215,0.08786945477838015,8.130332186347001,1.0131123855847113
length_scan,S12_19761114_230000,S12,length_scan,dropout,08.13min,1,487.8490566037736,46085,49316,Linear,0.5455320393973653,0.07869326475335264,2.9638674233362097,2.322814807385471,59.363254394069116,0.9997630629696854,9.79752520274857,0.016147821609655146,1.416204104944982,0.9270075362844905,1.4121990241102291,0.25812565369144713,8.130332186347001,0.45150492432225325
length_scan,S12_19761114_230000,S12,length_scan,dropout,08.13min,1,487.8490566037736,46085,49316,FFT,0.6232083324984447,0.09060588119277978,3.3858815637744586,2.6744433990690566,58.20699460738553,0.999749488156493,11.810254311560927,0.00936016997654326,0.7425504082523421,0.1264950944705507,0.740407495448182,0.03341828748537312,8.130332186347001,0.7509189965109982
length_scan,S12_19761114_230000,S12,length_scan,dropout,08.13min,1,487.8490566037736,46085,49316,SSA,0.5457315349556712,0.07887545209268858,2.964951279725316,2.328192490607206,59.360078632570705,0.9997638644319026,9.811951070484318,0.016123660855066082,1.4205231440693318,0.9289982411050883,1.4167165329752316,0.2209144266797608,8.130332186347001,0.44885718451187206
length_scan,S12_19761114_230000,S12,length_scan,dropout,09.93min,1,596.0754716981132,45726,49674,DSSRR,0.8078493331515322,0.13580712788259958,3.9706443700099765,3.2808305900227905,55.95305221820688,0.999389532166976,14.838223839558468,0.021681827711678224,0.6437072676626993,0.3758097645857074,0.6430596458738095,0.07074442546129256,9.93389293913151,1.2774727876853036
length_scan,S12_19761114_230000,S12,length_scan,dropout,09.93min,1,596.0754716981132,45726,49674,Linear,0.5716791426731919,0.09556496563437095,2.809848911370775,2.3086598433828787,58.956612683365904,0.9997641386090236,9.9514494973463,0.016378941769129317,1.295856986707098,0.9335632207647976,1.292345483724894,0.267831127380282,9.93389293913151,0.48241991444206933
length_scan,S12_19761114_230000,S12,length_scan,dropout,09.93min,1,596.0754716981132,45726,49674,FFT,0.7188086208314107,0.12029254048897867,3.5330021159818346,2.9060289599008775,56.967394093462495,0.999761108215853,14.503155044886563,0.013079466661266281,1.3706465617672965,0.046074638015488376,1.3696591388777104,0.005158052571538396,9.93389293913151,0.9083534628252132
length_scan,S12_19761114_230000,S12,length_scan,dropout,09.93min,1,596.0754716981132,45726,49674,SSA,0.5717980066227659,0.09570078102844151,2.810433137231719,2.311940873667592,58.95480689450113,0.9997643419841601,9.950947834906867,0.01637183974968243,1.2952249701570846,0.9312767391017044,1.2917013568049258,0.24955500215953733,9.93389293913151,0.48334514359100694
length_scan,S12_19761114_230000,S12,length_scan,dropout,12.14min,1,728.3018867924528,45288,50112,DSSRR,0.7951833510863163,0.14288259958071278,3.5358416488586006,2.8250777202072537,56.09031406315932,0.999777955119266,14.418380672119643,0.020691541576858014,0.43709844559585487,0.17282722063160735,0.43610470825777115,0.02119821044646214,12.137539606541626,1.114710771223214
length_scan,S12_19761114_230000,S12,length_scan,dropout,12.14min,1,728.3018867924528,45288,50112,Linear,0.882944616025577,0.16933962264150942,3.9260786115727107,3.3481865284974095,55.18099038094788,0.999458960486678,11.166810488842527,0.01902154924503605,3.3481865284974095,0.46691654463882315,3.3528911761109743,0.3189443815740678,12.137539606541626,0.0
length_scan,S12_19761114_230000,S12,length_scan,dropout,12.14min,1,728.3018867924528,45288,50112,FFT,0.957394159813692,0.1733491818490721,4.257124020540239,3.4274636162490113,54.47784415622274,0.9995213441411934,19.18076044381342,0.01541350832043629,2.390492227979335,0.0928018985775833,2.390258695106427,0.04518602716078535,12.137539606541626,1.0188209096934406
length_scan,S12_19761114_230000,S12,length_scan,dropout,12.14min,1,728.3018867924528,45288,50112,SSA,0.8829524356981819,0.16940565728213094,3.9261133823259455,3.3494921667803714,55.180913455950254,0.9994589694383964,11.16096889588322,0.019015334406213752,3.3429334886664206,0.46417322920598814,3.3476383957172047,0.03480105757994961,12.137539606541626,0.012799301787828236
length_scan,S12_19761114_230000,S12,length_scan,dropout,14.83min,1,889.811320754717,44753,50647,DSSRR,0.94897053345995,0.18662473794549267,3.8175524267465457,3.020186598812553,54.55460508797149,0.9993611864571569,16.889319982670933,0.022262309265336424,0.46751484308736224,0.22952983426147502,0.4659282877806046,0.027895690114117633,14.830023697964915,1.1935419719831424
length_scan,S12_19761114_230000,S12,length_scan,dropout,14.83min,1,889.811320754717,44753,50647,Linear,0.6730876849807037,0.1355722566413217,2.7077210878642566,2.1939937716000153,57.53822674174746,0.9998423982885475,11.845712050738296,0.01675908726356609,1.9863310097672637,0.9337545772706798,1.98398796718502,0.28451927631599044,14.830023697964915,0.1259222722541462
length_scan,S12_19761114_230000,S12,length_scan,dropout,14.83min,1,889.811320754717,44753,50647,FFT,0.831593885294188,0.16915866995735404,3.34536547019813,2.737529620683898,55.701433888512284,0.999277312151199,19.191654015942373,0.015429578542576483,0.5352677882024615,0.050228262934328825,0.5343440446686931,0.06123502984761531,14.830023697964915,1.0715287722655134
length_scan,S12_19761114_230000,S12,length_scan,dropout,14.83min,1,889.811320754717,44753,50647,SSA,0.6730331758842728,0.13555988669691274,2.70750180673168,2.1937935862401146,57.538930185264135,0.9998413475964288,11.835601783082197,0.016754883431454405,1.9843146580575883,0.9134197602880038,1.9819698386736209,0.1412331991864546,14.830023697964915,0.12825022971646377
length_scan,S12_19761114_230000,S12,length_scan,dropout,18.12min,1,1087.245283018868,44099,51301,DSSRR,1.048209014636289,0.2282389937106918,3.8147437512298064,3.0229071220324863,53.6907018280088,0.9993861265954741,23.413979918096462,0.02354546162385811,0.4228793558239623,0.08902184800798185,0.4222425149539941,0.006084416816062144,18.11978457015029,1.2058193152470988
length_scan,S12_19761114_230000,S12,length_scan,dropout,18.12min,1,1087.245283018868,44099,51301,Linear,0.6652427307296204,0.14725214678078916,2.4210157656223004,1.9502783288750918,57.640056882485766,0.999757392191329,14.539903956542908,0.0188675886870796,1.7040534578912192,0.9727051864748697,1.7031910511085315,0.2862820275257914,18.11978457015029,0.12160535945464512
length_scan,S12_19761114_230000,S12,length_scan,dropout,18.12min,1,1087.245283018868,44099,51301,FFT,0.9845856606049457,0.22079213085898688,3.5831994801594376,2.9242772850128205,54.234589505298985,0.9992907114186408,21.901748117146933,0.018018383958487382,0.8529029757041446,0.09034168443190597,0.8535034642541995,0.07480831848079134,18.11978457015029,1.070135211503698
length_scan,S12_19761114_230000,S12,length_scan,dropout,18.12min,1,1087.245283018868,44099,51301,SSA,0.6651823030899726,0.1471911083920462,2.420795851504477,1.9494699070666675,57.640845905235764,0.9997579586307823,14.535351314189358,0.01886077468310074,1.703039745749955,0.9612779526386029,1.7021797923502802,0.15115267549305836,18.11978457015029,0.1228096930430922
length_scan,S12_19761114_230000,S12,length_scan,dropout,22.14min,1,1328.4528301886792,43300,52100,DSSRR,1.4547579711817982,0.3541404612159329,4.789596440652477,3.8387683217816155,50.84384472384607,0.9941507015093617,24.28504819854455,0.04240704481959778,1.4333598454721055,0.4267450694420834,1.4324853431352769,0.004217478267248664,22.139316804578815,1.7337882088407173
length_scan,S12_19761114_230000,S12,length_scan,dropout,22.14min,1,1328.4528301886792,43300,52100,Linear,1.1617657611190673,0.28439140356417947,3.824958697292768,3.0827110442021044,52.79728817351665,0.9982602185702301,17.16092283961062,0.027209703145527488,2.6098562186998184,0.9710962820637947,2.614539707862634,0.2853399273389069,22.139316804578815,0.5929012139563098
length_scan,S12_19761114_230000,S12,length_scan,dropout,22.14min,1,1328.4528301886792,43300,52100,FFT,1.2215097225125944,0.2944642522193351,4.021657715623946,3.1918974732103815,52.36172107350053,0.998834247015579,25.832411919660597,0.02223012046261779,1.5920361322576746,0.07520542541918367,1.5916116486020817,0.06520227907508214,22.139316804578815,1.0339912660431068
length_scan,S12_19761114_230000,S12,length_scan,dropout,22.14min,1,1328.4528301886792,43300,52100,SSA,1.1618536646499418,0.28455317552023873,3.825248107934907,3.084464600003497,52.79663099157035,0.9982602973012537,17.154023988752265,0.02720900516460167,2.608132434968416,0.9696030732352388,2.6126740165866917,0.2683281231537621,22.139316804578815,0.5937854795024283
length_scan,S12_19761114_230000,S12,length_scan,dropout,27.05min,1,1623.0943396226414,42324,53076,DSSRR,1.2345056471608857,0.32964360587002095,3.677074638152054,2.924579187203571,52.269798016182094,0.9977733956603575,26.750467028510215,0.03502215455136355,0.43838928671068544,0.1325221204056356,0.4381737668854927,0.002384786671491057,27.050506405079197,1.2088252414809044
length_scan,S12_19761114_230000,S12,length_scan,dropout,27.05min,1,1623.0943396226414,42324,53076,Linear,1.1929118470367133,0.3233825481152935,3.5531841497669254,2.869031441476704,52.56749260129537,0.9988914182503607,19.404683020417625,0.03108248745988523,2.530560276668101,0.9786286407022305,2.525545884474149,0.27992878798619425,27.050506405079197,0.3542454999461396
length_scan,S12_19761114_230000,S12,length_scan,dropout,27.05min,1,1623.0943396226414,42324,53076,FFT,1.1122053275756032,0.29910301629660235,3.312793272231072,2.6536248260667588,53.17596021343006,0.9983085448901755,24.778966907797024,0.02611014100070854,0.2843706101231297,0.07654528445443469,0.28015297952104495,0.07033013219039821,27.050506405079197,1.0167318440298172
length_scan,S12_19761114_230000,S12,length_scan,dropout,27.05min,1,1623.0943396226414,42324,53076,SSA,1.1930005584504821,0.3235738695167627,3.5534483838677864,2.8707288339904364,52.56684669531138,0.9988905199978689,19.399337377951063,0.03106574504990047,2.5297016188757566,0.9764301443012009,2.5247977321556947,0.03928877033868999,27.050506405079197,0.3544968170492795
length_scan,S12_19761114_230000,S12,length_scan,dropout,33.05min,1,1983.0943396226414,41132,54269,DSSRR,2.8549251276131096,0.8802830188679245,7.6931514403119845,6.392068808037753,44.98776517347853,0.959505575674262,35.97314689880639,0.06421626577247318,3.982721875475719,0.7306804267738136,3.980139963775257,0.01752757181572323,33.051150730174996,2.97987377473359
length_scan,S12_19761114_230000,S12,length_scan,dropout,33.05min,1,1983.0943396226414,41132,54269,Linear,1.4886966267745165,0.4404193119432712,4.011582821449743,3.198051633383169,50.643535548517676,0.9943575164098828,23.238271763600782,0.040524146335513635,1.0322100054326209,0.9915001096929988,1.0310016672722802,0.2766386610916661,33.051150730174996,1.1513095380592693
length_scan,S12_19761114_230000,S12,length_scan,dropout,33.05min,1,1983.0943396226414,41132,54269,FFT,1.218707101448051,0.36611717605104804,3.28404349457044,2.6585156489016577,52.38167279887878,0.998480215921405,27.661480010917952,0.030514524913671504,0.5653364812815574,0.055910837751139704,0.5650596594484603,0.050473194180026326,33.051150730174996,0.9041153508003719
length_scan,S12_19761114_230000,S12,length_scan,dropout,33.05min,1,1983.0943396226414,41132,54269,SSA,1.4887186304888969,0.44048804436302486,4.011642114740954,3.198550725546702,50.64340716747693,0.9943580604116625,23.22852463967564,0.04051926574283013,1.0319171403858283,0.9911457727628453,1.0297439968842925,0.25302659930754257,33.051150730174996,1.1517193376521804
length_scan,S12_19761114_230000,S12,length_scan,dropout,40.38min,1,2423.0943396226417,39674,55726,DSSRR,1.7334512538505058,0.5685849056603773,4.225788120887485,3.378994580452252,49.32142696608746,0.997765975265202,36.08398434735685,0.04605319264173861,0.5283124649598205,0.24768562259918261,0.5285612523406977,0.020524743266381706,40.38292474937306,1.2698924467445611
length_scan,S12_19761114_230000,S12,length_scan,dropout,40.38min,1,2423.0943396226417,39674,55726,Linear,1.0940726113557862,0.36354215293823594,2.667118001839323,2.160463551380285,53.31873671087085,0.9984063816895606,26.51554810634984,0.03947291690884532,1.631914724421287,1.0206107764346188,1.6310850702390718,0.2687747842510573,40.38292474937306,0.22131971336504275
length_scan,S12_19761114_230000,S12,length_scan,dropout,40.38min,1,2423.0943396226417,39674,55726,FFT,1.4939532938071654,0.4925042444915193,3.6419426667509263,2.9268613296262966,50.61291923202114,0.9988240371774624,27.787609901920167,0.03815850713911654,1.8343898336759024,0.07692490836323551,1.8317456662925413,0.03125788966836407,40.38292474937306,0.7799209660234544
length_scan,S12_19761114_230000,S12,length_scan,dropout,40.38min,1,2423.0943396226417,39674,55726,SSA,1.0939671383678964,0.36350056587442015,2.66686088096655,2.160216407177455,53.319574105834484,0.9984088518055548,26.511619549382072,0.039458277085751586,1.631447979783521,1.0169755800827074,1.6306220510549865,0.12835278567853706,40.38292474937306,0.22194086952066994
length_scan,S12_19761114_230000,S12,length_scan,dropout,49.34min,1,2960.603773584906,37894,57507,DSSRR,2.194726383714168,0.7972222222222223,4.840291156180416,3.877587437544611,47.27205194444106,0.9836500296287415,32.969028564649584,0.06528354426657763,1.2890282451310289,0.6180577937501252,1.2876985679814623,0.03955258447436877,49.34111446306344,1.603321961217451
length_scan,S12_19761114_230000,S12,length_scan,dropout,49.34min,1,2960.603773584906,37894,57507,Linear,2.7757055181797274,1.0743838669011598,6.121593548745647,5.225666406769177,45.23219185873218,0.9901243422981856,28.7633465329754,0.058778839446046935,5.02207669193097,1.033686594496701,5.023458790383833,0.27315111295271655,49.34111446306344,0.8893040078322215
length_scan,S12_19761114_230000,S12,length_scan,dropout,49.34min,1,2960.603773584906,37894,57507,FFT,2.2600467550760595,0.8575814387105134,4.9843499409872605,4.171166985468695,47.01731115910907,0.995992925702368,34.24153802016589,0.04966116002994962,3.8120760681146115,0.13114144175478862,3.814596736923354,0.042112998015637226,49.34111446306344,0.7850174008229923
length_scan,S12_19761114_230000,S12,length_scan,dropout,49.34min,1,2960.603773584906,37894,57507,SSA,2.775587271273141,1.074428405964005,6.121332764777112,5.225883039102992,45.23256189130649,0.990118744233333,28.776595051608698,0.05878602419316244,5.020819294952532,1.0332409869407804,5.0221550624747024,0.14829561241257497,49.34111446306344,0.8896309071927813
length_scan,S12_19761114_230000,S12,length_scan,dropout,60.29min,1,3617.2075471698113,35719,59682,DSSRR,1.7149515154107546,0.6866771488469602,3.421735048106808,2.733642129861459,49.414622708427245,0.9971205303934461,32.65921652628589,0.062204730250943426,0.12164079452512086,0.17664117818021846,0.12139682931671669,0.07556146325631852,60.28650949792645,0.9633172422980505
length_scan,S12_19761114_230000,S12,length_scan,dropout,60.29min,1,3617.2075471698113,35719,59682,Linear,1.338661972648404,0.5531171511039203,2.6709481569697533,2.2019435910246203,51.566241103308094,0.9973870963501584,32.13853863344728,0.059350387015657556,1.617219585898773,1.0310080041290042,1.6162746464669453,0.2708055838218542,60.28650949792645,0.22220179941020685
length_scan,S12_19761114_230000,S12,length_scan,dropout,60.29min,1,3617.2075471698113,35719,59682,FFT,1.7539332056532468,0.704565034770741,3.4995127663329884,2.804853293153425,49.21939862904789,0.9978046612290471,36.910016454649956,0.05693787862378888,1.439057601483794,0.1444524738295014,1.4364898018704741,0.04939140487210003,60.28650949792645,0.7866368593039647
length_scan,S12_19761114_230000,S12,length_scan,dropout,60.29min,1,3617.2075471698113,35719,59682,SSA,1.339127424095677,0.5533411168355102,2.6718768430089876,2.2028351922094673,51.56322155296667,0.997377498203305,32.13557266104664,0.059355333473821874,1.6161977447914406,1.0243245532461633,1.615264372083001,0.037176054976732764,60.28650949792645,0.223349574145662
length_scan,S12_19761114_230000,S12,length_scan,dropout,73.66min,1,4419.622641509434,33061,62340,DSSRR,2.2708941339734188,0.9979664570230607,4.09907193281388,3.2515710382513663,46.975721865282445,0.9934009593977929,39.6029211377117,0.10014869244495081,0.47117486338797804,0.17537847530663053,0.4704157999044572,0.08273725705575652,73.65993385018332,1.222986635910668
length_scan,S12_19761114_230000,S12,length_scan,dropout,73.66min,1,4419.622641509434,33061,62340,Linear,1.5459696730014332,0.6969214934420236,2.7905487978400854,2.270707324944298,50.31564023079446,0.9967547964219663,33.38041494051053,0.07251720088304162,1.8156847418074311,1.0376420839363325,1.8182399869907437,0.28163213880939575,73.65993385018332,0.22593620825722763
length_scan,S12_19761114_230000,S12,length_scan,dropout,73.66min,1,4419.622641509434,33061,62340,FFT,2.176837191475471,0.9704204457913347,3.9292946775417326,3.1618207147709474,47.34314065866429,0.995249459559393,39.72500575532581,0.07105604299306158,2.226550546448148,0.20463702189475344,2.229053326092363,0.06133605726228969,73.65993385018332,0.7802065586978889
length_scan,S12_19761114_230000,S12,length_scan,dropout,73.66min,1,4419.622641509434,33061,62340,SSA,1.5461543384691978,0.6969018921940329,2.790882127793494,2.2706434602223613,50.3146027666637,0.9967300329523907,33.356918366064946,0.07249423988653365,1.8147694463307809,1.027623375233177,1.8173092340498498,0.03703056853616482,73.65993385018332,0.22702848937715628
length_scan,S12_19761114_230000,S12,length_scan,dropout,90.00min,1,5400.1509433962265,29813,65588,DSSRR,2.5001299756569053,1.2206289308176101,4.082638094464861,3.2549194991055455,46.14040789125002,0.9852047922354199,44.758529432709516,0.09885423736940963,0.49222942754919474,0.2203432691334543,0.4919803057025277,0.0711540709275052,90.00000000000003,1.2191985351264254
length_scan,S12_19761114_230000,S12,length_scan,dropout,90.00min,1,5400.1509433962265,29813,65588,Linear,1.5990858237437142,0.7890041928721174,2.6112597200549383,2.1039523703041145,50.02222417111742,0.9951044724209445,36.184347738583384,0.09324956039916155,2.1039523703041145,0.47907821219753727,2.104813741587323,0.31910035194695424,90.00000000000003,0.0
length_scan,S12_19761114_230000,S12,length_scan,dropout,90.00min,1,5400.1509433962265,29813,65588,FFT,2.0696864513728666,1.0171872884390765,3.3797365865958606,2.712423616868512,47.781568500887765,0.9866848033070984,39.448972066364654,0.09052613458856566,0.9524370366643298,0.30038398503128655,0.9534760884618825,0.05915381322851071,90.00000000000003,0.7347988806828202
length_scan,S12_19761114_230000,S12,length_scan,dropout,90.00min,1,5400.1509433962265,29813,65588,SSA,1.5998424424999413,0.7896584865073075,2.6124952560419614,2.1056971045616377,50.018115353044465,0.9950795602925575,36.20325256487518,0.0932522034148784,2.100775418828615,0.429620818026785,2.1016365747486088,0.10215496146253555,90.00000000000003,0.011852532232527576
length_scan,S15_19760125_160000,S15,length_scan,dropout,02.00min,1,120.15094339622641,47303,48098,DSSRR,0.17614554683205336,0.012348008385744234,1.928365360823545,1.479899497487437,68.88863149848851,0.9998790452320516,0.6963990740492785,0.011600018674773685,0.32412060301507545,0.10362185841520566,0.3240218668246358,0.07188915863510115,2.0,1.0315183796188023
length_scan,S15_19760125_160000,S15,length_scan,dropout,02.00min,1,120.15094339622641,47303,48098,Linear,0.161004446726878,0.012253668763102726,1.7626071370552174,1.4685929648241205,69.66930744543734,0.9994995293935158,0.5257363930041348,0.008019091968007252,1.4685929648241207,0.25104387401841616,1.4697376171215766,0.5436710780583973,2.0,0.0
length_scan,S15_19760125_160000,S15,length_scan,dropout,02.00min,1,120.15094339622641,47303,48098,FFT,0.15586979950579866,0.011128505701208933,1.7063952371846014,1.3337430199690108,69.95082532647459,0.9997664496500162,0.547459030223887,0.006949090067146822,0.947587939698514,0.17293967163811103,0.9478078005806971,0.06087298934030766,2.0,0.9245164216002296
length_scan,S15_19760125_160000,S15,length_scan,dropout,02.00min,1,120.15094339622641,47303,48098,SSA,0.1618190425586514,0.012585492016863806,1.7715249803576136,1.5083617316693558,69.62547231728685,0.9995358322293242,0.5365862348099728,0.007832475496400282,1.3646454963205708,0.2266491567504009,1.3657473859512652,0.19369914707915503,2.0,0.21632916421018727
length_scan,S15_19760125_160000,S15,length_scan,dropout,02.44min,1,146.71698113207546,47215,48186,DSSRR,0.15109662034355792,0.011362683438155136,1.4969103983674978,1.1152263374485596,70.22096985483006,0.9999250691438267,0.6179391400435028,0.01320486137040169,0.15637860082304525,0.1943937478152011,0.15652040357538446,0.1213785369028827,2.443662254246677,0.9071728199243995
length_scan,S15_19760125_160000,S15,length_scan,dropout,02.44min,1,146.71698113207546,47215,48186,Linear,0.14478308374303409,0.011934344707522394,1.4343623508578376,1.171333832404976,70.59170841289958,0.9998530392851213,0.5392516038049403,0.0072892491429807325,0.9340844784489868,0.6356962524728748,0.9346645166763743,0.489031585068373,2.443662254246677,0.2307552428610928
length_scan,S15_19760125_160000,S15,length_scan,dropout,02.44min,1,146.71698113207546,47215,48186,FFT,0.1789081377242575,0.014856438427746812,1.772438398046695,1.4581319197603353,68.75346295976449,0.9998365084420084,0.8097023602718492,0.0071138323260120885,0.2720533406084805,0.18537461317740667,0.2710031862150361,0.02713373127080454,2.443662254246677,0.885493315311263
length_scan,S15_19760125_160000,S15,length_scan,dropout,02.44min,1,146.71698113207546,47215,48186,SSA,0.14641007262870667,0.01207507388717038,1.4504808886216474,1.1851461407778336,70.49464574056161,0.9998532280547726,0.5479749303522345,0.007294720080855181,0.9452120233764343,0.5372803240686744,0.9457735138255955,0.24593072253589698,2.443662254246677,0.2330254133479986
length_scan,S15_19760125_160000,S15,length_scan,dropout,02.99min,1,179.16981132075472,47107,48293,DSSRR,0.19368976036548824,0.017033542976939202,1.736422840121816,1.3689974726200504,68.06393162520206,0.9998601531748064,0.7948982986115427,0.013121175076325523,0.1373209772535805,0.12264274538441217,0.13719412548601953,0.07867277559876096,2.985742606414975,1.0080196219495263
length_scan,S15_19760125_160000,S15,length_scan,dropout,02.99min,1,179.16981132075472,47107,48293,Linear,0.15666966977990948,0.014329458103043008,1.4045388483461134,1.1516683260575424,69.90636630112445,0.9998021171578364,0.588683801025797,0.008610395881709091,0.912788372350293,0.7025566551735345,0.9133483134146605,0.5124536858267458,2.985742606414975,0.23852287906856914
length_scan,S15_19760125_160000,S15,length_scan,dropout,02.99min,1,179.16981132075472,47107,48293,FFT,0.15982073482479142,0.014576019074344524,1.4327880511140745,1.1714845995724243,69.73340239926618,0.9998814553588065,0.6076330815429455,0.008332214035023515,0.41729006524592993,0.17517156571078005,0.41667808936002815,0.04734159669342508,2.985742606414975,0.9123012760364749
length_scan,S15_19760125_160000,S15,length_scan,dropout,02.99min,1,179.16981132075472,47107,48293,SSA,0.1588799356524166,0.014703824526958788,1.4243538150047585,1.181756411012526,69.78468375682945,0.9998019365583425,0.5988182461541035,0.008615203467128997,0.8945965567056203,0.4829912498622275,0.8951441861643042,0.3727838125823044,2.985742606414975,0.3013535461152915
length_scan,S15_19760125_160000,S15,length_scan,dropout,03.65min,1,219.0188679245283,46975,48425,DSSRR,0.23373729631731316,0.023563941299790357,1.8952586930123834,1.549276361130255,66.4315045387329,0.9998439861694187,0.9094728597326546,0.015819231635285487,0.27842866988283954,0.11046938256045578,0.2784519103311493,0.11410678787124962,3.6480732540961824,1.0046066973002563
length_scan,S15_19760125_160000,S15,length_scan,dropout,03.65min,1,219.0188679245283,46975,48425,Linear,0.19858381712882653,0.019032347488608204,1.6102167332082382,1.2513342180656257,67.8471877752552,0.9994354105436618,0.6954705063894361,0.010244087934490975,0.5513666835639145,0.7409795472069706,0.5502783162944577,0.49956393183032805,3.6480732540961824,0.6944609632669919
length_scan,S15_19760125_160000,S15,length_scan,dropout,03.65min,1,219.0188679245283,46975,48425,FFT,0.19884114883119364,0.019120606956292426,1.612303307125123,1.2571370803792539,67.8359395886998,0.9998341165538802,0.8140269219416923,0.0093657019264882,0.4895052316352188,0.12910975640099762,0.48874349496669095,0.030310604688243536,3.6480732540961824,0.8005516095017574
length_scan,S15_19760125_160000,S15,length_scan,dropout,03.65min,1,219.0188679245283,46975,48425,SSA,0.20013037493432792,0.019302372184062024,1.6227569960216806,1.2690877369810591,67.77980468202503,0.9994236000946064,0.6967216403128556,0.010236888903018755,0.5472331221802408,0.6943981014412585,0.5464040348104546,0.48352553934343545,3.6480732540961824,0.7198876160828085
length_scan,S15_19760125_160000,S15,length_scan,dropout,04.46min,1,267.47169811320754,46815,48586,DSSRR,0.24054445580833034,0.02618448637316562,1.7649714313548737,1.409706546275395,66.18215783185082,0.9998062406504352,0.976260768814241,0.015106537663166804,0.1376975169300225,0.0979085353937306,0.13775877572773443,0.09884094334796978,4.457329455880843,1.0261889408096667
length_scan,S15_19760125_160000,S15,length_scan,dropout,04.46min,1,267.47169811320754,46815,48586,Linear,0.20850721707274053,0.022696917777848723,1.5299013237616745,1.2219446704327135,67.42364302546214,0.999181962382087,0.7032810767091622,0.012086424566938807,0.4733263818068622,0.7909955284933471,0.47225284773712883,0.5204149524118278,4.457329455880843,0.7132865237958882
length_scan,S15_19760125_160000,S15,length_scan,dropout,04.46min,1,267.47169811320754,46815,48586,FFT,0.21352376899941025,0.023186967819833988,1.5667097831573689,1.2483277257404983,67.2171403267849,0.9998156802590075,0.889838453161066,0.010708118695568597,0.26460269993187635,0.1420214297200923,0.26357967034720015,0.029701269460556512,4.457329455880843,0.8354424858530091
length_scan,S15_19760125_160000,S15,length_scan,dropout,04.46min,1,267.47169811320754,46815,48586,SSA,0.2083015818690909,0.022688877929559325,1.5283924955556665,1.221511825327291,67.43221350110474,0.9991992220958413,0.7071382937995682,0.012051686948879904,0.4708460159825675,0.7785480047379069,0.4698759579053001,0.4913164059853648,4.457329455880843,0.713033325318748
length_scan,S15_19760125_160000,S15,length_scan,dropout,05.45min,1,326.79245283018867,46618,48782,DSSRR,0.2513485640080938,0.02940251572327044,1.6684824596754992,1.2956120092378753,65.80053669447,0.999788091641601,1.0224983871816833,0.020044466189095715,0.0845265588914548,0.12305317856761738,0.08452341046466771,0.07911854609781199,5.446103873038947,0.9720023356104711
length_scan,S15_19760125_160000,S15,length_scan,dropout,05.45min,1,326.79245283018867,46618,48782,Linear,0.2407354932649336,0.028814458633619238,1.5980316001365211,1.2696994705068247,66.1752623426242,0.9989546488923945,0.8004182241920772,0.013740469751164707,0.9412013076327622,0.8227423244694193,0.9401092104274431,0.5353857040140235,5.446103873038947,0.4838354745960707
length_scan,S15_19760125_160000,S15,length_scan,dropout,05.45min,1,326.79245283018867,46618,48782,FFT,0.24488940932032724,0.02967227785703943,1.625605802140578,1.3074989873263563,66.026664788291,0.999724140812964,1.0252473837260743,0.01217919405172507,0.46743760875899976,0.13194976671534162,0.4668664302649028,0.05825269558915991,5.446103873038947,0.8616155534639557
length_scan,S15_19760125_160000,S15,length_scan,dropout,05.45min,1,326.79245283018867,46618,48782,SSA,0.24033545441012025,0.02878544487261357,1.5953760933701362,1.2684209888440343,66.18970800458521,0.9989736085188288,0.799637364504032,0.0136757612006239,0.9356792748704669,0.7920904319212322,0.9345701039822831,0.46872938006493575,5.446103873038947,0.4874629397937094
length_scan,S15_19760125_160000,S15,length_scan,dropout,06.65min,1,399.39622641509436,46378,49023,DSSRR,0.27388041583927375,0.03557651991614256,1.6445241140227829,1.2826908541194255,65.05484529020661,0.9997722735775014,1.130057919545123,0.02285707602446418,0.09448223733938012,0.07982742504813305,0.09441021058117319,0.09150561633029797,6.654219233625958,0.9482186630602363
length_scan,S15_19760125_160000,S15,length_scan,dropout,06.65min,1,399.39622641509436,46378,49023,Linear,0.2579195880841547,0.03511711767366086,1.5486867901213144,1.2661273719075004,65.57637833158141,0.9975661019446728,0.8430777497604021,0.019176183134801947,0.6591032332842468,0.8531187960114819,0.6600240916869593,0.5436428715368917,6.654219233625958,0.7436734085901099
length_scan,S15_19760125_160000,S15,length_scan,dropout,06.65min,1,399.39622641509436,46378,49023,FFT,0.25866420028419024,0.03539696530875078,1.5531578389723304,1.2762171165740077,65.55133835155331,0.9997491382103002,1.03539814563923,0.01380577131992835,0.448874941029143,0.10798239089837791,0.4487098978921129,0.06890439415115857,6.654219233625958,0.8442864449795989
length_scan,S15_19760125_160000,S15,length_scan,dropout,06.65min,1,399.39622641509436,46378,49023,SSA,0.2583924642576015,0.03508391314367616,1.5515261909152591,1.2649302017788007,65.56046798672394,0.9976355567690952,0.8537717336226701,0.019053065208715893,0.6530852471619566,0.8414532909593572,0.6536885856455505,0.4410293687913084,6.654219233625958,0.7361736349180206
length_scan,S15_19760125_160000,S15,length_scan,dropout,08.13min,1,487.8490566037736,46085,49316,DSSRR,0.3157301610413471,0.04578616352201258,1.7153572499772474,1.3514851485148516,63.819743439800156,0.9991309596786999,1.2141406028276533,0.026052839090308602,0.10705445544554473,0.21468717983516492,0.10720384311436669,0.04305429371228697,8.130332186347001,1.1068153730968326
length_scan,S15_19760125_160000,S15,length_scan,dropout,08.13min,1,487.8490566037736,46085,49316,Linear,0.2423305629755453,0.0363305722369096,1.3165783297995812,1.0723813711018488,66.11790103708526,0.9993687882855404,0.9096828873638185,0.017035419878217228,0.5090564161968316,0.8846229752084522,0.5088353299258475,0.5540420209473776,8.130332186347001,0.4956425331285162
length_scan,S15_19760125_160000,S15,length_scan,dropout,08.13min,1,487.8490566037736,46085,49316,FFT,0.28298944488708594,0.04267912864928866,1.5374774280450494,1.2597737850068498,64.77066011720453,0.9997368906975378,1.1621130241775686,0.016023439118247558,0.3728091357982623,0.11147204716780086,0.3721661626746344,0.08358997686695424,8.130332186347001,0.8516716246329135
length_scan,S15_19760125_160000,S15,length_scan,dropout,08.13min,1,487.8490566037736,46085,49316,SSA,0.2425590819235677,0.03645740271449104,1.3178198698315964,1.0761250677482814,66.10971405874687,0.999375982583932,0.9118615069728975,0.01701963017351415,0.5126962507016192,0.8775757150427421,0.5124954047485605,0.47497489511789925,8.130332186347001,0.4935294873526672
length_scan,S15_19760125_160000,S15,length_scan,dropout,09.93min,1,596.0754716981132,45726,49674,DSSRR,0.3357303749975816,0.05349056603773585,1.650141763594717,1.2922258799696125,63.2862521511451,0.9996401917953099,1.302912512945868,0.02640348213588512,0.047353760445682486,0.09410778410200857,0.047414967785411405,0.04974966042692619,9.93389293913151,0.9924538553114579
length_scan,S15_19760125_160000,S15,length_scan,dropout,09.93min,1,596.0754716981132,45726,49674,Linear,0.23771713014056045,0.036761006289308173,1.1683987913504845,0.8880729298556597,66.28485529085465,0.9997180921037162,0.9621327466056363,0.0188627273353965,0.8880729298556597,0.20675711292572957,0.8886716497628985,0.59197672182019,9.93389293913151,0.0
length_scan,S15_19760125_160000,S15,length_scan,dropout,09.93min,1,596.0754716981132,45726,49674,FFT,0.31004823470517007,0.04980992902532888,1.523911980914755,1.2033089969654027,63.977479602430485,0.9996674236844858,1.2526773403186782,0.018726627388718463,0.24450207787308473,0.10096574624544696,0.24356130958583677,0.07434800526379959,9.93389293913151,0.8549681419268202
length_scan,S15_19760125_160000,S15,length_scan,dropout,09.93min,1,596.0754716981132,45726,49674,SSA,0.23759419502782178,0.03677365167327248,1.167794555395535,0.8883784172271952,66.28934834956854,0.9997188036100587,0.9612425309183568,0.01886296312882779,0.8823242884255468,0.18939159421339563,0.882922887702195,0.21827583609187295,9.93389293913151,0.019333398405711688
length_scan,S15_19760125_160000,S15,length_scan,dropout,12.14min,1,728.3018867924528,45288,50112,DSSRR,0.45076222424824414,0.07649895178197065,2.0043476061863297,1.512538860103627,60.72711459790199,0.9951265707241479,1.5031365802279457,0.034699178204167805,0.4145077720207254,0.302550871475534,0.4145472728304074,0.0063543382892091715,12.137539606541626,1.4996144973964576
length_scan,S15_19760125_160000,S15,length_scan,dropout,12.14min,1,728.3018867924528,45288,50112,Linear,0.3141158434443022,0.05420335429769392,1.3967393561490076,1.0717098445595854,63.86426802229357,0.9994246486412199,1.009167811317894,0.02199878228373582,1.0717098445595856,0.20620067123610553,1.0714181828139364,0.5985472358324185,12.137539606541626,0.0
length_scan,S15_19760125_160000,S15,length_scan,dropout,12.14min,1,728.3018867924528,45288,50112,FFT,0.33907657484313863,0.060863063353517585,1.507729096496826,1.2033857500363891,63.20010911186024,0.9996530316206198,1.3909308360202566,0.021277338137044063,0.24488497708508078,0.09354150381309798,0.24395403604993293,0.0897502789322624,12.137539606541626,0.9259179601010692
length_scan,S15_19760125_160000,S15,length_scan,dropout,12.14min,1,728.3018867924528,45288,50112,SSA,0.3140678845599586,0.054581065166911434,1.3965261034187242,1.0791779516939586,63.8655942762502,0.9994280258010637,1.0087343873541221,0.02189980124635934,1.0561551222516012,0.16041152427348698,1.055841241227454,0.15582623111059518,12.137539606541626,0.07434024625707386
length_scan,S15_19760125_160000,S15,length_scan,dropout,14.83min,1,889.811320754717,44753,50647,DSSRR,0.42158729707689696,0.08129979035639413,1.6959763789223585,1.3156912637828668,61.30831453023159,0.998514601220524,1.503662895827317,0.031430555562780044,0.24529262086513987,0.27777626843897885,0.2453090759438522,0.023446631395395046,14.830023697964915,1.2812226114489493
length_scan,S15_19760125_160000,S15,length_scan,dropout,14.83min,1,889.811320754717,44753,50647,Linear,0.497148963311009,0.10602493535751771,1.9999485383626716,1.715823381358302,59.8763340995362,0.9952718987210267,1.1274196964130159,0.027952003269657178,1.653957485300769,0.9388999376244437,1.6549984631213497,0.5613403271871004,14.830023697964915,0.25986204631252435
length_scan,S15_19760125_160000,S15,length_scan,dropout,14.83min,1,889.811320754717,44753,50647,FFT,0.3724286433001679,0.07381865391097016,1.4982191974251469,1.1946224907729521,62.385203362853616,0.9993672778687568,1.553240911535957,0.024855470864102527,0.2770308074787225,0.09500418629574452,0.2763075465491683,0.09323702344705609,14.830023697964915,0.9611631803619246
length_scan,S15_19760125_160000,S15,length_scan,dropout,14.83min,1,889.811320754717,44753,50647,SSA,0.4968465216280629,0.10608926761288787,1.9987318651995223,1.716864483506277,59.88161978785347,0.9952783641538858,1.1308250860893634,0.027928757078457014,1.6498711323107753,0.8953103214403739,1.650869420857878,0.16736297934082084,14.830023697964915,0.26342431469740807
length_scan,S15_19760125_160000,S15,length_scan,dropout,18.12min,1,1087.245283018868,44099,51301,DSSRR,0.4788832221546459,0.10046121593291404,1.742798195565133,1.3305567124809108,60.20147242923219,0.997832479662772,1.8131216169966786,0.04157629546924489,0.2132444814660558,0.18731247656373906,0.21306914892234427,0.009011932995133587,18.11978457015029,1.2553914410523817
length_scan,S15_19760125_160000,S15,length_scan,dropout,18.12min,1,1087.245283018868,44099,51301,Linear,0.36575285345701586,0.08160012140937307,1.3310832026222863,1.0807512956343457,62.54231040210712,0.9992363469917795,1.2502040134261485,0.03192440989817752,0.8753642195016682,0.9453249505038465,0.8759075435103577,0.5714223566871925,18.11978457015029,0.25886961557198696
length_scan,S15_19760125_160000,S15,length_scan,dropout,18.12min,1,1087.245283018868,44099,51301,FFT,0.4227666069236242,0.09207264140670632,1.5385731752651632,1.2194543926419246,61.28405133492925,0.9994723772787354,1.762295155804524,0.031189621055890755,0.23706787469807802,0.06306271569493052,0.23613005584741137,0.10215941684224694,18.11978457015029,0.9417795172059957
length_scan,S15_19760125_160000,S15,length_scan,dropout,18.12min,1,1087.245283018868,44099,51301,SSA,0.3669037504902745,0.08212790151145191,1.3352716585548614,1.0877414694144818,62.515021839404774,0.9992284988967869,1.254334215774284,0.031922163130692995,0.8716955693614085,0.8823908770044427,0.872234046634269,0.2076918876264615,18.11978457015029,0.27028368336282876
length_scan,S15_19760125_160000,S15,length_scan,dropout,22.14min,1,1328.4528301886792,43300,52100,DSSRR,0.5177357573757184,0.12283018867924528,1.7045758743709039,1.3314396091353256,59.52390165158339,0.9991670521844711,2.0668877550428975,0.05291017098204441,0.08908078627428705,0.08493651891044805,0.08906040413126516,0.05424837770207169,22.139316804578815,1.0861405921484473
length_scan,S15_19760125_160000,S15,length_scan,dropout,22.14min,1,1328.4528301886792,43300,52100,Linear,0.5223773779790947,0.1309002027841014,1.7198577906492036,1.4189159579142452,59.446377638917795,0.9976681515573033,1.4338374923980033,0.038815088723650686,1.1664497597293857,0.9526508422517381,1.1674780576783788,0.5641087337768527,22.139316804578815,0.5102340401985629
length_scan,S15_19760125_160000,S15,length_scan,dropout,22.14min,1,1328.4528301886792,43300,52100,FFT,0.48057145680256236,0.1165659025220706,1.5822173753829762,1.2635367686178314,60.17090540967381,0.9989922182700155,1.9205752380241115,0.03672312965752045,0.38249825508969115,0.06842755636315684,0.3819680427921707,0.09003618188694662,22.139316804578815,0.9052261247372176
length_scan,S15_19760125_160000,S15,length_scan,dropout,22.14min,1,1328.4528301886792,43300,52100,SSA,0.5216980405653702,0.13091545775521754,1.7176211628917124,1.4190813168785081,59.45768075080126,0.9976679887513727,1.4329134860333508,0.03879422229656818,1.160885901381799,0.930063957084737,1.1617769637259316,0.2988241791562655,22.139316804578815,0.5150040383518802
length_scan,S15_19760125_160000,S15,length_scan,dropout,27.05min,1,1623.0943396226414,42324,53076,DSSRR,0.5736071453814923,0.14713836477987421,1.708535146352558,1.305403143308844,58.63377380881455,0.9989924289460343,2.1730717395026766,0.05271742885058353,0.06612108248860779,0.07452898969393937,0.06619807033151473,0.06182486370134899,27.050506405079197,1.0682819436341446
length_scan,S15_19760125_160000,S15,length_scan,dropout,27.05min,1,1623.0943396226414,42324,53076,Linear,0.415476792001663,0.11118631008149081,1.2375311349312847,0.9864385735863688,61.43512946880386,0.9985980078633343,1.5670050697136495,0.04629623889162525,0.758835206444068,0.9596159110494688,0.7584956809958052,0.5645901422341619,27.050506405079197,0.25101304340148034
length_scan,S15_19760125_160000,S15,length_scan,dropout,27.05min,1,1623.0943396226414,42324,53076,FFT,0.4974636071196237,0.13214158158018616,1.4817354763423092,1.1723525418720133,59.87083856978053,0.9991380440871349,2.0384490163389763,0.04540547778826503,0.24533437521755636,0.05931901735346323,0.24441182460415245,0.08538390384373196,27.050506405079197,0.8537876800523693
length_scan,S15_19760125_160000,S15,length_scan,dropout,27.05min,1,1623.0943396226414,42324,53076,SSA,0.41576826894105123,0.11153687775925919,1.2383993225040961,0.9895487899407911,61.42903803620407,0.9985933312577426,1.565358451998545,0.046286431980625466,0.7591668340358337,0.9132186351284164,0.7588320793321515,0.2384371134745421,27.050506405079197,0.2564399091820767
length_scan,S15_19760125_160000,S15,length_scan,dropout,33.05min,1,1983.0943396226414,41132,54269,DSSRR,0.606204814175506,0.1718867924528302,1.633536863783684,1.2481351803927538,58.15367724226693,0.9989527971494119,2.295089303357099,0.07070208264894123,0.05206271883087245,0.06805148435314007,0.052156588197970206,0.0677584379910019,33.051150730174996,1.0348825675923885
length_scan,S15_19760125_160000,S15,length_scan,dropout,33.05min,1,1983.0943396226414,41132,54269,Linear,0.4613528269263624,0.13634483205934034,1.2432049900825053,0.9900515282737912,60.52540114050668,0.9981785372354818,1.720368155625932,0.0559215291586864,0.7562629206357806,0.9589879543034698,0.7559306233573655,0.5626749986957029,33.051150730174996,0.25120111944383555
length_scan,S15_19760125_160000,S15,length_scan,dropout,33.05min,1,1983.0943396226414,41132,54269,FFT,0.5474531078674163,0.16146806456598548,1.475218955677017,1.172480846368931,59.03912635051596,0.9987090866936974,2.1132086601261757,0.05492285770858337,0.30670629184729026,0.06382061000499537,0.30592497998191387,0.08088807113581842,33.051150730174996,0.8249226757417977
length_scan,S15_19760125_160000,S15,length_scan,dropout,33.05min,1,1983.0943396226414,41132,54269,SSA,0.4614237789793965,0.13653424428241853,1.2433961841995462,0.991426922251692,60.524065428917304,0.9981759585189087,1.7220040008250594,0.055913981122304876,0.7562348625122137,0.9385059813859561,0.7559027788574896,0.2498687011047242,33.051150730174996,0.2536518608024005
length_scan,S15_19760125_160000,S15,length_scan,dropout,40.38min,1,2423.0943396226417,39674,55726,DSSRR,0.6751348960634457,0.21635220125786164,1.645836314949274,1.2857409829938329,57.21825373850056,0.9987390099994646,2.625950743227579,0.07269155068633222,0.05033327103968104,0.06617658584915131,0.050340797212495424,0.04918380446794457,40.38292474937306,1.038443531758666
length_scan,S15_19760125_160000,S15,length_scan,dropout,40.38min,1,2423.0943396226417,39674,55726,Linear,0.9267097986172723,0.32266334872426106,2.2591228047561978,1.9175284039303875,54.46718976052991,0.9914317435829915,1.9202823631463615,0.07152249396379382,1.8595221567004543,0.9578961368504438,1.8584015742874571,0.5705548768326568,40.38292474937306,0.5024883965579392
length_scan,S15_19760125_160000,S15,length_scan,dropout,40.38min,1,2423.0943396226417,39674,55726,FFT,0.6492789659936375,0.21241633819068323,1.582805017183738,1.262350879174683,57.557438187765904,0.9968110474379883,2.507409912649164,0.06858151206080086,0.3761866086125101,0.12242718125613941,0.37573756976357975,0.11278184740720831,40.38292474937306,0.90463064197012
length_scan,S15_19760125_160000,S15,length_scan,dropout,40.38min,1,2423.0943396226417,39674,55726,SSA,0.9256302419624268,0.32234005383769504,2.2564910735911368,1.9156071224142595,54.47731415542314,0.9914957629382578,1.9194248173186115,0.07152232186219712,1.8554950483324222,0.9547498312708133,1.854448792371217,0.23487528143463737,40.38292474937306,0.5019550618780004
length_scan,S15_19760125_160000,S15,length_scan,dropout,49.34min,1,2960.603773584906,37894,57507,DSSRR,0.7808907454914099,0.2758700209643606,1.7221912477985961,1.3417966758437851,55.95425934337718,0.9964736227031021,2.890822643539484,0.09676428983234225,0.1526460691342919,0.13236574149339364,0.15256400968969555,0.03990606888847714,49.34111446306344,1.136038137228441
length_scan,S15_19760125_160000,S15,length_scan,dropout,49.34min,1,2960.603773584906,37894,57507,Linear,0.8185564396556786,0.31128048476142683,1.805259883464321,1.5140286655572612,55.54509227246552,0.9937210241880011,2.1071725978606315,0.08604258650532266,1.4059906800276694,0.9606914624595053,1.4049518024464351,0.5739618821466024,49.34111446306344,0.25183331131692704
length_scan,S15_19760125_160000,S15,length_scan,dropout,49.34min,1,2960.603773584906,37894,57507,FFT,0.7289675593375496,0.25860714526316175,1.6076788691229815,1.257832245238382,56.55190082843416,0.9961633687154616,2.771476874577217,0.0841426955023057,0.5027121963147712,0.11868630349155959,0.50221094977214,0.11464634791453582,49.34111446306344,0.874294502189591
length_scan,S15_19760125_160000,S15,length_scan,dropout,49.34min,1,2960.603773584906,37894,57507,SSA,0.8177783826861865,0.3111694107915509,1.8035439418798105,1.5134884159026185,55.553352339276,0.9937462012303288,2.1026152398610565,0.08600189359752833,1.4056300686986902,0.9432891665926179,1.4046068945585082,0.25535450122699677,49.34111446306344,0.2533993292289116
length_scan,S15_19760125_160000,S15,length_scan,dropout,60.29min,1,3617.2075471698113,35719,59682,DSSRR,1.0347423949463803,0.3927672955974843,2.0645565117926847,1.5635953930896345,53.50941999922782,0.9878486934825779,3.777579465079948,0.10397127831104734,0.3964279752962778,0.2200852949985194,0.39647729947758265,0.004097857387170611,60.28650949792645,1.4844182352872475
length_scan,S15_19760125_160000,S15,length_scan,dropout,60.29min,1,3617.2075471698113,35719,59682,Linear,1.0910732341383467,0.4482525009174369,2.176949897273471,1.7844804117644584,53.04898682355498,0.991945995768185,2.331173432397563,0.10778656911942765,1.633037916635716,0.9596710551601239,1.6338683999904051,0.577345398000242,60.28650949792645,0.7526959866159273
length_scan,S15_19760125_160000,S15,length_scan,dropout,60.29min,1,3617.2075471698113,35719,59682,FFT,0.7743783338035028,0.3057260898910911,1.545068453224087,1.2170868375734474,56.02700099375628,0.9955407850812906,2.9962175838936047,0.10509355549877569,0.2900408030864232,0.1094442322665474,0.28917668597717266,0.12149736789226767,60.28650949792645,0.8503062104803909
length_scan,S15_19760125_160000,S15,length_scan,dropout,60.29min,1,3617.2075471698113,35719,59682,SSA,1.0902124153975665,0.44804529185999803,2.1752323597052508,1.7836555184211236,53.05584239239855,0.9919711855811187,2.3265120081803836,0.10771552951039716,1.6288472851267302,0.9553977562147923,1.629436348598605,0.27022224024948166,60.28650949792645,0.7517984214859146
length_scan,S15_19760125_160000,S15,length_scan,dropout,73.66min,1,4419.622641509434,33061,62340,DSSRR,1.2629745926988931,0.5335115303983229,2.2797292164962153,1.738285519125683,51.778172583635396,0.9750058603425147,4.9445353725959516,0.1463254848164499,0.50952868852459,0.13478361754050835,0.5099960337269545,0.005729060953638454,73.65993385018332,1.5630627721823827
length_scan,S15_19760125_160000,S15,length_scan,dropout,73.66min,1,4419.622641509434,33061,62340,Linear,0.851176381508256,0.37155119586208585,1.536413857043065,1.210586888157206,55.20567357637855,0.9882620091147452,2.6634129105416613,0.13503758983363157,0.4748859459210293,0.9332407194556755,0.47395958106450975,0.5681565794148987,73.65993385018332,0.7131933101702824
length_scan,S15_19760125_160000,S15,length_scan,dropout,73.66min,1,4419.622641509434,33061,62340,FFT,0.9125000295185735,0.397586121715235,1.6471059587206642,1.2954137982115241,54.60140711862054,0.996981763628248,3.2672864565861484,0.13216830185738815,0.6530867765802669,0.04456603033382612,0.6524261616886339,0.11189879772357775,73.65993385018332,0.7453978727575993
length_scan,S15_19760125_160000,S15,length_scan,dropout,73.66min,1,4419.622641509434,33061,62340,SSA,0.8514725762278162,0.3716476738246562,1.536948502601144,1.2109012323385313,55.20265156216976,0.9882117923909524,2.670861606930825,0.1350263611592887,0.47557243946160005,0.9300937447120529,0.47472117988151985,0.2490373166609034,73.65993385018332,0.7112700456479026
length_scan,S15_19760125_160000,S15,length_scan,dropout,90.00min,1,5400.1509433962265,29813,65588,DSSRR,1.1619401111085437,0.5432075471698113,1.897413737400614,1.448512969588551,52.50238997897671,0.9915955291335865,4.144509773183574,0.17501632901818243,0.1573121645796065,0.04698020900690674,0.15733393467140047,0.03930776271182235,90.00000000000003,1.150333836975955
length_scan,S15_19760125_160000,S15,length_scan,dropout,90.00min,1,5400.1509433962265,29813,65588,Linear,0.8012416004089059,0.38781787328202205,1.3084037680240581,1.0341520883023507,55.730795067237864,0.98850685100126,2.963972000670735,0.17530794921970713,0.7931152905560448,0.9434468853578294,0.7928003972979478,0.573339235093651,90.00000000000003,0.23636337444575592
length_scan,S15_19760125_160000,S15,length_scan,dropout,90.00min,1,5400.1509433962265,29813,65588,FFT,0.9104932637457637,0.43210839185306976,1.486808493764571,1.1522568365044403,54.620530121581794,0.9954254635235468,3.2914314262883058,0.1722141309957864,0.3286682602666321,0.06503796050092091,0.3278828422268283,0.12730413961666082,90.00000000000003,0.7263869198934656
length_scan,S15_19760125_160000,S15,length_scan,dropout,90.00min,1,5400.1509433962265,29813,65588,SSA,0.8017206856176663,0.38817376020624483,1.309186099959927,1.0351010935732268,55.72560307811785,0.9884932160584311,2.967910418736786,0.17529092399060642,0.794098766012568,0.923935239638912,0.7937869535367978,0.17853815680643953,90.00000000000003,0.23675325484656676
length_scan,S16_19761114_230000,S16,length_scan,dropout,02.00min,1,120.15094339622641,47303,48098,DSSRR,0.40014410402157435,0.02881551362683438,4.380604808980412,3.4535175879396984,61.466890220284384,0.9998256378266254,6.058580515300791,0.010359719819661498,0.6922110552763818,0.2537276364051675,0.6900546558621413,0.00834333629813816,2.0,0.8923408638218044
length_scan,S16_19761114_230000,S16,length_scan,dropout,02.00min,1,120.15094339622641,47303,48098,Linear,0.44155586105224914,0.03443284434028025,4.833962837184975,4.126750439777306,60.61150558624658,0.9997865057882974,6.680282946969764,0.007559900667598888,2.393722060742861,0.6837734774668288,2.3892766395344234,0.28514552838795026,2.0,0.3461848682926425
length_scan,S16_19761114_230000,S16,length_scan,dropout,02.00min,1,120.15094339622641,47303,48098,FFT,0.44129557515082907,0.032569185107938964,4.831113339566464,3.903392285549469,60.6166272060047,0.9997380608055996,7.908426456605179,0.007434687381093466,1.4922323868660177,0.12581739950606424,1.4890425320378988,0.06289358614310175,2.0,0.6035768686668587
length_scan,S16_19761114_230000,S16,length_scan,dropout,02.00min,1,120.15094339622641,47303,48098,SSA,0.44099704364941883,0.03457972433023431,4.827845145639411,4.14435389585974,60.62250510120279,0.9997856993378444,6.674795660488123,0.0075516693633745115,2.3860652582518105,0.6678728474953678,2.3818809479873857,0.2655595986962036,2.0,0.3527146264204174
length_scan,S16_19761114_230000,S16,length_scan,dropout,02.44min,1,146.71698113207546,47215,48186,DSSRR,0.4876246279442598,0.03626834381551362,4.830884863011204,3.5596707818930042,59.749506023299546,0.9997815380852246,7.203231464092026,0.01281050560015623,0.8703703703703705,0.17691238280907196,0.8741171507957207,0.07847184069850605,2.443662254246677,0.8245613647283109
length_scan,S16_19761114_230000,S16,length_scan,dropout,02.44min,1,146.71698113207546,47215,48186,Linear,0.3879236875627196,0.032523673783345294,3.843150166862466,3.1921383528098155,61.736292672671276,0.999867673510227,6.526606780667338,0.007898402022594673,2.9472295179729233,0.7702016126696016,2.945598075870629,0.30907847970619834,2.443662254246677,0.07503026308628115
length_scan,S16_19761114_230000,S16,length_scan,dropout,02.44min,1,146.71698113207546,47215,48186,FFT,0.5499789088003276,0.046734619047297705,5.448627147279013,4.586916313901441,58.70429796223604,0.9995589315268945,10.168633434965864,0.008437172822900752,1.1453361900360446,0.2341658251552963,1.147457704572819,0.054610270464468536,2.443662254246677,0.7570872858367205
length_scan,S16_19761114_230000,S16,length_scan,dropout,02.44min,1,146.71698113207546,47215,48186,SSA,0.3883362524685497,0.03248235915332872,3.8472374369558295,3.188083398382263,61.72705995720275,0.999869034193847,6.507484425944713,0.007911210917405143,2.9324031394755936,0.5300408666682767,2.930777633184681,0.12083421169733702,2.443662254246677,0.09136532559458294
length_scan,S16_19761114_230000,S16,length_scan,dropout,02.99min,1,179.16981132075472,47107,48293,DSSRR,0.5326154760078032,0.04715932914046122,4.774881624083482,3.7902274641954508,58.98294303404369,0.9997385969562714,7.553197429650758,0.017360952117245074,0.49115417017691665,0.1484241615594414,0.4928952934727825,0.07670292779887578,2.985742606414975,1.04621246691673
length_scan,S16_19761114_230000,S16,length_scan,dropout,02.99min,1,179.16981132075472,47107,48293,Linear,0.40609219106569006,0.03763674480655612,3.640604203500375,3.0248908631385465,61.33872589596726,0.9997958491038581,6.791853463037224,0.00844751885935857,1.7923336141533273,0.8202238232790577,1.7890516670171124,0.31150043608838596,2.985742606414975,0.4062044488310401
length_scan,S16_19761114_230000,S16,length_scan,dropout,02.99min,1,179.16981132075472,47107,48293,FFT,0.4486777094830051,0.03889868947986312,4.022382087363305,3.1263142176739196,60.472528780046105,0.9997533665058531,6.4427290718156875,0.008648391141390899,0.848641605644942,0.1906448773923536,0.8495863663954876,0.0700417499824546,2.985742606414975,0.8575994191000437
length_scan,S16_19761114_230000,S16,length_scan,dropout,02.99min,1,179.16981132075472,47107,48293,SSA,0.40580152315365253,0.03763155944288501,3.637998374465324,3.0244741119218452,61.34494520637431,0.9997966617698982,6.7853285424203165,0.008451263090647719,1.7951342520159623,0.8182388024143301,1.7917902806260333,0.306559496985426,2.985742606414975,0.4059956365673152
length_scan,S16_19761114_230000,S16,length_scan,dropout,03.65min,1,219.0188679245283,46975,48425,DSSRR,0.545767015511313,0.052327044025157234,4.425351438578368,3.440385940730531,58.77107296845777,0.9997160602858812,8.553080509832181,0.015052595201216781,0.9276361130254995,0.10538337818623805,0.9258396898143938,0.0520367781412151,3.6480732540961824,0.8016637265808785
length_scan,S16_19761114_230000,S16,length_scan,dropout,03.65min,1,219.0188679245283,46975,48425,Linear,0.4951408659197901,0.04839345426823986,4.014849342341141,3.181761224803641,59.616643225607774,0.99974854409406,7.075161141106375,0.009721225480336916,2.209251527871915,0.8239626640165586,2.2126289063063647,0.33017837279182877,3.6480732540961824,0.24439682313272998
length_scan,S16_19761114_230000,S16,length_scan,dropout,03.65min,1,219.0188679245283,46975,48425,FFT,0.6544332600289426,0.06807712085750353,5.306471601273567,4.475918214890308,57.19391139804155,0.9993351935428975,11.300485486657172,0.009846155308529286,1.0001719338651205,0.16382267718858398,0.9969832764436166,0.057397003383648726,3.6480732540961824,0.8102932704507709
length_scan,S16_19761114_230000,S16,length_scan,dropout,03.65min,1,219.0188679245283,46975,48425,SSA,0.49542828529943345,0.0483273610941116,4.017179882166799,3.1774157466424855,59.611602703038706,0.99974796020572,7.068426467693645,0.009733867639189205,2.199989340389217,0.8032403867565315,2.20337000288799,0.323093660340355,3.6480732540961824,0.25033696475228373
length_scan,S16_19761114_230000,S16,length_scan,dropout,04.46min,1,267.47169811320754,46815,48586,DSSRR,0.583697101311686,0.06449685534591194,4.282820424681348,3.4723476297968396,58.187467930943214,0.9996779716739339,9.004816943533214,0.015730984311575418,0.5716704288939052,0.13474839421948673,0.5728937963069265,0.03707682454495276,4.457329455880843,0.9008056323257098
length_scan,S16_19761114_230000,S16,length_scan,dropout,04.46min,1,267.47169811320754,46815,48586,Linear,0.5607057814073675,0.06338381688523757,4.114123862277113,3.4124244530765595,58.536517980226854,0.9994407243274951,7.851593925352509,0.011835450066258045,2.5746439252443545,0.8900849616898809,2.5665273310123853,0.33126678136440085,4.457329455880843,0.32787443443446035
length_scan,S16_19761114_230000,S16,length_scan,dropout,04.46min,1,267.47169811320754,46815,48586,FFT,0.5990931357508255,0.06604388859562255,4.395787322421404,3.555635988725954,57.96133179063102,0.9997045400324458,9.10256849948631,0.010472698717751432,1.333933321605627,0.1080109300500952,1.3367808375573402,0.05183978017998825,4.457329455880843,0.7233882123662548
length_scan,S16_19761114_230000,S16,length_scan,dropout,04.46min,1,267.47169811320754,46815,48586,SSA,0.5604958591901348,0.06342654178320455,4.112583578527993,3.4147246535653006,58.539770492828936,0.999441228445673,7.846374106097056,0.011809507889550814,2.5736582858069523,0.8858479055842333,2.565494228789471,0.32714884511947834,4.457329455880843,0.328937657453964
length_scan,S16_19761114_230000,S16,length_scan,dropout,05.45min,1,326.79245283018867,46618,48782,DSSRR,0.6646273841397355,0.07910901467505241,4.411877732555696,3.4859122401847573,57.059654038034566,0.9996803494429917,10.442432590026883,0.018494267569842748,0.7681293302540415,0.153275881069014,0.7671932804424695,0.08407057574148491,5.446103873038947,0.7645599117545514
length_scan,S16_19761114_230000,S16,length_scan,dropout,05.45min,1,326.79245283018867,46618,48782,Linear,0.5462721788913611,0.06764778132023205,3.626221427943399,2.9808768304619577,58.763037004723614,0.9997392046921773,8.408715156805282,0.012716726846358077,1.8988392946630586,0.9531074797651372,1.8975081637393962,0.32155792738626565,5.446103873038947,0.33786045206990867
length_scan,S16_19761114_230000,S16,length_scan,dropout,05.45min,1,326.79245283018867,46618,48782,FFT,0.680357769285039,0.0801782799844401,4.5162979499635565,3.533029057974866,56.85647169162921,0.9996165095638377,10.959234382732742,0.01219490322707237,1.3473622124782483,0.12530712760901805,1.3509295883532522,0.021916372523734295,5.446103873038947,0.7403448385856305
length_scan,S16_19761114_230000,S16,length_scan,dropout,05.45min,1,326.79245283018867,46618,48782,SSA,0.5461788056673763,0.06770611684346639,3.6256016050809254,2.983447365758288,58.764521793573856,0.9997389183709063,8.410432804417832,0.012724352126090804,1.8951217642273823,0.9451754793389843,1.8937495503965025,0.31832494461014976,5.446103873038947,0.3404737178209531
length_scan,S16_19761114_230000,S16,length_scan,dropout,06.65min,1,399.39622641509436,46378,49023,DSSRR,0.7491504622533044,0.10147798742138364,4.4982989982382255,3.6587301587301586,56.01983762580679,0.9996124116149978,12.291595804088862,0.020848406895233554,0.6171579743008314,0.11864745639050889,0.6177212769539165,0.050370150777821865,6.654219233625958,0.8145045407841616
length_scan,S16_19761114_230000,S16,length_scan,dropout,06.65min,1,399.39622641509436,46378,49023,Linear,0.5636349465038502,0.07817818360091208,3.384364881260729,2.8186692046587347,58.491260414278514,0.9997173332870672,8.980301762269592,0.013924796318516114,2.3092706670881427,0.9505291233773333,2.307897540195209,0.3178870557399923,6.654219233625958,0.1723551767183459
length_scan,S16_19761114_230000,S16,length_scan,dropout,06.65min,1,399.39622641509436,46378,49023,FFT,0.7996785755892165,0.10456273165393315,4.801696744157187,3.769948828339086,55.45290944502853,0.9993685367154694,12.819182171362037,0.0139272075367324,1.4202392459274957,0.14740655755788154,1.4238380658814034,0.02602400541693628,6.654219233625958,0.7886701797381631
length_scan,S16_19761114_230000,S16,length_scan,dropout,06.65min,1,399.39622641509436,46378,49023,SSA,0.5632994282304842,0.07816590301424306,3.382350250570343,2.818226435207403,58.49643245418686,0.999717555119562,8.977725010564857,0.01390971281796213,2.3087433603692773,0.9445461948662909,2.307358417427257,0.30688688457523017,6.654219233625958,0.1730748977943751
length_scan,S16_19761114_230000,S16,length_scan,dropout,08.13min,1,487.8490566037736,46085,49316,DSSRR,0.7806155180382314,0.11567085953878407,4.241072452169905,3.4142945544554455,55.662475052959365,0.9996205897869342,12.011288836970671,0.024927440445601794,0.604888613861386,0.1930311095845517,0.6048226577249682,0.04492335217115773,8.130332186347001,1.0080772633999846
length_scan,S16_19761114_230000,S16,length_scan,dropout,08.13min,1,487.8490566037736,46085,49316,Linear,0.7749484327200501,0.1129979035639413,4.210283262265717,3.3353960396039604,55.72576257693436,0.9992811690608058,9.388523936978924,0.018957204899083226,3.3353960396039604,0.3977738580316083,3.3430663028005543,0.3484940516241794,8.130332186347001,0.0
length_scan,S16_19761114_230000,S16,length_scan,dropout,08.13min,1,487.8490566037736,46085,49316,FFT,0.9584693034386087,0.1468254277727266,5.20734941226838,4.33389412423209,53.8796544936273,0.9989165411816289,14.480324599377848,0.018741238407363445,2.5414108910890754,0.18072199672431902,2.5426709654479933,0.03101017529967065,8.130332186347001,0.9352545158918616
length_scan,S16_19761114_230000,S16,length_scan,dropout,08.13min,1,487.8490566037736,46085,49316,SSA,0.7747557685123864,0.11285502170190144,4.209236520502634,3.3311785489979564,55.72792229238491,0.9992806107617265,9.398913515818588,0.01892205839156072,3.312854773240928,0.365231481800798,3.3205206304788586,0.06437003987922213,8.130332186347001,0.033487139882968475
length_scan,S16_19761114_230000,S16,length_scan,dropout,09.93min,1,596.0754716981132,45726,49674,DSSRR,0.866412638145811,0.1420964360587002,4.258487718667037,3.4327677893137505,54.75672309022801,0.9991181542692739,12.760100443454206,0.028270325202695252,0.39706254748037484,0.23806026651776296,0.398245392856379,0.016085748934810296,9.93389293913151,1.0890156773200095
length_scan,S16_19761114_230000,S16,length_scan,dropout,09.93min,1,596.0754716981132,45726,49674,Linear,1.146355802387176,0.20063015418093041,5.634430859798844,4.846826211410675,52.32482999162294,0.996886231840029,10.465257399224514,0.026448301020670344,4.788805818489539,0.9825226633911975,4.78007181202461,0.32688351025024076,9.93389293913151,0.0926307179217811
length_scan,S16_19761114_230000,S16,length_scan,dropout,09.93min,1,596.0754716981132,45726,49674,FFT,0.9377957990916584,0.15348766267019143,4.609341689193221,3.707957209100092,54.069053003192586,0.9990941886817011,16.25042666917578,0.01784528131219447,0.4195907284010554,0.13943018131887142,0.4159037716000541,0.015414336247421723,9.93389293913151,1.0193184735762728
length_scan,S16_19761114_230000,S16,length_scan,dropout,09.93min,1,596.0754716981132,45726,49674,SSA,1.1466353733299428,0.20092482504339274,5.635804973441526,4.85394487443395,52.322711952624246,0.9968951679139615,10.48672877452772,0.026461928187336146,4.7765666315416295,0.8823053351263831,4.767845077261565,0.09902449538319574,9.93389293913151,0.10013723326703326
length_scan,S16_19761114_230000,S16,length_scan,dropout,12.14min,1,728.3018867924528,45288,50112,DSSRR,1.1930485236880408,0.21430817610062894,5.304978598209529,4.237305699481865,51.97805650918429,0.9972827111454942,18.612427591436774,0.03481255344589418,0.6256994818652849,0.33909997690889887,0.6280634703210439,0.007934531942318523,12.137539606541626,1.251388412207215
length_scan,S16_19761114_230000,S16,length_scan,dropout,12.14min,1,728.3018867924528,45288,50112,Linear,0.8463762998326868,0.15563882437982243,3.7634748859705436,3.0772940613129656,54.95994878682999,0.9991395338871569,11.4438203688403,0.025900265490388093,1.9896552138781942,0.9830286710545851,1.9830878902895257,0.3224067756590227,12.137539606541626,0.47007051159128277
length_scan,S16_19761114_230000,S16,length_scan,dropout,12.14min,1,728.3018867924528,45288,50112,FFT,1.0646719765392436,0.19218636222170396,4.734142775848222,3.7999127369845715,52.96690220123358,0.9989275320469537,16.283855338776053,0.021689336572455344,1.92282383419691,0.12026751223689448,1.922840692244561,0.01335174178586912,12.137539606541626,0.9971000685162053
length_scan,S16_19761114_230000,S16,length_scan,dropout,12.14min,1,728.3018867924528,45288,50112,SSA,0.8464605477966316,0.15566356345304327,3.763849500780248,3.0777832027814145,54.95908423981983,0.9991343833642212,11.43885685176526,0.025889236022159718,1.9843800088811816,0.9734955042336896,1.9777547349278624,0.2753003348581779,12.137539606541626,0.47417029245839015
length_scan,S16_19761114_230000,S16,length_scan,dropout,14.83min,1,889.811320754717,44753,50647,DSSRR,1.1190648237097662,0.22412997903563942,4.501813789585081,3.627141645462256,52.53411377252448,0.9988035559973901,19.05302816902068,0.030042159628939625,0.32569974554707387,0.11379295679173472,0.3252637118193,0.0210804526596845,14.830023697964915,1.0631301340226096
length_scan,S16_19761114_230000,S16,length_scan,dropout,14.83min,1,889.811320754717,44753,50647,Linear,1.5960367547423437,0.3512544730606544,6.420593444591354,5.6844235335006665,49.450360894576875,0.992036401799229,13.118625981842392,0.03471992946458937,5.662561930113486,0.9577343663207007,5.6532036683031865,0.3320377892270568,14.830023697964915,0.09349820348590467
length_scan,S16_19761114_230000,S16,length_scan,dropout,14.83min,1,889.811320754717,44753,50647,FFT,1.0433766968791276,0.20843775713613938,4.1973328999575426,3.3731911841879048,53.14239600605629,0.9985676689263876,18.374043040704375,0.024171805301983845,0.32400335770473043,0.11318923500511106,0.3178101753031733,0.02595431729523151,14.830023697964915,0.972076313039188
length_scan,S16_19761114_230000,S16,length_scan,dropout,14.83min,1,889.811320754717,44753,50647,SSA,1.5957055820986454,0.3513219250114706,6.419261191497032,5.685515122323037,49.45216337657013,0.9920273037243302,13.113860284603511,0.03468537029293464,5.6558849657559955,0.8930799359428016,5.646293077292526,0.08721992025752329,14.830023697964915,0.09791274602497577
length_scan,S16_19761114_230000,S16,length_scan,dropout,18.12min,1,1087.245283018868,44099,51301,DSSRR,1.2442235503263,0.2672955974842767,4.528098830925564,3.540191586838817,51.61325031655867,0.9987109954002683,20.864134992921027,0.03701218049212778,0.4164931278633901,0.14070063897915727,0.41723206905585863,0.037074725074313364,18.11978457015029,0.924618448531702
length_scan,S16_19761114_230000,S16,length_scan,dropout,18.12min,1,1087.245283018868,44099,51301,Linear,0.9036265160469478,0.20266247379454927,3.288565121462671,2.684159378036929,54.39143933466664,0.9991753725379178,15.796504498106017,0.032167922495915255,2.684159378036929,0.36825460389386216,2.6853261890493108,0.36289818543035923,18.11978457015029,0.0
length_scan,S16_19761114_230000,S16,length_scan,dropout,18.12min,1,1087.245283018868,44099,51301,FFT,1.1193491386927976,0.25162442800075335,4.0736437796754155,3.332635073062872,52.531907273977005,0.9986891844687286,18.14922465485622,0.031267174569574244,0.5708163155526729,0.0865567539987717,0.5691755834486069,0.0031689502285338067,18.11978457015029,0.8218715016707165
length_scan,S16_19761114_230000,S16,length_scan,dropout,18.12min,1,1087.245283018868,44099,51301,SSA,0.9036596848632055,0.20274626208554408,3.2886858326307564,2.6852691105040827,54.39112051335619,0.9991750451102196,15.800364370052007,0.032166959944093486,2.67785782208263,0.3349904695919463,2.6790239242388605,0.023547074556795833,18.11978457015029,0.013046659982358403
length_scan,S16_19761114_230000,S16,length_scan,dropout,22.14min,1,1328.4528301886792,43300,52100,DSSRR,1.4597104908101237,0.35945492662473794,4.805901950471969,3.896375411885013,50.2258840770167,0.9973372096421692,22.5984378692737,0.04645161810207345,0.22588342233837083,0.13922529887550872,0.22618035859363708,0.0253477670661445,22.139316804578815,1.0613909849899659
length_scan,S16_19761114_230000,S16,length_scan,dropout,22.14min,1,1328.4528301886792,43300,52100,Linear,1.1006150366198366,0.27160410226949566,3.623628099209223,2.9441008245097016,52.67850982533949,0.9984953609942638,16.509402806405227,0.03906666396943489,1.1309671772286518,0.9734249698974349,1.1277482190231711,0.3263689275093435,22.139316804578815,0.5478711516216742
length_scan,S16_19761114_230000,S16,length_scan,dropout,22.14min,1,1328.4528301886792,43300,52100,FFT,1.4170264184034473,0.3451594734549677,4.6653703394951345,3.741417312533112,50.48365972013433,0.9986029665349176,22.69673445110959,0.03564441557924216,1.1233166685604323,0.05835028723984973,1.1251176937361087,0.005936553131382305,22.139316804578815,0.9091594187302376
length_scan,S16_19761114_230000,S16,length_scan,dropout,22.14min,1,1328.4528301886792,43300,52100,SSA,1.1008289871420633,0.2718890722100948,3.624332502745779,2.947189806708675,52.67682152383387,0.9984970834922146,16.500806076450157,0.03906542076621008,1.129257944379709,0.9701003307626459,1.1261181911778162,0.2743833363792258,22.139316804578815,0.5493345747924114
length_scan,S16_19761114_230000,S16,length_scan,dropout,27.05min,1,1623.0943396226414,42324,53076,DSSRR,1.4878931399153394,0.4018343815513627,4.431809722090405,3.565051613503208,50.05978383407209,0.9979753598285188,21.989367082925053,0.05564401934606058,0.2026411234074211,0.058041265292479674,0.20231119455435187,0.022140388273900857,27.050506405079197,1.047311757277182
length_scan,S16_19761114_230000,S16,length_scan,dropout,27.05min,1,1623.0943396226414,42324,53076,Linear,2.3921816389887693,0.7187820874218125,7.125305951259254,6.376993503212211,45.935335609135294,0.9867721925539275,17.561220884479248,0.054019651641404404,6.333530607415249,0.9666271793108057,6.34330158168039,0.33655157269400066,27.050506405079197,0.2747049532821525
length_scan,S16_19761114_230000,S16,length_scan,dropout,27.05min,1,1623.0943396226414,42324,53076,FFT,1.5642323355515109,0.42631888089841424,4.659192173370606,3.7822766890829276,49.62519347624878,0.9981618984495793,22.355431390502456,0.0431187925565985,1.2662098949129912,0.02657158645885664,1.2683541574650787,0.023562555077282332,27.050506405079197,0.8904478980222789
length_scan,S16_19761114_230000,S16,length_scan,dropout,27.05min,1,1623.0943396226414,42324,53076,SSA,2.3919839812950783,0.7187878793449681,7.1247172118766695,6.377044888822649,45.93605332380103,0.9867825730401515,17.561072263380822,0.05399964924021354,6.332818637405196,0.9644870219463102,6.342508256032407,0.26977152378470415,27.050506405079197,0.275174699943643
length_scan,S16_19761114_230000,S16,length_scan,dropout,33.05min,1,1983.0943396226414,41132,54269,DSSRR,1.740761779315896,0.5067505241090147,4.690821437051351,3.6797077180697215,48.69643180993965,0.9966161636974356,26.825503519467855,0.06322854905755045,0.20809864515146898,0.13135533545251143,0.2081730998630079,0.00808085045163276,33.051150730174996,1.065099478094962
length_scan,S16_19761114_230000,S16,length_scan,dropout,33.05min,1,1983.0943396226414,41132,54269,Linear,1.1808078980714154,0.3551505990694881,3.181916714353474,2.5788831748537953,52.06763367531774,0.9986345101996894,18.90643566690594,0.05664124170357409,2.0471845001298865,0.9758363015193006,2.0457001546753646,0.34161836679273244,33.051150730174996,0.18483111762780316
length_scan,S16_19761114_230000,S16,length_scan,dropout,33.05min,1,1983.0943396226414,41132,54269,FFT,1.5905511640545966,0.4715652223486339,4.286049697165562,3.424213899532629,49.48026578569809,0.9969736260080041,25.81651002302812,0.053443844341243434,1.020914900981694,0.08347467238031375,1.0190130368923749,0.03765397886937161,33.051150730174996,0.9073352804925513
length_scan,S16_19761114_230000,S16,length_scan,dropout,33.05min,1,1983.0943396226414,41132,54269,SSA,1.1809809713538661,0.3552897245480631,3.1823830940001017,2.5798934177108555,52.06636066107602,0.9986400915137272,18.906968774445758,0.056627916728522736,2.048213566910655,0.9755839438748064,2.046734161849532,0.2217937311201389,33.051150730174996,0.18456676287729423
length_scan,S16_19761114_230000,S16,length_scan,dropout,40.38min,1,2423.0943396226417,39674,55726,DSSRR,1.7765565118600324,0.5782075471698114,4.3308696377976545,3.436180153242385,48.51963812533265,0.9969812907601784,26.5432070481087,0.05999105965023992,0.18669407587366849,0.06516865518568941,0.1868103390667945,0.013369449461535399,40.38292474937306,0.9869428404332172
length_scan,S16_19761114_230000,S16,length_scan,dropout,40.38min,1,2423.0943396226417,39674,55726,Linear,1.3571542633393374,0.4529201947880829,3.3084555169878294,2.691620667961322,50.858634356097824,0.9981506554187322,20.60279808213984,0.06942232355513825,1.863161570402564,0.9721790368263972,1.8640521773973826,0.34407338616976685,40.38292474937306,0.27120048100103805
length_scan,S16_19761114_230000,S16,length_scan,dropout,40.38min,1,2423.0943396226417,39674,55726,FFT,1.6827543077669964,0.558393963067735,4.102199671515695,3.318431699785829,48.99080444236708,0.9966940181331788,27.023189575152124,0.0663180276570266,0.46321334197848507,0.12326980408685395,0.46006553283500634,0.05408274717089645,40.38292474937306,0.8472479382721986
length_scan,S16_19761114_230000,S16,length_scan,dropout,40.38min,1,2423.0943396226417,39674,55726,SSA,1.357316863754027,0.45298541626236105,3.308851902464098,2.6920082670796264,50.85759376351632,0.9981504515245242,20.602141336737212,0.06940246693780511,1.8636964271779344,0.9718258247097249,1.8646037561380937,0.21412440275853645,40.38292474937306,0.2710922148332231
length_scan,S16_19761114_230000,S16,length_scan,dropout,49.34min,1,2960.603773584906,37894,57507,DSSRR,2.0801170141251264,0.7475995807127883,4.58752948066875,3.6362292240236567,47.149463336627015,0.9953889843381715,31.065466255738936,0.08627596927718192,0.2555827470174364,0.10340335225444507,0.2560665852052277,0.005260765506739429,49.34111446306344,1.0973060743888023
length_scan,S16_19761114_230000,S16,length_scan,dropout,49.34min,1,2960.603773584906,37894,57507,Linear,1.6635932472338015,0.6067025038062365,3.6689200721414044,2.950923771954469,49.09027568577085,0.9975775438875676,22.03173999597964,0.08431291220303053,2.504233618082107,0.9816611971675135,2.5099262715496433,0.3402375394698192,49.34111446306344,0.184213042876042
length_scan,S16_19761114_230000,S16,length_scan,dropout,49.34min,1,2960.603773584906,37894,57507,FFT,2.3561996033608454,0.8685968323822495,5.19640725466788,4.224744458512624,46.066977091504135,0.9961406996193535,28.06978066864638,0.08110305889687149,3.075935046395376,0.12586226379174217,3.0726037454582644,0.054917301558041254,49.34111446306344,0.8263699464960712
length_scan,S16_19761114_230000,S16,length_scan,dropout,49.34min,1,2960.603773584906,37894,57507,SSA,1.6634264517492716,0.6066452525535705,3.668552218219088,2.95064530914707,49.091146595656,0.9975712965792027,22.030926379704226,0.08428844170429568,2.503646594573505,0.9765754545933494,2.5093428540363214,0.12717973827784568,49.34111446306344,0.18488743848821182
length_scan,S16_19761114_230000,S16,length_scan,dropout,60.29min,1,3617.2075471698113,35719,59682,DSSRR,2.869933782536203,1.1417400419287211,5.7261986249785055,4.5452345184443335,44.35378113338692,0.9836940971217636,34.938369450486356,0.10748247610634669,1.5605074278083793,0.5180173201418975,1.5594506045735443,0.010639020301957569,60.28650949792645,1.5760049824661344
length_scan,S16_19761114_230000,S16,length_scan,dropout,60.29min,1,3617.2075471698113,35719,59682,Linear,1.7600145335695545,0.7154862087049556,3.5116464579757376,2.8483301748644947,48.60089358087072,0.9964710992644414,24.88254123395353,0.10462623806904617,1.3483165930479974,0.9701592699778984,1.3490236039219667,0.3429731774349537,60.28650949792645,0.4541274138854043
length_scan,S16_19761114_230000,S16,length_scan,dropout,60.29min,1,3617.2075471698113,35719,59682,FFT,2.1345672260897017,0.8510000011446527,4.258967920910505,3.387806714621927,46.92502192178023,0.9936164621448141,30.845188036174335,0.1015541778452651,1.0515248039343783,0.16212028876535473,1.0534517225308366,0.07109465514380925,60.28650949792645,0.7660005608302024
length_scan,S16_19761114_230000,S16,length_scan,dropout,60.29min,1,3617.2075471698113,35719,59682,SSA,1.7600109850842285,0.7156183975371886,3.5116393779058357,2.848856414832573,48.60091109310281,0.9964720968587331,24.884638567543583,0.10462292820723267,1.3487616379569796,0.970490666058213,1.349466768395815,0.308349988308603,60.28650949792645,0.4539206847853931
length_scan,S16_19761114_230000,S16,length_scan,dropout,73.66min,1,4419.622641509434,33061,62340,DSSRR,2.717520219346611,1.2000943396226416,4.905253261845052,3.910143442622951,44.827762980805865,0.9771981410139919,36.6123202953974,0.13074594350349839,0.4578210382513659,0.18920445124372337,0.4580180333819978,0.0035925321529538534,73.65993385018332,1.1750966831263485
length_scan,S16_19761114_230000,S16,length_scan,dropout,73.66min,1,4419.622641509434,33061,62340,Linear,2.590230440581317,1.1770844249213344,4.675489156303965,3.8351726139854954,45.24445060379496,0.9893480646448903,28.19557761519056,0.1307820562869004,3.3298053795398386,0.9795426139902205,3.3206666648221512,0.339035557429151,73.65993385018332,0.35756867031642114
length_scan,S16_19761114_230000,S16,length_scan,dropout,73.66min,1,4419.622641509434,33061,62340,FFT,2.1333578088942824,0.9418466160389553,3.8508123237726535,3.068721556356432,46.92994462519272,0.9916570432411743,32.067896692489754,0.12634802722330604,0.8346048475165615,0.14601360006137648,0.8328891650206649,0.07132700766368205,73.65993385018332,0.6841942930683841
length_scan,S16_19761114_230000,S16,length_scan,dropout,73.66min,1,4419.622641509434,33061,62340,SSA,2.5902336436846176,1.1772218149831613,4.6754949380577875,3.83562025783448,45.24443986274886,0.9893556356355732,28.190650069161205,0.13074030181885785,3.329332467508788,0.9782728003185451,3.3202391337132946,0.13158444018589488,73.65993385018332,0.35791549391397065
length_scan,S16_19761114_230000,S16,length_scan,dropout,90.00min,1,5400.1509433962265,29813,65588,DSSRR,3.1592100225304782,1.5332075471698112,5.158896262187015,4.088439177101968,43.51964869199178,0.9895401156163512,45.90698006839374,0.14248350561350065,0.3706395348837211,0.12369096538735341,0.3694525983271527,0.002446338748700261,90.00000000000003,1.1569996496297292
length_scan,S16_19761114_230000,S16,length_scan,dropout,90.00min,1,5400.1509433962265,29813,65588,Linear,2.3409877836205224,1.159063638380982,3.822763615149574,3.090749974886675,46.12323571543782,0.9869462561255519,31.67769019493468,0.1698511551886245,0.9282166450417898,0.9927742228818768,0.9280405555771853,0.3409024917521503,90.00000000000003,0.6281067809117937
length_scan,S16_19761114_230000,S16,length_scan,dropout,90.00min,1,5400.1509433962265,29813,65588,FFT,2.4935433587116296,1.216188801636842,4.0718823443573635,3.2430794855812484,45.574880176353304,0.9812519030998152,34.45253831329023,0.16518440397637543,1.6658958252016531,0.2039331694906542,1.6704731581889947,0.077919548178921,90.00000000000003,0.637798965488994
length_scan,S16_19761114_230000,S16,length_scan,dropout,90.00min,1,5400.1509433962265,29813,65588,SSA,2.340830491135234,1.1589891207419714,3.822506761186514,3.0905512667370325,46.12381934559536,0.9870085103413078,31.67308054587673,0.1696662596733575,0.9281242668798035,0.9911278851639993,0.927988240509485,0.16032067259814184,90.00000000000003,0.628669526551874
