experiment,event,station,scenario,anom_type,level,n_segments,total_anom_sec,anom_start,anom_end,method,rmse,mae,rmse_anom,mae_anom,snr_db,psd_cos,amp_rmse,psd_log_rmse,wasserstein,acf_l2,envelope_dist,spec_entropy_err
E2r_full_v6,S12_19760113_070152_stationary,S12,stationary,dropout,small,1,299.92452830188677,256575,258561,Linear,0.18858729541762875,0.013280710163625831,2.2632808547940058,1.9128166077491624,68.75114574816959,0.999960624482171,1.9489380681521922,0.004511166591718952,1.5045572883703833,0.9520322875125896,1.5063311465323148,0.2605913245825213
E2r_full_v6,S12_19760113_070152_stationary,S12,stationary,dropout,small,1,299.92452830188677,256575,258561,CubicSpline,0.19230200046230286,0.01348261299374402,2.3078619109579392,1.941896610387831,68.58171835052005,0.9999550791195965,1.9504276820999813,0.004837732345425796,1.465926648060162,0.9870040094740624,1.4676460083446072,0.25246799142730925
E2r_full_v6,S12_19760113_070152_stationary,S12,stationary,dropout,small,1,299.92452830188677,256575,258561,FFT,0.2383292014500338,0.015456956427783821,2.8602452651207746,2.226260689078092,66.71784923584707,0.9999242479250665,3.279979471214569,0.002902477506856913,0.2685254872453671,0.10201697738935335,0.26758750669693326,0.01651091911576269
E2r_full_v6,S12_19760113_070152_stationary,S12,stationary,dropout,small,1,299.92452830188677,256575,258561,SSA,0.18865736411679562,0.013313082779784116,2.264121765869132,1.9174792257161934,68.74791914718455,0.9999606009273978,1.9466456898344986,0.004518167971508589,1.5027993449071988,0.9450761125886271,1.5045633336759099,0.2534959943503769
E2r_full_v6,S12_19760113_070152_stationary,S12,stationary,dropout,small,1,299.92452830188677,256575,258561,UNet,0.1520565942493644,0.009862709003422588,1.824867247009666,1.4205229499559637,70.62128921311879,0.9999749152141687,1.956914674469452,0.005583860166254701,0.9413675462773652,0.9580910510943607,0.9406413798077009,0.01785962966669613
E2r_full_v6,S12_19760113_070152_stationary,S12,stationary,dropout,small,1,299.92452830188677,256575,258561,DSSRR,0.1744552833203804,0.011600806465702496,2.0936792262824513,1.6708605938600907,69.4277118635896,0.9999793786095845,2.066350369202437,0.0053760286332962225,0.2586814292903875,0.24999971300996182,0.2592257596857359,0.17019324424894833
E2r_full_v6,S12_19760113_070152_stationary,S12,stationary,dropout,medium,1,899.9245283018868,254587,260548,Linear,0.25635769438807104,0.02918371554263471,1.776132340766156,1.4008721905400872,66.084467252574,0.999940308093461,3.061369207962078,0.006001000063622403,1.4008721905400872,0.43508155969943246,1.4005976568923162,0.3346795136613902
E2r_full_v6,S12_19760113_070152_stationary,S12,stationary,dropout,medium,1,899.9245283018868,254587,260548,CubicSpline,0.25635769438807104,0.02918371554263471,1.776132340766156,1.4008721905400872,66.084467252574,0.999940308093461,3.061369207962078,0.006001000063622403,1.4008721905400872,0.43508155969943246,1.4005976568923162,0.3346795136613902
E2r_full_v6,S12_19760113_070152_stationary,S12,stationary,dropout,medium,1,899.9245283018868,254587,260548,FFT,0.3753920478595358,0.04312254455024606,2.6008423825986147,2.0699617003021253,62.77169302307385,0.9998861178567968,4.137616703784472,0.005984144858710911,1.2691261321704528,0.07973210980284731,1.2686025182790017,0.017869249353701266
E2r_full_v6,S12_19760113_070152_stationary,S12,stationary,dropout,medium,1,899.9245283018868,254587,260548,SSA,0.25633321122893576,0.029183684036006807,1.7759627132039795,1.4008706781638174,66.08529682850784,0.9999404891189898,3.063938779817434,0.005994350183931729,1.3953131310406643,0.43447292898299805,1.3950390873767178,0.09030770598173446
E2r_full_v6,S12_19760113_070152_stationary,S12,stationary,dropout,medium,1,899.9245283018868,254587,260548,UNet,0.23925855228807497,0.027917705511455906,1.6576637324583245,1.340101373231639,66.68404498127883,0.9999426010412747,3.058610743298805,0.01890591139543737,1.2714858594175875,0.4134313087606743,1.271218541411625,0.10283549605286513
E2r_full_v6,S12_19760113_070152_stationary,S12,stationary,dropout,medium,1,899.9245283018868,254587,260548,DSSRR,0.3369223748016016,0.037028236782243776,2.334311547157941,1.7774236833277424,63.710797329437796,0.9998466932634437,3.283793744849856,0.011781232533756309,0.3443475343844349,0.4434818021706394,0.3450864905161304,0.0664335605809045
E2r_full_v6,S12_19760113_070152_stationary,S12,stationary,dropout,large,1,3600.0,245643,269492,Linear,0.5710493810467216,0.13203626450274905,1.9781281556355357,1.5843632045806395,59.12792108979201,0.9997593487073845,5.956952593518488,0.020583463935171437,1.3829111323294945,1.025621523147844,1.3816098257889475,0.30435920281998435
E2r_full_v6,S12_19760113_070152_stationary,S12,stationary,dropout,large,1,3600.0,245643,269492,CubicSpline,0.5738441582874494,0.13210130685713517,1.9878093281087106,1.5851436773804168,59.08551509471997,0.999759282781573,5.956999907192907,0.02058459709770317,1.3442915293540376,1.0298993513947157,1.3430037627563745,0.30418941536378963
E2r_full_v6,S12_19760113_070152_stationary,S12,stationary,dropout,large,1,3600.0,245643,269492,FFT,0.6749605867118699,0.15602072456014063,2.3380789557493475,1.8721636519787406,57.67582612044832,0.9996178276547789,8.807620763259285,0.018871442937187496,0.2705424677874964,0.09058740231314812,0.2685489951412439,0.058862476189302404
E2r_full_v6,S12_19760113_070152_stationary,S12,stationary,dropout,large,1,3600.0,245643,269492,SSA,0.5710550562712368,0.1320865217505456,1.9781478147434444,1.5849662641603102,59.12783476778468,0.9997600124000374,5.955705122101831,0.020577778342002594,1.3824010455763085,1.0206008354079938,1.3810985351269152,0.09898382712937814
E2r_full_v6,S12_19760113_070152_stationary,S12,stationary,dropout,large,1,3600.0,245643,269492,UNet,0.4705009072004563,0.11009201225059467,1.6298259356823237,1.3210441387824292,60.81018508960865,0.9997655368610806,5.956453746246946,0.021165756415588242,1.075348906127162,1.0108502008666262,1.0751153752867182,0.026393640477040847
E2r_full_v6,S12_19760113_070152_stationary,S12,stationary,dropout,large,1,3600.0,245643,269492,DSSRR,0.7353318234121452,0.16523112510351623,2.547206304575913,1.9826834381551364,56.93172716046515,0.9994956843600739,8.616202330699371,0.035923469611153766,0.3209643605870022,0.21907977793131586,0.3213450687106623,0.007001559005777425
E2r_full_v6,S12_19760113_070152_stationary,S12,stationary,spike,small,5,0.7547169811320755,253470,261641,Linear,0.0013217826627268628,3.494218814970631e-06,0.31622776601683794,0.2,111.83819088466075,0.9999999999695507,0.002100398558254138,0.00022556290061041112,0.2,0.0775327378316042,0.20032174629720886,4.973799150320701e-14
E2r_full_v6,S12_19760113_070152_stationary,S12,stationary,spike,small,5,0.7547169811320755,253470,261641,CubicSpline,0.0013217826627268628,3.494218814970631e-06,0.31622776601683794,0.2,111.83819088466075,0.9999999999695507,0.002100398558254138,0.00022556290061041112,0.2,0.0775327378316042,0.20032174629720886,4.973799150320701e-14
E2r_full_v6,S12_19760113_070152_stationary,S12,stationary,spike,small,5,0.7547169811320755,253470,261641,FFT,0.004004172541666179,1.3208147120588493e-05,0.9579718158693368,0.7559999999999718,102.21113845856202,0.9999999998379622,0.006257609571180082,0.0006771348114830922,0.7279999999999972,0.32367823932820333,0.7269810685468427,9.85478365578274e-12
E2r_full_v6,S12_19760113_070152_stationary,S12,stationary,spike,small,5,0.7547169811320755,253470,261641,SSA,0.0014184204407032815,4.901312322619092e-06,0.3393477156909161,0.280538373934678,111.22529260990044,0.9999999999747945,0.0022348389624159944,0.00024381531515613097,0.280538373934678,0.03110308809656121,0.2801218845434505,9.42579347906758e-13
E2r_full_v6,S12_19760113_070152_stationary,S12,stationary,spike,small,5,0.7547169811320755,253470,261641,UNet,0.00765610842597731,2.8535125061367218e-05,1.8316733394995304,1.6332763671875,96.58123281258439,0.9999999990966221,0.0123015425725173,0.0014470847383265617,1.6332763671875001,0.13974633080848187,1.6324582814801487,1.382893799473095e-12
E2r_full_v6,S12_19760113_070152_stationary,S12,stationary,spike,small,5,0.7547169811320755,253470,261641,DSSRR,0.0037385659362759037,6.988437629941262e-06,0.8944271909999159,0.4,102.8072931898057,0.9999999996958175,0.005992076230298785,0.0006353329118119738,0.3999999999999999,0.1324073962048234,0.4010830900253494,5.688116644364527e-12
E2r_full_v6,S12_19760113_070152_stationary,S12,stationary,spike,medium,10,5.283018867924528,252972,262176,Linear,0.0017485541064260215,5.241328222455947e-06,0.15811388300841897,0.04285714285714286,109.40781146313533,0.9999999999160764,0.004275661343858205,0.00012837068161374948,0.04285714285714286,0.022895809432584104,0.042958244002927276,0.0076788130301390645
E2r_full_v6,S12_19760113_070152_stationary,S12,stationary,spike,medium,10,5.283018867924528,252972,262176,CubicSpline,0.001856460689621438,5.241328222455947e-06,0.16787138997288542,0.04285714285714286,108.88767798225821,0.9999999999159258,0.004300626600959806,0.00015244835641291065,0.042857142857142864,0.02300837050131691,0.042970049229627105,0.003646271816893365
E2r_full_v6,S12_19760113_070152_stationary,S12,stationary,spike,medium,10,5.283018867924528,252972,262176,FFT,0.010735098493564074,0.00010348264198338912,0.9707266712864843,0.8461539103228622,93.64527368693109,0.9999999942356615,0.02946982548859746,0.0007779472011968996,0.5006720310005125,0.1962067147374198,0.500187579074509,0.022136078334851983
E2r_full_v6,S12_19760113_070152_stationary,S12,stationary,spike,medium,10,5.283018867924528,252972,262176,SSA,0.0021315534902137806,1.6186610412164446e-05,0.19274679458831373,0.13235421354360305,107.68746872659959,0.9999999997837837,0.005428061348493461,0.00013967793136764105,0.13235421354360302,0.045156114319048174,0.13123748385181833,0.01909429359853143
E2r_full_v6,S12_19760113_070152_stationary,S12,stationary,spike,medium,10,5.283018867924528,252972,262176,UNet,0.07927319941140608,0.0007093647014383842,7.168318859207363,5.800313023158482,76.27886666456293,0.9999996410042978,0.21054429527935928,0.011102330421558214,4.991544886997768,0.15994518094345658,5.014444441630808,0.10469847819119305
E2r_full_v6,S12_19760113_070152_stationary,S12,stationary,spike,medium,10,5.283018867924528,252972,262176,DSSRR,0.01831515782725283,0.00015374562785870776,1.65615734242165,1.2571428571428571,89.00518107046642,0.9999999855533497,0.050769084505470165,0.0012740007961893887,0.7428571428571429,0.2448295993425763,0.7430374784836951,0.11221168278692017
E2r_full_v6,S12_19760113_070152_stationary,S12,stationary,spike,large,20,23.547169811320753,252795,262337,Linear,0.008543881543161413,8.632686916466304e-05,0.36594672961649477,0.15836940836940655,95.62828996437881,0.9999999878660023,0.02613382406735804,0.0005191999808669834,0.1517649017649016,0.03748944203132613,0.15172806104553893,0.008559160532753296
E2r_full_v6,S12_19760113_070152_stationary,S12,stationary,spike,large,20,23.547169811320753,252795,262337,CubicSpline,0.008581505958504518,7.977785005492037e-05,0.36755823741643184,0.14635502290812497,95.59012416629913,0.999999987777193,0.02618335844724485,0.0005153833632934023,0.1424136525755696,0.03838840448924309,0.1423649146405152,0.005497856971853565
E2r_full_v6,S12_19760113_070152_stationary,S12,stationary,spike,large,20,23.547169811320753,252795,262337,FFT,0.03509327746965543,0.0006793252924223641,1.5030955259233054,1.246244022195379,83.35691578488586,0.9999999253702723,0.0977180904746542,0.002975593695994562,0.31738138436354985,0.15868816411634357,0.316560283868385,0.1725236313331051
E2r_full_v6,S12_19760113_070152_stationary,S12,stationary,spike,large,20,23.547169811320753,252795,262337,SSA,0.009079748669711242,0.00012049794150366042,0.3888986890367255,0.22105733580197479,95.09991779440354,0.9999999858087312,0.028470487540335907,0.0005377715152922182,0.189163927288832,0.04437823138078303,0.18864744002529701,0.010949325196651816
E2r_full_v6,S12_19760113_070152_stationary,S12,stationary,spike,large,20,23.547169811320753,252795,262337,UNet,0.5254524842135327,0.009568826945155179,22.505885316342386,17.554319724058495,59.85072540029755,0.9998760769003253,1.5403719082822849,0.09665077892490219,16.56132155198317,0.1892322085429858,16.36138014891244,0.03297449458846502
E2r_full_v6,S12_19760113_070152_stationary,S12,stationary,spike,large,20,23.547169811320753,252795,262337,DSSRR,0.04262621005654535,0.0007896934521833626,1.8257418583505538,1.4487179487179487,81.66785997507075,0.9999998309035946,0.1618797247082356,0.003293160334594525,0.4102564102564102,0.1488536067250175,0.41055059593957327,0.004348209864740049
E2r_full_v6,S12_19760113_070152_transient,S12,transient,dropout,small,1,299.92452830188677,65257,67243,Linear,0.16779932867837818,0.01080649389528687,2.013799536199082,1.5564559981934893,69.76559001260006,0.9999604297112646,1.899372906925652,0.00424897558751698,0.8161915630673827,1.0223396212917177,0.8141811803722085,0.2511279108433182
E2r_full_v6,S12_19760113_070152_transient,S12,transient,dropout,small,1,299.92452830188677,65257,67243,CubicSpline,0.17593066100931234,0.011219177236227562,2.1113855838053968,1.6158946530972607,69.35456370382167,0.9999456621580364,1.898990021262788,0.004998289168877447,0.7697926785607022,1.057107436306199,0.7679212635685603,0.24300457768801095
E2r_full_v6,S12_19760113_070152_transient,S12,transient,dropout,small,1,299.92452830188677,65257,67243,FFT,0.18072332811248898,0.012318470546507695,2.168903518266462,1.774225531098841,69.12111007773368,0.9999582909357064,2.166829186610926,0.0030498721255625724,0.8532336056876214,0.23021540240238172,0.8535747825503959,0.017986765625690404
E2r_full_v6,S12_19760113_070152_transient,S12,transient,dropout,small,1,299.92452830188677,65257,67243,SSA,0.16795373821963716,0.010833553298247728,2.0156526417211436,1.5603533556948275,69.75760090118948,0.9999604141292984,1.900936378394102,0.0042525488073341085,0.8153745784608035,1.019705474175373,0.8133898262675935,0.2461109050064468
E2r_full_v6,S12_19760113_070152_transient,S12,transient,dropout,small,1,299.92452830188677,65257,67243,UNet,0.143376444743528,0.009839581557332925,1.7206947143382378,1.4171919109956908,71.13183824982544,0.9999783247596462,1.85197669767312,0.002903087938052871,1.0140414648339204,0.9304971608990118,1.014254361380783,0.10988267859487705
E2r_full_v6,S12_19760113_070152_transient,S12,transient,dropout,small,1,299.92452830188677,65257,67243,DSSRR,0.22010757340347878,0.015021646685558743,2.641563185770638,2.163563160543533,67.40869467458046,0.9999372144024122,2.3504576765559935,0.008603428480798266,0.32863613487669846,0.3637531808310786,0.3290242491192772,0.12758597881824196
E2r_full_v6,S12_19760113_070152_transient,S12,transient,dropout,medium,1,899.9245283018868,63269,69230,Linear,0.2619649260869206,0.02964641445471047,1.8149811281461043,1.4230825920077537,65.896531423217,0.9999221609439471,3.4097844435119344,0.006309159231449034,1.190428952373923,0.9693460284303891,1.1908007595724297,0.28354153263159854
E2r_full_v6,S12_19760113_070152_transient,S12,transient,dropout,medium,1,899.9245283018868,63269,69230,CubicSpline,0.2634872151361266,0.029679147261913636,1.8255280587492322,1.4246538271461384,65.8462034460934,0.9999217449975081,3.4095307503114087,0.006318706094050217,1.1305394728347289,0.9850274744115632,1.130905066756298,0.28163908879648036
E2r_full_v6,S12_19760113_070152_transient,S12,transient,dropout,medium,1,899.9245283018868,63269,69230,FFT,0.39760359924917826,0.04566845843727636,2.754731482186215,2.192170264137674,62.272388250033515,0.9996905197796381,5.1227595333818705,0.006291686638119875,1.040140892318019,0.11170106947268507,1.0412283930134336,0.06248548473478727
E2r_full_v6,S12_19760113_070152_transient,S12,transient,dropout,medium,1,899.9245283018868,63269,69230,SSA,0.2619677490568942,0.02966877566644713,1.8150006866316764,1.4241559714279615,65.89643782338327,0.9999221981121795,3.4097742482324005,0.006299751733879857,1.191233851628421,0.9699292034770057,1.1916042782238812,0.25741009264627757
E2r_full_v6,S12_19760113_070152_transient,S12,transient,dropout,medium,1,899.9245283018868,63269,69230,UNet,0.2704606629083688,0.03132351914017048,1.8738424506557751,1.5035867111989214,65.61931222921865,0.9999164494644156,3.4097783783065454,0.006658466568180194,0.9787926787459903,0.9689492226106828,0.9791577272541858,0.0649539093160243
E2r_full_v6,S12_19760113_070152_transient,S12,transient,dropout,medium,1,899.9245283018868,63269,69230,DSSRR,0.3797083838201603,0.04396426112996048,2.6307474100703936,2.1103656491110367,62.67239066652213,0.9999059251525623,4.513736768530242,0.010346434855499388,0.266689030526669,0.06645414018312124,0.2667967908007223,0.0050655460322283075
E2r_full_v6,S12_19760113_070152_transient,S12,transient,dropout,large,1,3600.0,54325,78174,Linear,0.9920767617833552,0.24668746499757208,3.4365766607403447,2.9601151172016835,54.3304888542502,0.9994383164460126,7.089778305419495,0.02601415863776705,2.8573109311503893,1.0419760474680335,2.860355576565396,0.27763582000701764
E2r_full_v6,S12_19760113_070152_transient,S12,transient,dropout,large,1,3600.0,54325,78174,CubicSpline,0.998144966936188,0.24782715812535716,3.4575970625924373,2.973790813518724,54.277521968369335,0.9994345246656627,7.089780862886134,0.026038504020586658,2.855088427598423,1.0463087498937005,2.858030753338728,0.2774660325244597
E2r_full_v6,S12_19760113_070152_transient,S12,transient,dropout,large,1,3600.0,54325,78174,FFT,0.9271526964640229,0.22245678629301055,3.211678209136937,2.6693601802447717,54.91836907827752,0.9991831054712118,9.26568805594758,0.023196056849178612,2.037180293501141,0.0799581243431196,2.037859906478668,0.024940353258909365
E2r_full_v6,S12_19760113_070152_transient,S12,transient,dropout,large,1,3600.0,54325,78174,SSA,0.9920906072279353,0.2467201279066294,3.43662462167798,2.9605070543066896,54.33036763463386,0.9994385335732423,7.092717198803135,0.025997011440696598,2.856182477403673,1.0400289956072022,2.8591898768846975,0.05040089683757981
E2r_full_v6,S12_19760113_070152_transient,S12,transient,dropout,large,1,3600.0,54325,78174,UNet,0.5642579929213961,0.1299745479002939,1.9546026313771423,1.5596237291380044,59.23183999799119,0.9997009322572941,7.078358002777405,0.02938056006460267,0.9475604644711411,1.03827589104125,0.9466924614840542,0.030710633119745867
E2r_full_v6,S12_19760113_070152_transient,S12,transient,dropout,large,1,3600.0,54325,78174,DSSRR,0.7318475581679071,0.16533944588678032,2.535136729841945,1.9839832285115304,56.972981830009275,0.9991191764244315,9.004260117771446,0.045256786693306475,0.0887211740041929,0.22480963151549793,0.08882497667293152,0.07860676702931835
E2r_full_v6,S12_19760113_070152_transient,S12,transient,spike,small,5,0.7547169811320755,62152,70323,Linear,0.0009346414840689759,1.7471094074853155e-06,0.22360679774997896,0.1,114.84848835551401,0.9999999999765121,0.001475913683669339,0.0001490763773922798,0.1,0.07828631933747719,0.1001939777000871,1.3535839116229909e-12
E2r_full_v6,S12_19760113_070152_transient,S12,transient,spike,small,5,0.7547169811320755,62152,70323,CubicSpline,0.0009346414840689759,1.7471094074853155e-06,0.22360679774997896,0.1,114.84848835551401,0.9999999999765121,0.001475913683669339,0.0001490763773922798,0.1,0.07828631933747719,0.1001939777000871,1.3535839116229909e-12
E2r_full_v6,S12_19760113_070152_transient,S12,transient,spike,small,5,0.7547169811320755,62152,70323,FFT,0.004265192148181922,1.4273883859155553e-05,1.020419031574816,0.81700000000003,101.66262213314303,0.9999999994260342,0.0067146861888876894,0.00068160916181638,0.3750000000000227,0.48200690844851046,0.37505599161238473,3.836708728499616e-12
E2r_full_v6,S12_19760113_070152_transient,S12,transient,spike,small,5,0.7547169811320755,62152,70323,SSA,0.0020622732872694212,7.2948196141576805e-06,0.4933852538238139,0.41753650818338883,107.97446904405643,0.9999999998982282,0.003298337170139126,0.00031453165853213806,0.2886107978745485,0.29581854466421914,0.2883544194171236,3.1024072200125374e-12
E2r_full_v6,S12_19760113_070152_transient,S12,transient,spike,small,5,0.7547169811320755,62152,70323,UNet,0.007277373335811838,2.987936707740481e-05,1.7410634723462328,1.71021728515625,97.02190120685344,0.9999999991856616,0.011892370459547904,0.0011168839781844073,1.71021728515625,0.052419133640401884,1.7107038810597945,2.156941292241754e-12
E2r_full_v6,S12_19760113_070152_transient,S12,transient,spike,small,5,0.7547169811320755,62152,70323,DSSRR,0.0032376930745380873,1.0482656444911894e-05,0.7745966692414834,0.6,104.0566804523142,0.9999999998844408,0.005260161519277445,0.0005536782723983203,0.2,0.31622776601660124,0.20033876104616868,5.865752328304552e-12
E2r_full_v6,S12_19760113_070152_transient,S12,transient,spike,medium,10,5.283018867924528,61654,70858,Linear,0.002559621120023417,8.735547037426578e-06,0.23145502494313785,0.07142857142857142,106.09788003029462,0.9999999997140426,0.005189909656501426,0.00032829483898538315,0.07142857142857145,0.012121306122369287,0.07189772806005491,0.001518511429444258
E2r_full_v6,S12_19760113_070152_transient,S12,transient,spike,medium,10,5.283018867924528,61654,70858,CubicSpline,0.002634514207037103,8.735547037426578e-06,0.23822726993956242,0.07142857142857142,105.84738286861523,0.9999999997138596,0.005209097310527852,0.0003433614753126964,0.07142857142857145,0.012663788238562202,0.07189381564441127,0.0031278747882746982
E2r_full_v6,S12_19760113_070152_transient,S12,transient,spike,medium,10,5.283018867924528,61654,70858,FFT,0.01884620499556922,0.0001616271017751609,1.704177549251139,1.321587867877942,88.75691616539085,0.999999958072789,0.05422286896499764,0.001407059559337297,1.321587867877942,0.12725648911072532,1.3207805814456413,0.022767033244299628
E2r_full_v6,S12_19760113_070152_transient,S12,transient,spike,medium,10,5.283018867924528,61654,70858,SSA,0.003449742235703274,2.2480639913917958e-05,0.31194467375108725,0.18381905414412683,103.50566111059996,0.9999999990835478,0.008732797917508911,0.0003394936823507761,0.17774436790150833,0.01615547550717974,0.17758218104512322,0.006253278317409294
E2r_full_v6,S12_19760113_070152_transient,S12,transient,spike,medium,10,5.283018867924528,61654,70858,UNet,0.1006531276903687,0.0009112118214281658,9.101609608521278,7.450770786830357,74.20484889865864,0.9999988398162558,0.28306347308532653,0.014515470772794532,4.554607282366072,0.16074532532459312,4.580057428519241,0.0044131716342882266
E2r_full_v6,S12_19760113_070152_transient,S12,transient,spike,medium,10,5.283018867924528,61654,70858,DSSRR,0.04867319957173648,0.00044726000831624076,4.401298509693312,3.657142857142857,80.5155964733051,0.999999769016713,0.13789587667311767,0.004798175855055837,0.5142857142857142,0.3549578199414923,0.5165785729953184,0.1180710634997506
E2r_full_v6,S12_19760113_070152_transient,S12,transient,spike,large,20,23.547169811320753,61477,71019,Linear,0.008228892429902691,0.00011900310935557227,0.35245529305109774,0.21831501831502026,95.95456662539914,0.9999999942068275,0.02302534969336631,0.000701226656899766,0.19346903096902973,0.034409817721149046,0.19273522985668534,0.008985701833600701
E2r_full_v6,S12_19760113_070152_transient,S12,transient,spike,large,20,23.547169811320753,61477,71019,CubicSpline,0.008636009827823646,0.00011505448989090448,0.36989271649693173,0.21107114934877103,95.5351317766162,0.9999999941380944,0.023482367654856555,0.000715401350872638,0.1777782370997698,0.032716056171673356,0.17708817690963963,0.0018776590931131043
E2r_full_v6,S12_19760113_070152_transient,S12,transient,spike,large,20,23.547169811320753,61477,71019,FFT,0.04446270034047737,0.0008108443883846434,1.9044013774441102,1.48752001909382,81.30147768955467,0.9999998352196131,0.10848198916025402,0.004031606931140887,0.4962320361097545,0.16608728746695295,0.49552671465645604,0.27560425157742086
E2r_full_v6,S12_19760113_070152_transient,S12,transient,spike,large,20,23.547169811320753,61477,71019,SSA,0.009554716001102588,0.00017032277810382084,0.4092422226776452,0.3124625954948601,94.65703868785612,0.9999999911338023,0.02802110479222296,0.0007067881332666742,0.28473400636722723,0.03965496542254158,0.28322190663124047,0.014671488667743038
E2r_full_v6,S12_19760113_070152_transient,S12,transient,spike,large,20,23.547169811320753,61477,71019,UNet,0.5523637635418926,0.00994193834633119,23.658534099013274,18.23880454821464,59.41689079214833,0.9998048390002325,1.602349275063161,0.10786733430213255,17.194525107359272,0.193097632026421,16.96135154573892,0.08467739403410324
E2r_full_v6,S12_19760113_070152_transient,S12,transient,spike,large,20,23.547169811320753,61477,71019,DSSRR,0.05830844627467297,0.0011426095524953964,2.4974345811611336,2.0961538461538463,78.94676500984802,0.9999993102620146,0.22572082342072886,0.004781655725548215,0.8012820512820512,0.12727301577008557,0.8007772533118737,0.1545078439417895
E2r_full_v6,S12_19761114_230000_stationary,S12,stationary,dropout,small,1,299.92452830188677,278040,280026,Linear,0.3553481171710191,0.022817358418874764,4.43876188385844,3.560254329196112,63.07311869312314,0.9999091797645993,8.083285596244663,0.004812231540731325,3.390582549144894,0.9517199651399993,3.3828780796195224,0.2079861705653804
E2r_full_v6,S12_19761114_230000_stationary,S12,stationary,dropout,small,1,299.92452830188677,278040,280026,CubicSpline,0.35601640770595033,0.022836805361392563,4.447109705080661,3.5632886883895654,63.05679879147719,0.9999085184934882,8.083875019038992,0.0049037784960580255,3.3467911300882554,0.9869030448297251,3.3390999753534807,0.1998628374105861
E2r_full_v6,S12_19761114_230000_stationary,S12,stationary,dropout,small,1,299.92452830188677,278040,280026,FFT,0.36030797146159155,0.0238198954482913,4.5007169389457005,3.7166829014101106,62.95272165482048,0.9999265396262454,9.83130146500546,0.0017967201283387846,1.1146233619822543,0.20609366910984475,1.1148363575254432,0.025833290864331976
E2r_full_v6,S12_19761114_230000_stationary,S12,stationary,dropout,small,1,299.92452830188677,278040,280026,SSA,0.35548393813934287,0.02287533391127247,4.440458465064566,3.569300402541108,63.06979941131268,0.9999092484957516,8.074475441929428,0.004825021561929157,3.3773580323466073,0.8241838649256036,3.369674459484815,0.011267515373175246
E2r_full_v6,S12_19761114_230000_stationary,S12,stationary,dropout,small,1,299.92452830188677,278040,280026,UNet,0.2986823239557366,0.019721012133134767,3.730932150454934,3.077123018983746,64.58200863056254,0.9999340763192796,8.155423542408819,0.0019472347189527994,2.973460227686014,0.6175358557556746,2.9749115565978306,0.11022909332815409
E2r_full_v6,S12_19761114_230000_stationary,S12,stationary,dropout,small,1,299.92452830188677,278040,280026,DSSRR,0.4148518282881287,0.02599689714453436,5.182040916705081,4.056366381479617,61.728338898118444,0.9999086586107485,10.209275509181776,0.003455791120805358,0.3985908404630096,0.3710574854482115,0.39832236816137423,0.1288911968578728
E2r_full_v6,S12_19761114_230000_stationary,S12,stationary,dropout,medium,1,899.9245283018868,276052,282013,Linear,0.884561277143793,0.10620905475704473,6.378795816448478,5.523102433698402,55.15164059371506,0.9995790988824723,10.542100325192836,0.010492679768125651,5.3559871302980255,0.9288750178439509,5.34503732202155,0.23583059629485312
E2r_full_v6,S12_19761114_230000_stationary,S12,stationary,dropout,medium,1,899.9245283018868,276052,282013,CubicSpline,0.8879852892662243,0.10655417675940843,6.40348723666592,5.541049530351679,55.1180836435394,0.9995515949231187,10.542174079168339,0.01057946333729173,5.354171075328386,0.9446229727734655,5.343494755968192,0.2339281524573162
E2r_full_v6,S12_19761114_230000_stationary,S12,stationary,dropout,medium,1,899.9245283018868,276052,282013,FFT,0.7730811814131715,0.08773182425135483,5.57488455937887,4.562246158238392,56.32169703293006,0.9995297750013558,18.91431486600102,0.004344683000838997,1.8119125518460195,0.03311109418414447,1.8079822956528961,0.025397978895551204
E2r_full_v6,S12_19761114_230000_stationary,S12,stationary,dropout,medium,1,899.9245283018868,276052,282013,SSA,0.884510863862494,0.10618769784599136,6.378432273485257,5.521991827755389,55.152135637628334,0.9995790527518033,10.538941640437827,0.01048529896516393,5.357853529143005,0.9311134736579422,5.347076158168515,0.21568540619958415
E2r_full_v6,S12_19761114_230000_stationary,S12,stationary,dropout,medium,1,899.9245283018868,276052,282013,UNet,0.4892009267116502,0.0551990075723006,3.5277520114683094,2.8704687538901976,60.296453644922074,0.9998912861727751,10.769414732592246,0.005672489049218166,1.7917178108243486,0.9200919657056431,1.7905475172386647,0.06549464635251454
E2r_full_v6,S12_19761114_230000_stationary,S12,stationary,dropout,medium,1,899.9245283018868,276052,282013,DSSRR,0.6994327180012722,0.07364927411889549,5.0437868022889285,3.8299228446829923,57.19128018949979,0.9997886702348419,12.948227787691096,0.006850786875095113,0.6249580677624961,0.25565536713587683,0.6224499799971216,0.026712712262329907
E2r_full_v6,S12_19761114_230000_stationary,S12,stationary,dropout,large,1,3600.0,267108,290957,Linear,1.0739298318676376,0.23134782088741643,3.8720278979073837,3.0073955699988226,53.46668093670453,0.9991521777263147,22.55052128760474,0.012636717627194033,2.7882165280659708,1.0151874585591687,2.791537591407133,0.2257825378416605
E2r_full_v6,S12_19761114_230000_stationary,S12,stationary,dropout,large,1,3600.0,267108,290957,CubicSpline,1.048644522731051,0.22460282722466887,3.780862330587393,2.919714328899566,53.67363321047746,0.9991524921425503,22.550446815472522,0.012634214042016896,2.6862347436388108,1.0110282383030476,2.6895543753580684,0.22553109266475316
E2r_full_v6,S12_19761114_230000_stationary,S12,stationary,dropout,large,1,3600.0,267108,290957,FFT,1.3471111856086107,0.28729124982723214,4.856976626851459,3.734629652942792,51.49813022077523,0.9993101921646692,28.391790381522508,0.011046623290400001,1.4425386610274642,0.052158182876143426,1.4451869240027937,0.02929513741668488
E2r_full_v6,S12_19761114_230000_stationary,S12,stationary,dropout,large,1,3600.0,267108,290957,SSA,1.0739246100654127,0.23134672349140234,3.8720090708264223,3.0073813044488005,53.46672317047694,0.9991524950792847,22.550105867324884,0.012633844114716663,2.7880038456584604,1.0128347137635945,2.7913238306848,0.12572066485808356
E2r_full_v6,S12_19761114_230000_stationary,S12,stationary,dropout,large,1,3600.0,267108,290957,UNet,0.9989104036670668,0.21366785157018559,3.6015471735079982,2.777565605755372,54.095668339520664,0.9991549390671898,22.599017325161732,0.025292882024151645,2.4590445963541665,0.9742467792530501,2.457127306064901,0.05572368460736771
E2r_full_v6,S12_19761114_230000_stationary,S12,stationary,dropout,large,1,3600.0,267108,290957,DSSRR,1.3909273036889833,0.3017252779506962,5.0149545752712,3.922264150943396,51.220110419412556,0.9991189378527223,28.07957208945873,0.009823812047300876,0.28016771488469594,0.2875107425282965,0.2793619014459429,0.026827060346343523
E2r_full_v6,S12_19761114_230000_stationary,S12,stationary,spike,small,5,0.7547169811320755,274935,283106,Linear,0.0008979729230261002,1.612710740976077e-06,0.22360679774997896,0.1,115.02092885252539,0.9999999999926574,0.0029584478454715312,6.257255091596313e-05,0.1,0.007862792975271118,0.10117423298488575,1.6431300764452317e-14
E2r_full_v6,S12_19761114_230000_stationary,S12,stationary,spike,small,5,0.7547169811320755,274935,283106,CubicSpline,0.0008979729230261002,1.612710740976077e-06,0.22360679774997896,0.1,115.02092885252539,0.9999999999926574,0.0029584478454715312,6.257255091596313e-05,0.1,0.007862792975271118,0.10117423298488575,1.6431300764452317e-14
E2r_full_v6,S12_19761114_230000_stationary,S12,stationary,spike,small,5,0.7547169811320755,274935,283106,FFT,0.008454676160351277,2.878688672642283e-05,2.105323015596415,1.7849999999999908,95.5442594562679,0.99999999946186,0.02773627396304851,0.0006645401745970366,1.4569999999999939,0.10527033378643254,1.4497577015855996,1.383337888682945e-13
E2r_full_v6,S12_19761114_230000_stationary,S12,stationary,spike,small,5,0.7547169811320755,274935,283106,SSA,0.0012232052168595546,4.085747501673213e-06,0.304593818498783,0.2533465796352516,112.3362096709607,0.9999999999911438,0.004098501205524012,8.547877263862452e-05,0.2533465796352516,0.03466553379554364,0.23473307453230063,4.884981308350689e-15
E2r_full_v6,S12_19761114_230000_stationary,S12,stationary,spike,small,5,0.7547169811320755,274935,283106,UNet,0.0077134768581884495,2.7884619164406184e-05,1.9207548641507932,1.729052734375,96.34119537526476,0.9999999994654348,0.02545705005283847,0.000584271945410181,1.729052734375,0.02101198493784478,1.7348962451458418,7.993605777301127e-14
E2r_full_v6,S12_19761114_230000_stationary,S12,stationary,spike,small,5,0.7547169811320755,274935,283106,DSSRR,0.01596271584268229,5.483216519318662e-05,3.9749213828703582,3.4,90.02406339518836,0.9999999977917925,0.05230183154007357,0.0013745584887218045,0.9999999999999999,0.19003381522159252,0.9991354433968922,1.219024881038422e-13
E2r_full_v6,S12_19761114_230000_stationary,S12,stationary,spike,medium,10,5.283018867924528,274437,283641,Linear,0.004640009524993532,3.0318961930350176e-05,0.4367084676466514,0.2685714285714279,100.75582142305173,0.999999999781222,0.019336210027683636,0.0002757261860966375,0.20571428571428374,0.02753077119102141,0.2034998208857343,0.0016940064318982095
E2r_full_v6,S12_19761114_230000_stationary,S12,stationary,spike,medium,10,5.283018867924528,274437,283641,CubicSpline,0.0048079790229855505,3.0304447533681368e-05,0.45251742271115064,0.26844285714285626,100.4469475945787,0.9999999997807361,0.019509792956084314,0.0002905959321709021,0.19212857142857237,0.028089890647317425,0.18996217024871703,0.010880109608052635
E2r_full_v6,S12_19761114_230000_stationary,S12,stationary,spike,medium,10,5.283018867924528,274437,283641,FFT,0.017377182108295704,0.00016617371475017876,1.635505817316442,1.4720000000000335,89.28661200321139,0.9999999859024035,0.09614859285718552,0.0006761781595266775,1.3400643017917462,0.08061285544712815,1.340998467583706,0.03941385902994132
E2r_full_v6,S12_19761114_230000_stationary,S12,stationary,spike,medium,10,5.283018867924528,274437,283641,SSA,0.005667458301852894,4.395039346657218e-05,0.5334099029585333,0.3893213754055897,99.01843226099243,0.999999999300934,0.02555550044691455,0.00027734016907927694,0.2896404148883758,0.01663342717558175,0.28407873754088087,0.01737215299714645
E2r_full_v6,S12_19761114_230000_stationary,S12,stationary,spike,medium,10,5.283018867924528,274437,283641,UNet,0.08331132681567215,0.000763494609898627,7.841096376053727,6.763187953404018,75.67211804369708,0.9999996775327387,0.4479205574186968,0.0035355069798573314,3.3127171107700892,0.17097387107914105,3.3258210654233125,0.08314613103515389
E2r_full_v6,S12_19761114_230000_stationary,S12,stationary,spike,medium,10,5.283018867924528,274437,283641,DSSRR,0.05429581231093489,0.0004967149082206317,5.11021386189323,4.4,79.39087236632528,0.9999999131560245,0.30302668290822116,0.002356146371690076,0.9142857142857141,0.10906445304618141,0.9133510768066523,0.046139630878708204
E2r_full_v6,S12_19761114_230000_stationary,S12,stationary,spike,large,20,23.547169811320753,274260,283802,Linear,0.011794067357763793,0.00018784519602163955,0.5257848492489193,0.3733266733266735,92.6529269595733,0.9999999953631447,0.07424796977203525,0.00042211080787102735,0.2985764235764217,0.022624104416777327,0.2957215196676026,0.04666217781707449
E2r_full_v6,S12_19761114_230000_stationary,S12,stationary,spike,large,20,23.547169811320753,274260,283802,CubicSpline,0.012527098408242175,0.00018836284619501268,0.5584637045309219,0.3743554599087381,92.12918925670783,0.9999999942911317,0.08059206508107561,0.0004246201535215435,0.2812126318139698,0.02446898424856684,0.27941277937459713,0.052782614322120947
E2r_full_v6,S12_19761114_230000_stationary,S12,stationary,spike,large,20,23.547169811320753,274260,283802,FFT,0.048525140356918114,0.0008176692776203594,2.1632726720480906,1.6250495501639957,80.36686305958955,0.9999997279715551,0.33138849264937464,0.0017422565668060775,1.2237295174141076,0.08132779632622185,1.2267603236858093,0.13688416033899775
E2r_full_v6,S12_19761114_230000_stationary,S12,stationary,spike,large,20,23.547169811320753,274260,283802,SSA,0.014360729901286371,0.0002332364920745379,0.6402078245959705,0.46353809162380455,90.94266876510574,0.9999999945852714,0.09086756400106999,0.00043140389696874837,0.3416443947580012,0.018379884473728222,0.3378250385072865,0.038576071413294666
E2r_full_v6,S12_19761114_230000_stationary,S12,stationary,spike,large,20,23.547169811320753,274260,283802,UNet,0.5371468997395367,0.009203786363382888,23.946251376813017,18.291758415026543,59.48433759724174,0.9999745158348022,3.4084682045074643,0.02663326089191257,15.896931379269333,0.19840879245019308,15.64555849192595,0.10885093862920125
E2r_full_v6,S12_19761114_230000_stationary,S12,stationary,spike,large,20,23.547169811320753,274260,283802,DSSRR,0.10536555765941409,0.0017546292861819717,4.697244145677608,3.4871794871794872,73.63222566483014,0.9999994810121038,0.7982311551402086,0.0038142493293085175,3.0769230769230766,0.1082533197682216,3.065718070625025,0.11361863757400037
E2r_full_v6,S12_19761114_230000_transient,S12,transient,dropout,small,1,299.92452830188677,65257,67243,Linear,0.20407795757830394,0.013368645187146448,2.549200110150839,2.0859459727666447,67.8902770824608,0.9999793550494335,4.560040892235287,0.0016160533209098548,1.8349984152524605,0.773546935490115,1.8334524964808414,0.3223133188146743
E2r_full_v6,S12_19761114_230000_transient,S12,transient,dropout,small,1,299.92452830188677,65257,67243,CubicSpline,0.20455121423047123,0.013403954173554705,2.555111703564212,2.0914553296962155,67.8701578292473,0.999979237538983,4.561349833253758,0.0016202747652915876,1.7762192111767403,0.8089031739318647,1.7746807849087438,0.31418998565988
E2r_full_v6,S12_19761114_230000_transient,S12,transient,dropout,small,1,299.92452830188677,65257,67243,FFT,0.3609464510716882,0.024394873089322037,4.508692382799126,3.806398222442948,62.93734354494752,0.9999119163068977,4.554134257528968,0.004360513082302094,3.1639758429793976,0.08281291896630671,3.1676999529714434,0.10411877251518398
E2r_full_v6,S12_19761114_230000_transient,S12,transient,dropout,small,1,299.92452830188677,65257,67243,SSA,0.20412713308578317,0.013364425132415286,2.5498143764369696,2.0852875061794856,67.88818434504675,0.9999793297972136,4.560480463337125,0.0016158628648622185,1.8361712343800871,0.7293911629201638,1.834624314431198,0.1149319974952179
E2r_full_v6,S12_19761114_230000_transient,S12,transient,dropout,small,1,299.92452830188677,65257,67243,UNet,0.1990331952029713,0.013125866205995424,2.4861844422389905,2.048064509767591,68.10768876495818,0.9999795279595832,4.517273233526184,0.001610276759227612,1.7395791301909678,0.5155793965331399,1.7380216614000954,0.08466019122257867
E2r_full_v6,S12_19761114_230000_transient,S12,transient,dropout,small,1,299.92452830188677,65257,67243,DSSRR,0.3096171052527621,0.018807432661263012,3.867521844009454,2.934574735782587,64.26970014796932,0.999967230571667,5.5961083660904185,0.003637835534515393,0.9285354806240564,0.13486989908155564,0.9311780268477734,0.02295321879913831
E2r_full_v6,S12_19761114_230000_transient,S12,transient,dropout,medium,1,899.9245283018868,63269,69230,Linear,0.4176452661320257,0.04864903221228434,3.0117459866258742,2.5298557531029857,61.67004780245085,0.9999479914848675,9.953631836739195,0.0036816763129476587,2.5298557531029857,0.4934962292989912,2.532854521413016,0.30286310933211485
E2r_full_v6,S12_19761114_230000_transient,S12,transient,dropout,medium,1,899.9245283018868,63269,69230,CubicSpline,0.4176452661320257,0.04864903221228434,3.0117459866258742,2.5298557531029857,61.67004780245085,0.9999479914848675,9.953631836739195,0.0036816763129476587,2.5298557531029857,0.4934962292989912,2.532854521413016,0.30286310933211485
E2r_full_v6,S12_19761114_230000_transient,S12,transient,dropout,medium,1,899.9245283018868,63269,69230,FFT,0.5692501168192384,0.06506425673142135,4.105007032869577,3.383483221106958,58.98013649800622,0.9999582173601866,13.893499438021841,0.00353105082134515,1.2093208293055009,0.05594900786568341,1.2057947990191085,0.00027340520468810414
E2r_full_v6,S12_19761114_230000_transient,S12,transient,dropout,medium,1,899.9245283018868,63269,69230,SSA,0.41763574798132125,0.048673662984073406,3.0116773488260264,2.5311366069428325,61.67024575644521,0.9999481676819959,9.94503338876158,0.0036819987346936893,2.5099808176644824,0.5865220401410991,2.5129798697947394,0.07954745694120338
E2r_full_v6,S12_19761114_230000_transient,S12,transient,dropout,medium,1,899.9245283018868,63269,69230,UNet,0.401531571084529,0.04586546453433633,2.895546042978794,2.3851041643461977,62.011805104623306,0.9999488790577397,9.99379582684044,0.006576551943772451,2.298244697701327,0.5937141627404797,2.29707931469096,0.07756735405498993
E2r_full_v6,S12_19761114_230000_transient,S12,transient,dropout,medium,1,899.9245283018868,63269,69230,DSSRR,0.553562252951612,0.060234746175456474,3.991877865910167,3.132338141563234,59.22286970220594,0.9999133900116839,11.988039440604817,0.004865867402827168,0.4168064407916808,0.11667907471765297,0.4171747402489724,0.04274497762756235
E2r_full_v6,S12_19761114_230000_transient,S12,transient,dropout,large,1,3600.0,54325,78174,Linear,1.333435064621606,0.31279814989823795,4.807667705145888,4.066205450733753,51.586761639302566,0.9997230124637098,17.619657802154116,0.014247790119896325,4.066205450733753,0.4745620940141768,4.0601597759504,0.33314097080264876
E2r_full_v6,S12_19761114_230000_transient,S12,transient,dropout,large,1,3600.0,54325,78174,CubicSpline,1.333435064621606,0.31279814989823795,4.807667705145888,4.066205450733753,51.586761639302566,0.9997230124637098,17.619657802154116,0.014247790119896325,4.066205450733753,0.4745620940141768,4.0601597759504,0.33314097080264876
E2r_full_v6,S12_19761114_230000_transient,S12,transient,dropout,large,1,3600.0,54325,78174,FFT,1.2812205978497273,0.28394721181431876,4.619409714711378,3.691158981521003,51.933720824501634,0.9998154155161756,24.708848289717746,0.012737791653630341,2.6206708595387123,0.039373550623107274,2.6191886735643233,0.055465647919467786
E2r_full_v6,S12_19761114_230000_transient,S12,transient,dropout,large,1,3600.0,54325,78174,SSA,1.3334063128878781,0.31284914113914786,4.807564041468985,4.066868309071613,51.586948927821624,0.9997221488844298,17.638210072685833,0.014242293900711902,4.0614662329527995,0.38957989761025125,4.055418487551201,0.07072062059407297
E2r_full_v6,S12_19761114_230000_transient,S12,transient,dropout,large,1,3600.0,54325,78174,UNet,0.7503345835744251,0.1675095802262613,2.705313097888667,2.177533237929114,56.58109978779176,0.9997951623667704,17.730881137907286,0.013891988722181928,2.1617782112937305,0.4663681197183491,2.1605240725314165,0.02880185259961887
E2r_full_v6,S12_19761114_230000_transient,S12,transient,dropout,large,1,3600.0,54325,78174,DSSRR,1.2241686477367593,0.26091079451807364,4.413710295706264,3.391698113207547,52.32937401501934,0.9982815886015332,23.384648569916365,0.021492592871410417,0.5428092243186584,0.38010970051424076,0.543274215407832,0.03108542628824512
E2r_full_v6,S12_19761114_230000_transient,S12,transient,spike,small,5,0.7547169811320755,62152,70323,Linear,0.0008979729230261002,1.612710740976077e-06,0.22360679774997896,0.1,115.02092885252539,0.9999999999942069,0.0029722744430555454,6.562986194309531e-05,0.09999999999999998,0.03672611573969742,0.10031162413383751,6.8833827526759706e-15
E2r_full_v6,S12_19761114_230000_transient,S12,transient,spike,small,5,0.7547169811320755,62152,70323,CubicSpline,0.0008979729230261002,1.612710740976077e-06,0.22360679774997896,0.1,115.02092885252539,0.9999999999942069,0.0029722744430555454,6.562986194309531e-05,0.09999999999999998,0.03672611573969742,0.10031162413383751,6.8833827526759706e-15
E2r_full_v6,S12_19761114_230000_transient,S12,transient,spike,small,5,0.7547169811320755,62152,70323,FFT,0.005166927147567158,1.8094614513751628e-05,1.2866312603073264,1.1220000000000028,99.82155214075536,0.9999999998585408,0.01720512890888323,0.0003365540452437759,1.01400000000001,0.09381104360031906,1.017655499246041,1.9186874311571955e-12
E2r_full_v6,S12_19761114_230000_transient,S12,transient,spike,small,5,0.7547169811320755,62152,70323,SSA,0.0015117333864031251,5.2024569396754236e-06,0.37644104061198874,0.3225908284412299,110.49669307571068,0.9999999999779744,0.005013117231559435,0.00010544405897193214,0.3225908284412299,0.06563824686794865,0.32223430731480673,1.3855583347321954e-13
E2r_full_v6,S12_19761114_230000_transient,S12,transient,spike,small,5,0.7547169811320755,62152,70323,UNet,0.007472565372982255,2.8957430099824778e-05,1.8607648083631279,1.795574951171875,96.61680452628558,0.999999999715015,0.024939993144262065,0.0005243968458819207,1.795574951171875,0.058579128471515314,1.7941052376396784,1.9317880628477724e-13
E2r_full_v6,S12_19761114_230000_transient,S12,transient,spike,small,5,0.7547169811320755,62152,70323,DSSRR,0.0025398509727746444,6.450842963904308e-06,0.6324555320336759,0.4,105.9900336952602,0.9999999999549357,0.008303701936075679,0.00017740914579759165,0.0,0.08586955142472806,0.004545226498692046,1.1901590823981678e-13
E2r_full_v6,S12_19761114_230000_transient,S12,transient,spike,medium,10,5.283018867924528,61654,70858,Linear,0.002937346160094531,1.7417276002541557e-05,0.27645717829091015,0.15428571428571364,104.72709595820966,0.9999999999140288,0.0136264739272939,0.00015698537013806698,0.15428571428571367,0.01961932298409369,0.15456456434371507,0.00916595730848957
E2r_full_v6,S12_19761114_230000_transient,S12,transient,spike,medium,10,5.283018867924528,61654,70858,CubicSpline,0.0032111040491342494,1.7476066639553413e-05,0.3022227263107462,0.15480649350649206,103.95311108101856,0.9999999999036688,0.014744180757278638,0.00016355715150721838,0.1548064935064921,0.021765338019149358,0.15515050965649543,0.014030500635658472
E2r_full_v6,S12_19761114_230000_transient,S12,transient,spike,medium,10,5.283018867924528,61654,70858,FFT,0.017147737531459123,0.00016298996792657054,1.6139109501032598,1.443797733887147,89.40206250258434,0.9999999965203478,0.09148456154761551,0.0005666907628691549,1.301985602729337,0.07843658333668024,1.3017350506408842,0.01757009245231389
E2r_full_v6,S12_19761114_230000_transient,S12,transient,spike,medium,10,5.283018867924528,61654,70858,SSA,0.004862429998653856,3.453353529701485e-05,0.4576422402396243,0.3059049623680169,100.34913164027458,0.9999999997445415,0.025932637167656106,0.0001710888328678177,0.3059049623680169,0.03305161728322699,0.3044136958340802,0.014454525910544302
E2r_full_v6,S12_19761114_230000_transient,S12,transient,spike,medium,10,5.283018867924528,61654,70858,UNet,0.09046274613536687,0.0007882290096688561,8.51417373845567,6.98229021344866,74.95680372001799,0.9999998615616933,0.49836594037465304,0.004404654334265897,3.6632088797433036,0.28588206594267446,3.666733539474157,0.029761141243808797
E2r_full_v6,S12_19761114_230000_transient,S12,transient,spike,medium,10,5.283018867924528,61654,70858,DSSRR,0.04130675445920061,0.00036447262746059343,3.8877095717511763,3.2285714285714286,81.76577760223958,0.9999999594227569,0.23033506917124036,0.0014370850782891393,1.2285714285714286,0.1392987828331816,1.231158439304623,0.03704243362732984
E2r_full_v6,S12_19761114_230000_transient,S12,transient,spike,large,20,23.547169811320753,61477,71019,Linear,0.011166799391527319,0.00017718361883735698,0.4978209600271731,0.35213767713767724,93.12762474686889,0.9999999969273163,0.06620458654303427,0.0003801988773282846,0.293215118215117,0.02988935475552344,0.28932819039054136,0.006308939197385621
E2r_full_v6,S12_19761114_230000_transient,S12,transient,spike,large,20,23.547169811320753,61477,71019,CubicSpline,0.011679384636885583,0.00017611453784505615,0.5206722417591282,0.350012967755562,92.7377998087535,0.9999999969212345,0.06839139036335831,0.0003898295309858458,0.27249004026038603,0.029815799534665666,0.26943488644731645,0.003890828449120365
E2r_full_v6,S12_19761114_230000_transient,S12,transient,spike,large,20,23.547169811320753,61477,71019,FFT,0.05361881153741924,0.000970724511451872,2.3903508336799524,1.929234072801308,79.49985539267237,0.9999998809642134,0.32135935324123194,0.0017882229328012914,0.6505594768197163,0.134013870295063,0.6479249315101061,0.13851142489426493
E2r_full_v6,S12_19761114_230000_transient,S12,transient,spike,large,20,23.547169811320753,61477,71019,SSA,0.01367365621820607,0.00024175842895754067,0.6095777695078527,0.4804747310173656,91.36850590882338,0.9999999973564964,0.07904108824838582,0.00037909433449188836,0.326375433963059,0.03596445610356836,0.3225556942703586,0.005596981494825459
E2r_full_v6,S12_19761114_230000_transient,S12,transient,spike,large,20,23.547169811320753,61477,71019,UNet,0.5294748193419531,0.00923640103637706,23.604226567821765,18.35657735971304,59.609292849349316,0.9999808995095708,3.328311038747925,0.024744696251214997,15.870023482885117,0.19189700318322292,15.635836735556456,0.046662124502078184
E2r_full_v6,S12_19761114_230000_transient,S12,transient,spike,large,20,23.547169811320753,61477,71019,DSSRR,0.0975613591194834,0.0017772072365556369,4.349329450233296,3.532051282051282,74.30064222968088,0.9999991031301911,0.7249833170912796,0.003134118082266013,1.5192307692307692,0.14040066692026734,1.5182180143010118,0.05603124923788827
E2r_full_v6,S15_19760125_160000_stationary,S15,stationary,dropout,small,1,299.92452830188677,278039,280025,Linear,0.07159058084544705,0.004183385155272291,0.8942583727548059,0.6527428283844993,76.70926265660081,0.999984040009954,0.24891786507039204,0.00289462537582856,0.6527428283844994,0.2661365971127339,0.6531947595495871,0.5258025158080524
E2r_full_v6,S15_19760125_160000_stationary,S15,stationary,dropout,small,1,299.92452830188677,278039,280025,CubicSpline,0.07159058084544705,0.004183385155272291,0.8942583727548059,0.6527428283844993,76.70926265660081,0.999984040009954,0.24891786507039204,0.00289462537582856,0.6527428283844994,0.2661365971127339,0.6531947595495871,0.5258025158080524
E2r_full_v6,S15_19760125_160000_stationary,S15,stationary,dropout,small,1,299.92452830188677,278039,280025,FFT,0.09129500937428937,0.005649440128805461,1.1403920119036013,0.8814946249493355,74.59743962693506,0.999973877055816,0.3422748868894575,0.0029138236533315146,0.3035056697240671,0.2001105467474535,0.30299963618537484,0.17349234284148507
E2r_full_v6,S15_19760125_160000_stationary,S15,stationary,dropout,small,1,299.92452830188677,278039,280025,SSA,0.0714858516276602,0.004203914602249279,0.8929501702123496,0.6559460833532749,76.72197846973846,0.9999841763341523,0.24870040845256608,0.0028932160779610687,0.6428960934979537,0.23022960125015549,0.6433463118293195,0.24157589651386424
E2r_full_v6,S15_19760125_160000_stationary,S15,stationary,dropout,small,1,299.92452830188677,278039,280025,UNet,0.07040095115730322,0.004411639878583404,0.8793983688752878,0.6883579171597808,76.85480984261113,0.9999835228119374,0.24799553302803734,0.002892278636258973,0.6730107545972652,0.26627780527174005,0.6728007872424295,0.19845195768943247
E2r_full_v6,S15_19760125_160000_stationary,S15,stationary,dropout,small,1,299.92452830188677,278039,280025,DSSRR,0.11903496239446734,0.0073185049478125125,1.4868996803030643,1.1419224962254655,72.29288959656228,0.9999691476884701,0.4141489342278869,0.004545568492222511,0.09310518369401106,0.0987611327895485,0.09314446258019976,0.048558581283478675
E2r_full_v6,S15_19760125_160000_stationary,S15,stationary,dropout,medium,1,899.9245283018868,276051,282012,Linear,0.13812414230868375,0.01516921643394836,0.9960466312167948,0.7888297863662551,71.00098849312982,0.999924861234486,0.49563619236330725,0.006355805937336452,0.5594110117613913,0.9136113820438274,0.5591591289666861,0.4770776763358559
E2r_full_v6,S15_19760125_160000_stationary,S15,stationary,dropout,medium,1,899.9245283018868,276051,282012,CubicSpline,0.14086128991847505,0.015149693691946768,1.0157848653177015,0.7878145644878242,70.83054715689718,0.9999206760475752,0.49568419175898487,0.006512190533989718,0.5054319251783221,0.9287717507759737,0.5051909377260443,0.47517523250079374
E2r_full_v6,S15_19760125_160000_stationary,S15,stationary,dropout,medium,1,899.9245283018868,276051,282012,FFT,0.1877818712497377,0.021064252410042335,1.3541405371689907,1.095383522341477,68.33330712840878,0.9999513349078923,0.7745642885980802,0.006168397075459703,0.44101886622768305,0.05467527625152522,0.4408336170353422,0.11303290214730166
E2r_full_v6,S15_19760125_160000_stationary,S15,stationary,dropout,medium,1,899.9245283018868,276051,282012,SSA,0.13822823780678103,0.015213736169663284,0.9967972890559791,0.7911449022304137,70.99444494861154,0.9999247555281764,0.49603696606290165,0.006354587808161064,0.5576158806136302,0.8946351625777931,0.5573641006266545,0.34455187727245706
E2r_full_v6,S15_19760125_160000_stationary,S15,stationary,dropout,medium,1,899.9245283018868,276051,282012,UNet,0.1252421173409669,0.013844864770996352,0.9031512303268497,0.7199608343073842,71.8513723545738,0.9999296679547202,0.4940193558680806,0.006214536446202525,0.6168464832120355,0.7794142610737093,0.6165889680857392,0.24366616692095405
E2r_full_v6,S15_19760125_160000_stationary,S15,stationary,dropout,medium,1,899.9245283018868,276051,282012,DSSRR,0.18720988987227613,0.018875227392947915,1.3500158409745622,0.981549815498155,68.35980462242104,0.9999234638202128,0.7305885095786396,0.009070531289309059,0.10566923851056687,0.09527074275914127,0.10584575388601969,0.046015978955791126
E2r_full_v6,S15_19760125_160000_stationary,S15,stationary,dropout,large,1,3600.0,267107,290956,Linear,0.27234714559701984,0.060731617616191995,0.9819394281753986,0.7894753794236352,65.1039238204218,0.9993343088422436,0.9606159739415936,0.02307202732771728,0.5637889844946706,0.9765080441275339,0.5635756296405227,0.49246167039268485
E2r_full_v6,S15_19760125_160000_stationary,S15,stationary,dropout,large,1,3600.0,267107,290956,CubicSpline,0.27733819631571294,0.06064907151631914,0.9999345111712731,0.7884023285800219,64.94618664306982,0.999332404486393,0.9606410354054106,0.023077921475569897,0.5103956848711899,0.9806138355561446,0.5101934923204762,0.49229188293666853
E2r_full_v6,S15_19760125_160000_stationary,S15,stationary,dropout,large,1,3600.0,267107,290956,FFT,0.34578194146169594,0.076158822864527,1.2467063722219978,0.9900199918501675,63.03033421034889,0.9997074246206876,1.275035125938241,0.02264010471896375,0.377837124587763,0.12460059952044071,0.37756409005850605,0.15365303410761771
E2r_full_v6,S15_19760125_160000_stationary,S15,stationary,dropout,large,1,3600.0,267107,290956,SSA,0.27226555858559176,0.060733475927956505,0.9816452686637481,0.789499536385741,65.10652624147079,0.9993347588290583,0.9601181786706691,0.023069795805412595,0.5637376076482397,0.9747575925520536,0.5635257882142288,0.3038659656707695
E2r_full_v6,S15_19760125_160000_stationary,S15,stationary,dropout,large,1,3600.0,267107,290956,UNet,0.2497602055074677,0.05569754988114661,0.9005028961818372,0.7240354538763594,65.85591551712707,0.9993472841040764,0.960493193792752,0.023086599062157723,0.6128136887140494,0.9413966075981096,0.6125919505894386,0.18054306841091244
E2r_full_v6,S15_19760125_160000_stationary,S15,stationary,dropout,large,1,3600.0,267107,290956,DSSRR,0.3878584060346834,0.08151311460604575,1.398411797560202,1.0596226415094339,62.03291621198353,0.9997366846776904,1.3438392439264808,0.03367181422471879,0.1640251572327044,0.11631505207876956,0.16413856458806705,0.04375075177694776
E2r_full_v6,S15_19760125_160000_stationary,S15,stationary,spike,small,5,0.7547169811320755,274934,283105,Linear,0.0012699275344147487,3.2254318853294454e-06,0.31622776601683794,0.2,111.73079889322415,0.9999999997379669,0.0015823522326102514,0.0002093566588914136,0.2,0.12401088863392709,0.20029916611240423,2.346345340242806e-12
E2r_full_v6,S15_19760125_160000_stationary,S15,stationary,spike,small,5,0.7547169811320755,274934,283105,CubicSpline,0.0012699275344147487,3.2254318853294454e-06,0.31622776601683794,0.2,111.73079889322415,0.9999999997379669,0.0015823522326102514,0.0002093566588914136,0.2,0.12401088863392709,0.20029916611240423,2.346345340242806e-12
E2r_full_v6,S15_19760125_160000_stationary,S15,stationary,spike,small,5,0.7547169811320755,274934,283105,FFT,0.0022325817261622744,8.321614264149918e-06,0.5559406443137536,0.5159999999999968,106.83023219339898,0.9999999994761902,0.0027735905466018088,0.00032864644654429897,0.3979999999999904,0.3034287600134486,0.39811651541853055,4.89350782117981e-11
E2r_full_v6,S15_19760125_160000_stationary,S15,stationary,spike,small,5,0.7547169811320755,274934,283105,SSA,0.0016084340799390258,5.810992767636744e-06,0.40052011008555,0.36032339074140507,109.6783133702038,0.9999999996726925,0.0020179194472705175,0.00025364685400223856,0.36032339074140507,0.19633971329388836,0.36021561813411157,5.127009927718973e-13
E2r_full_v6,S15_19760125_160000_stationary,S15,stationary,spike,small,5,0.7547169811320755,274934,283105,UNet,0.006646584753043185,2.5432955643659122e-05,1.6550823500846934,1.5770263671875,97.354409340754,0.9999999961824322,0.008300753483485634,0.0010271963512349207,1.5770263671875,0.014653047890910473,1.5777576242139275,8.808509477375992e-12
E2r_full_v6,S15_19760125_160000_stationary,S15,stationary,spike,small,5,0.7547169811320755,274934,283105,DSSRR,0.004399158023074038,1.2901727541317782e-05,1.0954451150103321,0.8,100.938988901274,0.9999999984730238,0.005518070106102875,0.0006411809937624687,0.8,0.21242579069693127,0.7996725039084708,7.0390360207284175e-12
E2r_full_v6,S15_19760125_160000_stationary,S15,stationary,spike,medium,10,5.283018867924528,274436,283640,Linear,0.0054473822470091976,4.031789856661807e-05,0.5126959555693252,0.35714285714285715,99.08262320971106,0.9999999942332694,0.009982328122079508,0.0005278493374794226,0.22571428571428512,0.09538839807244993,0.22558523011361042,0.022928501255233824
E2r_full_v6,S15_19760125_160000_stationary,S15,stationary,spike,medium,10,5.283018867924528,274436,283640,CubicSpline,0.005568962380820477,3.97131300881188e-05,0.5241388174901761,0.3517857142857143,98.89089455494683,0.9999999942225879,0.0100133285448276,0.0005554417238196194,0.20415714285714204,0.09955731519094607,0.20401560618048512,0.0014125010074835798
E2r_full_v6,S15_19760125_160000_stationary,S15,stationary,spike,medium,10,5.283018867924528,274436,283640,FFT,0.00681587891868752,6.634128573067455e-05,0.6414959326894868,0.5876624817941547,97.1359429497454,0.9999999912831526,0.011866968000750272,0.0006021521536875517,0.3098410946116279,0.29053954882304583,0.30975066524263833,0.06592322180025278
E2r_full_v6,S15_19760125_160000_stationary,S15,stationary,spike,medium,10,5.283018867924528,274436,283640,SSA,0.006048438654734205,5.031572976081391e-05,0.5692660979489662,0.4457053597749629,98.17351465480635,0.9999999918501429,0.011143078566099265,0.0005623540693627501,0.29265855869713125,0.08391101954501318,0.2920559879610437,0.053646252416279294
E2r_full_v6,S15_19760125_160000_stationary,S15,stationary,spike,medium,10,5.283018867924528,274436,283640,UNet,0.08579851091380546,0.0007347476350276661,8.075172173483864,6.5085205078125,75.13678536859413,0.9999969761849713,0.18145514679133967,0.009758024899817891,6.222806222098216,0.24689587178190014,6.241160473389516,0.10830639056346969
E2r_full_v6,S15_19760125_160000_stationary,S15,stationary,spike,medium,10,5.283018867924528,274436,283640,DSSRR,0.015759386256144856,0.00013224270729850728,1.4832396974191326,1.1714285714285715,89.85559436031055,0.9999999459892525,0.032612831880727715,0.0010788710721842253,0.7142857142857144,0.32220636247919276,0.7148413419900375,0.13938746042904782
E2r_full_v6,S15_19760125_160000_stationary,S15,stationary,spike,large,20,23.547169811320753,274259,283801,Linear,0.006993333708485391,7.223710761364458e-05,0.3117654722667498,0.14356476856476866,96.91269524097632,0.9999999682387591,0.015812528287988615,0.0006301071120031603,0.07633755133755196,0.07037772214487818,0.07616186225554489,0.05112877519888748
E2r_full_v6,S15_19760125_160000_stationary,S15,stationary,spike,large,20,23.547169811320753,274259,283801,CubicSpline,0.007150251304584858,6.937164982686575e-05,0.31876091828637193,0.13786992837001377,96.71995417562263,0.9999999681355041,0.016102690548188983,0.0006340508319420388,0.062400731816091154,0.07179084690870115,0.06221468202890888,0.050440996510921376
E2r_full_v6,S15_19760125_160000_stationary,S15,stationary,spike,large,20,23.547169811320753,274259,283801,FFT,0.028996840812446155,0.0004787080710720984,1.2926901742393702,0.9513893302750583,84.55936668599978,0.9999996515484125,0.05486337668536766,0.0026392640647853577,0.4659428776402367,0.258623522343839,0.46546223172385653,0.31728743996038433
E2r_full_v6,S15_19760125_160000_stationary,S15,stationary,spike,large,20,23.547169811320753,274259,283801,SSA,0.012023576549424113,0.00017202601117753013,0.5360156082239182,0.3418862589835688,92.20570689421413,0.9999999095337779,0.031163731810013563,0.0006438474247242144,0.24636900492518746,0.1219265417325237,0.2454669737854523,0.03143452908657801
E2r_full_v6,S15_19760125_160000_stationary,S15,stationary,spike,large,20,23.547169811320753,274259,283801,UNet,0.5366962796483588,0.009240343711313716,23.926123943628728,18.36435386462089,59.211808682668405,0.9980228140048653,1.2997097831747426,0.07728257446827053,17.713981628417965,0.266072613874447,17.44672285225826,0.11993010567379492
E2r_full_v6,S15_19760125_160000_stationary,S15,stationary,spike,large,20,23.547169811320753,274259,283801,DSSRR,0.02495011731171986,0.00039672812189552183,1.1122857039355882,0.7884615384615384,85.8649285324677,0.9999990241188831,0.06897569791551215,0.0017792052923859647,0.21153846153846168,0.261846287211587,0.21155017622658093,0.21763086771683704
E2r_full_v6,S15_19760125_160000_transient,S15,transient,dropout,small,1,299.92452830188677,65257,67243,Linear,0.1402396236565423,0.009095860692285934,1.751773154594005,1.4192472398558438,70.8689656257462,0.9995821034083114,0.40332138948178153,0.010633105378489728,0.3810198888347699,0.8324094321942398,0.38061885754513114,0.5568321889871648
E2r_full_v6,S15_19760125_160000_transient,S15,transient,dropout,small,1,299.92452830188677,65257,67243,CubicSpline,0.15306548360648098,0.009922419870737463,1.9119846309162092,1.5482170946371208,70.10883501884175,0.9991382692248368,0.4022137409335172,0.00957090917199738,0.8456784977013891,0.7977597564120013,0.8447341426641756,0.5457492168449143
E2r_full_v6,S15_19760125_160000_transient,S15,transient,dropout,small,1,299.92452830188677,65257,67243,FFT,0.134178972170088,0.008736209527937527,1.6760678275508973,1.3631300740833616,71.25269116233292,0.9999614176112946,0.45386101601579804,0.0040394409266356485,0.3424404655958546,0.10504078548733127,0.3414909955149191,0.06011767645422972
E2r_full_v6,S15_19760125_160000_transient,S15,transient,dropout,small,1,299.92452830188677,65257,67243,SSA,0.1384239991795321,0.009032192797078363,1.7290936711875198,1.4093129975012517,70.98215253426969,0.9996126140882868,0.39550710091711566,0.010336334882887228,0.35845792903365903,0.8134591316177827,0.35766096078048115,0.3443583727959066
E2r_full_v6,S15_19760125_160000_transient,S15,transient,dropout,small,1,299.92452830188677,65257,67243,UNet,0.10655420393581416,0.0065990924853661145,1.3309989651785998,1.0296709802682278,73.25496860162669,0.999976210295227,0.3751970429827135,0.004068960993874912,0.7234523794311463,0.5548481289376758,0.7232016527545979,0.43925055194358553
E2r_full_v6,S15_19760125_160000_transient,S15,transient,dropout,small,1,299.92452830188677,65257,67243,DSSRR,0.160423567511272,0.010273000554774285,2.0038965565017413,1.6029189733266231,69.70101697862239,0.9999424206247545,0.523589671614402,0.007596316444876088,0.24408656265727224,0.17506505883133616,0.24405642925022808,0.049457778982637146
E2r_full_v6,S15_19760125_160000_transient,S15,transient,dropout,medium,1,899.9245283018868,63269,69230,Linear,0.19688544966948068,0.022066418205891485,1.419788645207471,1.147498160832233,67.92210794100649,0.9999048935614744,0.6005367411224584,0.008850418388560865,0.9386098260080065,0.9375355300403501,0.9392286289008056,0.5773566990787184
E2r_full_v6,S15_19760125_160000_transient,S15,transient,dropout,medium,1,899.9245283018868,63269,69230,CubicSpline,0.21446126637498977,0.02405174318241653,1.546532114725512,1.2507390555692202,67.1794030557678,0.9998754831575399,0.6005694342271937,0.009210739462408019,1.1086589368635964,0.9234226894760948,1.1092879857190254,0.575447582121185
E2r_full_v6,S15_19760125_160000_transient,S15,transient,dropout,medium,1,899.9245283018868,63269,69230,FFT,0.2397339739675897,0.02703741125318568,1.7287797279130703,1.4059998046448638,66.21178868721061,0.999912034847917,0.7882768815736174,0.008445201197147185,0.6087517416307665,0.06423849895343854,0.609015076013069,0.08584526170874407
E2r_full_v6,S15_19760125_160000_transient,S15,transient,dropout,medium,1,899.9245283018868,63269,69230,SSA,0.1981539287835876,0.0223001455490579,1.4289359552088714,1.1596524531109889,67.86632662875587,0.9999046566294657,0.6055750937006837,0.008835028431565906,0.9336814615129846,0.8141277713265064,0.9342932713460543,0.2514738612635676
E2r_full_v6,S15_19760125_160000_transient,S15,transient,dropout,medium,1,899.9245283018868,63269,69230,UNet,0.17510014591670625,0.019507264098621056,1.2626895454390061,1.0144169963233944,68.94065021843149,0.999935394448165,0.5971201474601258,0.008939234094315707,0.7343069368942757,0.9348302180815823,0.7340009422885663,0.2996391734738593
E2r_full_v6,S15_19760125_160000_transient,S15,transient,dropout,medium,1,899.9245283018868,63269,69230,DSSRR,0.24247303438895043,0.02555832225935053,1.748531755761312,1.3290841999329084,66.113111430344,0.9999369475229866,0.835948738242678,0.01347825366153799,0.06742703790674275,0.06717778795840201,0.06746088663175592,0.03874263901829078
E2r_full_v6,S15_19760125_160000_transient,S15,transient,dropout,large,1,3600.0,54325,78174,Linear,0.38823997767992696,0.08465538225099178,1.3997875426311375,1.1004702763760372,62.02437531166426,0.9988606452069984,1.2991092921791205,0.03239270652347833,0.8638550286909636,0.9377817938315742,0.8635304948763554,0.5713408957022874
E2r_full_v6,S15_19760125_160000_transient,S15,transient,dropout,large,1,3600.0,54325,78174,CubicSpline,0.39176673861443667,0.08461534922235214,1.4125031729262607,1.0999498705031938,61.94582915464168,0.9988599491128317,1.2991296130019538,0.03239274412604714,0.8076862464112069,0.9417955696792912,0.8073714136622712,0.571171108246271
E2r_full_v6,S15_19760125_160000_transient,S15,transient,dropout,large,1,3600.0,54325,78174,FFT,0.466939628470402,0.10055226991558998,1.6835367624931583,1.307120484509428,60.42116571005454,0.999527862638146,1.6644272913659799,0.03101383574642184,0.3112512354476696,0.05822969844183858,0.31076715407844663,0.09553486739804473
E2r_full_v6,S15_19760125_160000_transient,S15,transient,dropout,large,1,3600.0,54325,78174,SSA,0.38870510387097673,0.08486774919753655,1.4014645410996458,1.1032309220212762,62.01397551548361,0.9988626590127763,1.2996905053750927,0.032367922096116136,0.8618776065590803,0.8946622886943227,0.8615555728720776,0.26540266196898005
E2r_full_v6,S15_19760125_160000_transient,S15,transient,dropout,large,1,3600.0,54325,78174,UNet,0.36828840463790163,0.07906238051097796,1.3278527471290968,1.0277645368596042,62.48261946760509,0.998858394998939,1.300224095520139,0.033272991305494985,0.8970647617556013,0.891415691429501,0.8967363928559002,0.30931211568268974
E2r_full_v6,S15_19760125_160000_transient,S15,transient,dropout,large,1,3600.0,54325,78174,DSSRR,0.6671339217585583,0.14358655123921094,2.405331255490045,1.8665408805031447,57.322119902761315,0.9966609766015704,2.1202546083718175,0.044653630232654284,0.5518238993710691,0.24314976828023552,0.5517933479708228,0.001802473341952937
E2r_full_v6,S15_19760125_160000_transient,S15,transient,spike,small,5,0.7547169811320755,62152,70323,Linear,0.002007931736056235,4.838147827994169e-06,0.5,0.3,107.75140042226616,0.999999999155944,0.0024857629163638527,0.000316002765103167,0.29999999999999993,0.07627945570939305,0.3005723570835698,1.3014034294656085e-12
E2r_full_v6,S15_19760125_160000_transient,S15,transient,spike,small,5,0.7547169811320755,62152,70323,CubicSpline,0.002007931736056235,4.838147827994169e-06,0.5,0.3,107.75140042226616,0.999999999155944,0.0024857629163638527,0.000316002765103167,0.29999999999999993,0.07627945570939305,0.3005723570835698,1.3014034294656085e-12
E2r_full_v6,S15_19760125_160000_transient,S15,transient,spike,small,5,0.7547169811320755,62152,70323,FFT,0.004443040711920385,1.5772361919260946e-05,1.1063724508500798,0.9779999999999973,100.8527743038316,0.9999999974838347,0.005592231427213025,0.0007106401378045543,0.9420000000000072,0.3321932510400146,0.9406351036652381,1.7077983471835978e-10
E2r_full_v6,S15_19760125_160000_transient,S15,transient,spike,small,5,0.7547169811320755,62152,70323,SSA,0.0033534535241926335,1.1037042448322939e-05,0.8350516763032811,0.6843760985016502,103.29653415643449,0.999999998073686,0.00417105700692366,0.0005254628315771695,0.6843760985016502,0.36776844250567414,0.6839941377582022,4.808820008861403e-12
E2r_full_v6,S15_19760125_160000_transient,S15,transient,spike,small,5,0.7547169811320755,62152,70323,UNet,0.0052908858909744136,1.9238901925149418e-05,1.317496455672892,1.192950439453125,99.3358123200654,0.9999999942225791,0.006619920809411192,0.0008740898623296266,1.192950439453125,0.27317972111766786,1.1926042962398467,1.1013412404281553e-12
E2r_full_v6,S15_19760125_160000_transient,S15,transient,spike,small,5,0.7547169811320755,62152,70323,DSSRR,0.0025398550688294974,6.450863770658891e-06,0.6324555320336759,0.4,105.71020099964758,0.999999999051362,0.003167938024057519,0.00039251880639169047,0.3999999999999999,0.12840930075572016,0.3999006664688067,2.1169732633552485e-12
E2r_full_v6,S15_19760125_160000_transient,S15,transient,spike,medium,10,5.283018867924528,61654,70858,Linear,0.003915323867616772,2.967397334503068e-05,0.3685019006649081,0.2628571428571409,101.95102625848236,0.9999999924674506,0.007581582825194289,0.00045561415269161404,0.20857142857142727,0.05895769204682737,0.2086110816098052,0.0006151921436942098
E2r_full_v6,S15_19760125_160000_transient,S15,transient,spike,medium,10,5.283018867924528,61654,70858,CubicSpline,0.0041985158525217284,2.918488058278284e-05,0.39515532403906833,0.258524675324676,101.3444641859137,0.9999999909454026,0.008140454624974355,0.00047318123112569186,0.16875800865800553,0.06772876089775443,0.16889290873141036,0.00011393204943410673
E2r_full_v6,S15_19760125_160000_transient,S15,transient,spike,medium,10,5.283018867924528,61654,70858,FFT,0.01455596893099906,0.0001360092039694101,1.3699766349999216,1.2047928446245724,90.545557959286,0.999999851999095,0.032584587081593126,0.001154346526738443,0.8866454880911777,0.1580403569625167,0.8868252844897304,0.04712148373863101
E2r_full_v6,S15_19760125_160000_transient,S15,transient,spike,medium,10,5.283018867924528,61654,70858,SSA,0.004475290075645268,3.906326509430526e-05,0.4212047214132271,0.3460290987650865,100.78995635555574,0.9999999891780216,0.009025167716018601,0.0004649784964683964,0.27419497110452895,0.06440122793115124,0.27366627833873086,0.0005271048180983673
E2r_full_v6,S15_19760125_160000_transient,S15,transient,spike,medium,10,5.283018867924528,61654,70858,UNet,0.07931072406677027,0.0006660042399184087,7.464555564213044,5.899579729352679,75.81974208210056,0.9999954330449016,0.1751920729660687,0.007427410107110839,4.278839983258929,0.10674405547293374,4.281158430737911,0.030310844701910256
E2r_full_v6,S15_19760125_160000_transient,S15,transient,spike,medium,10,5.283018867924528,61654,70858,DSSRR,0.02177472128738801,0.0001838496174637784,2.04939015319192,1.6285714285714286,87.04732827288056,0.9999995870566938,0.04685928766803077,0.001997651424572001,0.8857142857142858,0.13504486861495774,0.8863189681203137,0.10360695148830223
E2r_full_v6,S15_19760125_160000_transient,S15,transient,spike,large,20,23.547169811320753,61477,71019,Linear,0.009361818477534959,0.00016682743559622292,0.4173534226434617,0.33155455655455496,94.3791760079044,0.999999926783168,0.019337898680315112,0.0010076296463371608,0.27672050172049817,0.054616723454858476,0.2760183751498496,0.06366778249485594
E2r_full_v6,S15_19760125_160000_transient,S15,transient,spike,large,20,23.547169811320753,61477,71019,CubicSpline,0.010130645201117448,0.00016590015620293367,0.4516280099233679,0.329711671977774,93.69363822390218,0.9999999066354973,0.02251925145998129,0.001030607644356979,0.2554062937165305,0.06568101590967766,0.2547152627241506,0.07884752799752648
E2r_full_v6,S15_19760125_160000_transient,S15,transient,spike,large,20,23.547169811320753,61477,71019,FFT,0.04121448706205415,0.0007173964609918727,1.83735748339057,1.4257610844876683,81.5053823925402,0.9999989253591041,0.08784434625623735,0.003454344584303493,0.38380941683441067,0.1819676774178522,0.3828540660341545,0.14013631715794883
E2r_full_v6,S15_19760125_160000_transient,S15,transient,spike,large,20,23.547169811320753,61477,71019,SSA,0.013929602404492562,0.00024069239584326366,0.6209869646082181,0.4783545361388596,90.92760594721754,0.9999998191018483,0.032970577346237616,0.0010452774598582082,0.2842642138986637,0.07354189271765672,0.2832475288475925,0.11354056260067291
E2r_full_v6,S15_19760125_160000_transient,S15,transient,spike,large,20,23.547169811320753,61477,71019,UNet,0.5288159737764581,0.009118258929255394,23.574816915511562,18.12172131660657,59.34028907303797,0.998384031976944,1.2798936626346429,0.0735506861222147,17.060505793644836,0.20545818005389044,16.805553197915273,0.04730788437688083
E2r_full_v6,S15_19760125_160000_transient,S15,transient,spike,large,20,23.547169811320753,61477,71019,DSSRR,0.0397955657793272,0.0006870169915751719,1.774101433806956,1.3653846153846154,81.80968670555,0.9999984533392159,0.10458888418767354,0.003290398505254005,0.2884615384615384,0.180160486211692,0.2885017959233886,0.10078824962732735
E2r_full_v6,S15_19761114_230000_stationary,S15,stationary,dropout,small,1,299.92452830188677,278039,280025,Linear,0.060715798945602195,0.003881599600311232,0.7584183690703388,0.6056545614907364,78.1379984889843,0.9999946854424123,0.17846238007633594,0.003111372270744424,0.4088810669755828,0.7914391585839652,0.40877666226155535,0.6102487069132327
E2r_full_v6,S15_19761114_230000_stationary,S15,stationary,dropout,small,1,299.92452830188677,278039,280025,CubicSpline,0.06190392836858335,0.0038112187951472335,0.7732596327096294,0.5946728889644025,77.9696685757425,0.9999926563335175,0.17889936585391175,0.0032819216636033816,0.3509053743685085,0.8232737046496988,0.35080941225716095,0.6021253737584384
E2r_full_v6,S15_19761114_230000_stationary,S15,stationary,dropout,small,1,299.92452830188677,278039,280025,FFT,0.08098881543334094,0.0053085100148834085,1.0116544026526753,0.828298546036433,75.63553183515873,0.9999888875306282,0.3093653260618559,0.002897436208987369,0.22824513604350866,0.24508134174453097,0.22770618468276413,0.2722614313751062
E2r_full_v6,S15_19761114_230000_stationary,S15,stationary,dropout,small,1,299.92452830188677,278039,280025,SSA,0.060286219644775,0.0038806254559205426,0.7530523714490007,0.6055025635892206,78.19967174231417,0.9999947138164281,0.1754460909759435,0.003135422020968782,0.40024009791009224,0.6863606605252632,0.40005932774509445,0.42187120180416654
E2r_full_v6,S15_19761114_230000_stationary,S15,stationary,dropout,small,1,299.92452830188677,278039,280025,UNet,0.056952040465810594,0.003881406162088082,0.7114041879611406,0.6056243788974034,78.69384700219202,0.9999959988690821,0.17691443406319585,0.0028678715281902378,0.4500912885661093,0.7528071632064218,0.45000245916315534,0.4598860428702145
E2r_full_v6,S15_19761114_230000_stationary,S15,stationary,dropout,small,1,299.92452830188677,278039,280025,DSSRR,0.08469569359166194,0.004922009057012734,1.0579580754363456,0.7679919476597886,75.246806194982,0.9999957571849823,0.24302314280872234,0.005084055079926841,0.22043281328636133,0.11175596240025298,0.22033630396836365,0.0017221559768636485
E2r_full_v6,S15_19761114_230000_stationary,S15,stationary,dropout,medium,1,899.9245283018868,276051,282012,Linear,0.12049247400825584,0.01341127470100436,0.8689004023256485,0.6974132779605143,72.18483434114918,0.9999528670515572,0.3797564167683853,0.005935372052499381,0.4514732208625626,0.8757801837005336,0.4513436018209807,0.5461039614077948
E2r_full_v6,S15_19761114_230000_stationary,S15,stationary,dropout,medium,1,899.9245283018868,276051,282012,CubicSpline,0.12337878354939165,0.013505111020993898,0.8897142792268516,0.7022929554687797,71.97922309313365,0.9999480076273979,0.3796443415468901,0.006103650173587425,0.39434427729735144,0.8906457352863995,0.3942203275134069,0.5442015175727326
E2r_full_v6,S15_19761114_230000_stationary,S15,stationary,dropout,medium,1,899.9245283018868,276051,282012,FFT,0.14948977831668253,0.01688496273938554,1.078006984187557,0.8780520476129041,70.31180281622166,0.9999607532813458,0.5295042040398814,0.0057335454001898436,0.2427202839838767,0.08896830799097287,0.2424972484755537,0.17499853262315057
E2r_full_v6,S15_19761114_230000_stationary,S15,stationary,dropout,medium,1,899.9245283018868,276051,282012,SSA,0.12053092517373767,0.013466947173965576,0.8691776829892919,0.700308358609123,72.18206297053726,0.999952791693812,0.3796767899224603,0.005932863396516994,0.4516782044447331,0.8671332715545065,0.45154952174068735,0.41223949469216986
E2r_full_v6,S15_19761114_230000_stationary,S15,stationary,dropout,medium,1,899.9245283018868,276051,282012,UNet,0.11571715284226144,0.013371001243951165,0.8344644052518194,0.6953189771334525,72.53607798277585,0.9999519295080558,0.3827314323878141,0.005849072732905563,0.5165758974463699,0.8448193845951119,0.5164813143502043,0.317394453267884
E2r_full_v6,S15_19761114_230000_stationary,S15,stationary,dropout,medium,1,899.9245283018868,276051,282012,DSSRR,0.17019218500198058,0.018287225471221056,1.2272970510238652,0.9509725320690192,69.18524049383092,0.9999689378975669,0.5728959255803916,0.011949359829436717,0.10633281143140781,0.07033147305929228,0.10629620134482942,0.028312372156657717
E2r_full_v6,S15_19761114_230000_stationary,S15,stationary,dropout,large,1,3600.0,267107,290956,Linear,0.3318445329795994,0.07673868421131266,1.1964554658460338,0.997557848978555,63.385339429804475,0.9994329655825955,0.7873137383091664,0.022994286284773336,0.8610770715051052,0.9438812218224425,0.8615103117453081,0.5285925516649236
E2r_full_v6,S15_19761114_230000_stationary,S15,stationary,dropout,large,1,3600.0,267107,290956,CubicSpline,0.3363534973593472,0.0768417851707317,1.2127124010711383,0.9988981009305231,63.26811381802767,0.9994275111344921,0.787309367178568,0.023018268307945306,0.8429179245674806,0.9479786335392307,0.8433377684353681,0.5284227642089072
E2r_full_v6,S15_19761114_230000_stationary,S15,stationary,dropout,large,1,3600.0,267107,290956,FFT,0.3599523853536753,0.07952198426064093,1.2977974807474035,1.0337391158168585,62.67913165525735,0.9997988918530754,1.1181355544053484,0.022366391542391863,0.590103235888061,0.08896588062235501,0.5901093523366534,0.17352633836425357
E2r_full_v6,S15_19761114_230000_stationary,S15,stationary,dropout,large,1,3600.0,267107,290956,SSA,0.3318179809525411,0.07674824124807324,1.196359733312435,0.9976820848464416,63.38603444563549,0.9994334374627802,0.7871239723096854,0.02299341911303593,0.8609448368364009,0.9424314702622524,0.8613763383900709,0.46578779515724855
E2r_full_v6,S15_19761114_230000_stationary,S15,stationary,dropout,large,1,3600.0,267107,290956,UNet,0.24369811182442885,0.05503140995928935,0.8786462000463958,0.7153760259177455,66.0669894879853,0.9994866836902649,0.7884502288524567,0.0247212536282661,0.4919382522940774,0.9331108542360683,0.4917820960133971,0.25887540365389006
E2r_full_v6,S15_19761114_230000_stationary,S15,stationary,dropout,large,1,3600.0,267107,290956,DSSRR,0.4761397780458468,0.10260780535320932,1.7167076246053232,1.3338412385948681,60.249343470365275,0.9989801286323713,1.2681111233408975,0.031191710714626918,0.5254429402774778,0.4503988677896776,0.5261216649056717,0.005797531964738645
E2r_full_v6,S15_19761114_230000_stationary,S15,stationary,spike,small,5,0.7547169811320755,274934,283105,Linear,0.001317808252472334,3.857602392636262e-06,0.32815066090360023,0.23919912308067523,111.40698581504851,0.9999999998747242,0.0019175882061335837,0.0002155149213696772,0.23919912308067526,0.19374402946941718,0.23922670974958463,4.959144206395649e-12
E2r_full_v6,S15_19761114_230000_stationary,S15,stationary,spike,small,5,0.7547169811320755,274934,283105,CubicSpline,0.001319951685175508,3.8718649395385445e-06,0.3286844023313302,0.24008350367895445,111.39286958480689,0.999999999874395,0.0019207600035102523,0.00021566321740953265,0.24008350367895448,0.19604490031864663,0.240111481713393,4.963807143099075e-12
E2r_full_v6,S15_19761114_230000_stationary,S15,stationary,spike,small,5,0.7547169811320755,274934,283105,FFT,0.002406947813679987,7.630866853796577e-06,0.5993599708741734,0.47316868717673516,106.17469853987748,0.9999999995678214,0.003492269299288278,0.0003897035736690202,0.4031686871767306,0.36022483003504807,0.40330762353459015,7.400613455388338e-11
E2r_full_v6,S15_19761114_230000_stationary,S15,stationary,spike,small,5,0.7547169811320755,274934,283105,SSA,0.0013857991201228278,5.173804647865209e-06,0.34508123340006214,0.32081313956110763,110.97002488714605,0.9999999998420906,0.0019941013690633475,0.0002282286526453491,0.30853140180623767,0.13491534085041235,0.30863356682738186,3.848921181770493e-12
E2r_full_v6,S15_19761114_230000_stationary,S15,stationary,spike,small,5,0.7547169811320755,274934,283105,UNet,0.006590633158405695,2.4221438231629795e-05,1.6411497064512541,1.501903564716315,97.42548989318638,0.9999999969960757,0.009569745393337612,0.0009654048172745918,1.388610107685065,0.38414624066004055,1.3889301208031157,5.942579761608613e-12
E2r_full_v6,S15_19761114_230000_stationary,S15,stationary,spike,small,5,0.7547169811320755,274934,283105,DSSRR,0.002540453614688999,6.549898542063421e-06,0.6326045774042812,0.40614086887743495,105.70580670717233,0.9999999994789038,0.003645764912652611,0.00036374444009056576,0.006140868877434969,0.6605141543007119,0.006430641559495599,6.225464588283103e-12
E2r_full_v6,S15_19761114_230000_stationary,S15,stationary,spike,medium,10,5.283018867924528,274436,283640,Linear,0.0042591073804955654,2.588863131453376e-05,0.400858068940256,0.22932593423522252,101.21766074159436,0.9999999960798754,0.008750064318465893,0.0004762121987418436,0.20551641042569768,0.07777027796095712,0.20544879154363446,0.00254099105547434
E2r_full_v6,S15_19761114_230000_stationary,S15,stationary,spike,medium,10,5.283018867924528,274436,283640,CubicSpline,0.004204680565160245,2.389793331202527e-05,0.3957355335954566,0.21169199006648765,101.32937237814993,0.9999999961145161,0.008720866445324792,0.00046215799519998664,0.1985306144051119,0.07530593618167394,0.19846550858695122,0.020082928792854893
E2r_full_v6,S15_19761114_230000_stationary,S15,stationary,spike,medium,10,5.283018867924528,274436,283640,FFT,0.009211628487146024,8.386985885857801e-05,0.8669787533562401,0.7429335874593741,94.51730443891549,0.9999999786319341,0.021497932766757002,0.0007274270359329553,0.5031983067164723,0.2118925395715605,0.5032253974295225,0.11403877867600787
E2r_full_v6,S15_19761114_230000_stationary,S15,stationary,spike,medium,10,5.283018867924528,274436,283640,SSA,0.005201169268391137,3.8487645916065296e-05,0.48952291710383794,0.34093016540666343,99.48201285685028,0.9999999943163044,0.010923993925919952,0.000541322759338347,0.24901260468096295,0.08529786522042167,0.24867498674965907,0.008323309326710104
E2r_full_v6,S15_19761114_230000_stationary,S15,stationary,spike,medium,10,5.283018867924528,274436,283640,UNet,0.07707228006861537,0.0006878824257482042,7.253878007070338,6.09338044997915,76.06606863028748,0.9999981376494519,0.18420370890387672,0.008638442332700036,5.637808628217419,0.18802761720424457,5.654280323988435,0.10359054493637454
E2r_full_v6,S15_19761114_230000_stationary,S15,stationary,spike,medium,10,5.283018867924528,274436,283640,DSSRR,0.011403996356708617,0.00010413919981662894,1.073319723913613,0.9224828844099534,92.66289134242932,0.9999999646449307,0.02682515421386979,0.0008002472250981011,0.351054312981382,0.3013506586657029,0.3510666269020541,0.1692841289576773
E2r_full_v6,S15_19761114_230000_stationary,S15,stationary,spike,large,20,23.547169811320753,274259,283801,Linear,0.008338240087328865,0.00010980434479084446,0.37172190932994126,0.21822628103573238,95.38254479439188,0.999999981640951,0.01862374247431121,0.0008120865055713742,0.14953409478649515,0.0517839874849308,0.1493302859595619,0.05679101131283926
E2r_full_v6,S15_19761114_230000_stationary,S15,stationary,spike,large,20,23.547169811320753,274259,283801,CubicSpline,0.008565148179059763,0.00010609017508454258,0.3818375582219419,0.21084470206737976,95.14933509920341,0.9999999815454969,0.01937221871730928,0.000812971073921304,0.13722907423710226,0.05224533524772709,0.13700305213562522,0.04294663898414519
E2r_full_v6,S15_19761114_230000_stationary,S15,stationary,spike,large,20,23.547169811320753,274259,283801,FFT,0.03374443159353873,0.0006108165963861097,1.504339574038591,1.2139431684433584,83.2399904281055,0.9999997106365475,0.08188515652901958,0.0027605472690586034,0.45120570853641256,0.16060540843678753,0.4505897166209864,0.10527876323420449
E2r_full_v6,S15_19761114_230000_stationary,S15,stationary,spike,large,20,23.547169811320753,274259,283801,SSA,0.011034606300257169,0.00016778886526101107,0.4919269389794936,0.333465311731172,92.94889588322611,0.9999999657864401,0.026495660485078745,0.0008279291091004121,0.22394845312979583,0.06293360419732463,0.223509696321352,0.05236437398838378
E2r_full_v6,S15_19761114_230000_stationary,S15,stationary,spike,large,20,23.547169811320753,274259,283801,UNet,0.5360131606821256,0.009203488010931519,23.895670240716814,18.29110646767413,59.22052371330522,0.999062314168422,1.4806742549680638,0.0645609307105371,17.515756408317642,0.18041217636744142,17.256926659652756,0.07866607122441593
E2r_full_v6,S15_19761114_230000_stationary,S15,stationary,spike,large,20,23.547169811320753,274259,283801,DSSRR,0.025702589638501513,0.00044828968297259454,1.1458312059959428,0.8909355137826367,85.60449511830637,0.9999996454202013,0.0673541654367556,0.0017582464175442106,0.2811342563801825,0.1149374199409025,0.2812750679882131,0.04921246425981196
E2r_full_v6,S15_19761114_230000_transient,S15,transient,dropout,small,1,299.92452830188677,65257,67243,Linear,0.08722246203102928,0.005715948791096446,1.0895206609920476,0.8918721184682324,74.99146594600354,0.9999805838776138,0.2805178976514867,0.004172645687345232,0.6614756480503555,0.8194409551213007,0.6616420660347209,0.6036116604186922
E2r_full_v6,S15_19761114_230000_transient,S15,transient,dropout,small,1,299.92452830188677,65257,67243,CubicSpline,0.08805667923852231,0.005691979277810683,1.099941106163561,0.8881321023529506,74.90878670355414,0.9999785118627869,0.2810967444775639,0.0042291217147148496,0.60516104183806,0.8528396615709868,0.6053178774980932,0.5954883272638979
E2r_full_v6,S15_19761114_230000_transient,S15,transient,dropout,small,1,299.92452830188677,65257,67243,FFT,0.09980451338086524,0.0065686158615215085,1.2466866545228474,1.0249156453158945,73.82102914343994,0.9999816642605535,0.32009536760376794,0.004125273379696878,0.2664278766806569,0.15082859362133408,0.2656021962922842,0.14995063071805803
E2r_full_v6,S15_19761114_230000_transient,S15,transient,dropout,small,1,299.92452830188677,65257,67243,SSA,0.08945514583414402,0.005865372039027866,1.1174097514432029,0.9151869579728452,74.77192621196434,0.9999798902390785,0.28255153548877143,0.004197815114852048,0.6279742461678637,0.5285466064456374,0.6281454922422439,0.2754383172780677
E2r_full_v6,S15_19761114_230000_transient,S15,transient,dropout,small,1,299.92452830188677,65257,67243,UNet,0.08695297792412372,0.005515569632185859,1.0861544581190063,0.8606065155935455,75.01834357099868,0.9999832397657669,0.27650628346280776,0.00415148706933483,0.6702338085740911,0.7848246402529258,0.6704051053928598,0.4635805425543087
E2r_full_v6,S15_19761114_230000_transient,S15,transient,dropout,small,1,299.92452830188677,65257,67243,DSSRR,0.12653475364015757,0.0076765278870840805,1.580581712718062,1.1977856064418722,71.75983629614946,0.9999792106490814,0.372672740679947,0.006640373557895678,0.12481127327629582,0.15627629573576599,0.12481310358134616,0.05457416239902069
E2r_full_v6,S15_19761114_230000_transient,S15,transient,dropout,medium,1,899.9245283018868,63269,69230,Linear,0.18180821202810438,0.019688036228050935,1.3110630342481207,1.0238175109023817,68.61176285718993,0.9999345184631148,0.4707838144104015,0.009611482925527335,1.0238175109023815,0.18939032853804819,1.0246845528142199,0.6578354828187543
E2r_full_v6,S15_19761114_230000_transient,S15,transient,dropout,medium,1,899.9245283018868,63269,69230,CubicSpline,0.18180821202810438,0.019688036228050935,1.3110630342481207,1.0238175109023817,68.61176285718993,0.9999345184631148,0.4707838144104015,0.009611482925527335,1.0238175109023815,0.18939032853804819,1.0246845528142199,0.6578354828187543
E2r_full_v6,S15_19761114_230000_transient,S15,transient,dropout,medium,1,899.9245283018868,63269,69230,FFT,0.19132175937014717,0.021266210929672683,1.3796675274422656,1.1058857718537405,68.1687454548462,0.9999657276886362,0.6080629926117992,0.009132814381749333,0.37714994445062605,0.05583723996022685,0.37699193565594535,0.12867176328705976
E2r_full_v6,S15_19761114_230000_transient,S15,transient,dropout,medium,1,899.9245283018868,63269,69230,SSA,0.18253040140467536,0.019876385837271655,1.3162709166907602,1.0336120696820454,68.57732859627565,0.9999349681137769,0.4750117933344236,0.009599835453354666,0.9897241751012312,0.1848536572109418,0.99058501374709,0.2739668110366012
E2r_full_v6,S15_19761114_230000_transient,S15,transient,dropout,medium,1,899.9245283018868,63269,69230,UNet,0.14529985181541094,0.015662930618307983,1.0477924097700682,0.8145039176748967,70.5587293458139,0.9999558945882027,0.4744046462090171,0.010945845211919429,0.7871550387561981,0.2770538836820526,0.7873848990408057,0.43239960315898174
E2r_full_v6,S15_19761114_230000_transient,S15,transient,dropout,medium,1,899.9245283018868,63269,69230,DSSRR,0.28863416320001734,0.030522261930872544,2.08141083161956,1.5872190540087219,64.59707810184499,0.9986189931073641,0.773305019488352,0.022733926377459603,0.4942972156994298,0.29855793894747074,0.4944008989268426,0.01840981178477552
E2r_full_v6,S15_19761114_230000_transient,S15,transient,dropout,large,1,3600.0,54325,78174,Linear,0.45564745099131826,0.10233005199396199,1.6428231568030387,1.330230607966457,60.631453872394836,0.9993586102336779,0.9810873975292665,0.034447601196417,1.330230607966457,0.1866592487261059,1.3296230595966199,0.662371021522391
E2r_full_v6,S15_19761114_230000_transient,S15,transient,dropout,large,1,3600.0,54325,78174,CubicSpline,0.45564745099131826,0.10233005199396199,1.6428231568030387,1.330230607966457,60.631453872394836,0.9993586102336779,0.9810873975292665,0.034447601196417,1.330230607966457,0.1866592487261059,1.3296230595966199,0.662371021522391
E2r_full_v6,S15_19761114_230000_transient,S15,transient,dropout,large,1,3600.0,54325,78174,FFT,0.38995989074445586,0.08584913336650916,1.4059886373677564,1.115988340143356,61.983633972789534,0.9998740803301617,1.2935634732392818,0.03306268940441501,0.27387473056832795,0.09618869969185752,0.27316690985292286,0.17843960350235027
E2r_full_v6,S15_19761114_230000_transient,S15,transient,dropout,large,1,3600.0,54325,78174,SSA,0.4551386017170063,0.10231682771642013,1.6409885160751179,1.3300587001210915,60.64115935500688,0.9993616084172909,0.9799806684726889,0.03443201469450049,1.3216963176076675,0.1968700143403475,1.3210877843989854,0.3222509065689207
E2r_full_v6,S15_19761114_230000_transient,S15,transient,dropout,large,1,3600.0,54325,78174,UNet,0.30437680355190494,0.06679127825358638,1.0974213949422191,0.8682474106762644,64.13580173497269,0.9994092293027251,0.9803169699354343,0.034081627003141914,0.8614707246216589,0.16463357214200308,0.8617084107541694,0.4117028557353315
E2r_full_v6,S15_19761114_230000_transient,S15,transient,dropout,large,1,3600.0,54325,78174,DSSRR,0.46381049965696913,0.09741126836883458,1.6722547828307173,1.2662893081761006,60.47722125578726,0.9993226391546592,1.3786669837393963,0.04088574788534122,0.1516561844863731,0.12221472502999349,0.1514511550086248,0.031270760111442475
E2r_full_v6,S15_19761114_230000_transient,S15,transient,spike,small,5,0.7547169811320755,62152,70323,Linear,0.0008979743712001815,1.6127159426647227e-06,0.22360679774997896,0.1,114.73874855209363,0.9999999999173672,0.0012940518169185429,0.0001504553816468853,0.1,0.01822172467141018,0.10024462143873052,1.9320101074526974e-12
E2r_full_v6,S15_19761114_230000_transient,S15,transient,spike,small,5,0.7547169811320755,62152,70323,CubicSpline,0.0008979743712001815,1.6127159426647227e-06,0.22360679774997896,0.1,114.73874855209363,0.9999999999173672,0.0012940518169185429,0.0001504553816468853,0.1,0.01822172467141018,0.10024462143873052,1.9320101074526974e-12
E2r_full_v6,S15_19761114_230000_transient,S15,transient,spike,small,5,0.7547169811320755,62152,70323,FFT,0.002640487492703747,8.240978467016756e-06,0.6575142584005146,0.5110000000000013,105.37034985694316,0.9999999990315457,0.003772650432443584,0.0004678959460178761,0.35300000000000864,0.22586095227322295,0.35294710454325007,1.4961143435243685e-11
E2r_full_v6,S15_19761114_230000_transient,S15,transient,spike,small,5,0.7547169811320755,62152,70323,SSA,0.0007140515001618014,2.414444758760722e-06,0.17780771311585145,0.14971295904542786,116.729433537757,0.9999999999461627,0.0010305089012565222,0.00012127035161049804,0.14971295904542786,0.01415429332682252,0.14960452897230425,1.5714096690544466e-12
E2r_full_v6,S15_19761114_230000_transient,S15,transient,spike,small,5,0.7547169811320755,62152,70323,UNet,0.006432713469964501,2.3637057061266676e-05,1.6018257380101348,1.465667724609375,97.63614852451978,0.9999999958110531,0.009268960668174047,0.0010809873513534787,1.465667724609375,0.22987004801724767,1.466350949442392,2.764677375921565e-12
E2r_full_v6,S15_19761114_230000_transient,S15,transient,spike,small,5,0.7547169811320755,62152,70323,DSSRR,0.0,0.0,0.0,0.0,173.80403277364803,1.0000000000000009,0.0,0.0,0.0,0.0,0.0,0.0
E2r_full_v6,S15_19761114_230000_transient,S15,transient,spike,medium,10,5.283018867924528,61654,70858,Linear,0.0057847952263060266,3.54797507386239e-05,0.5444525428617002,0.3142857142857143,98.55827284106616,0.999999987236391,0.012693440395116069,0.000595271617026435,0.17142857142857143,0.11586476130700743,0.17152501082023752,0.2254824695063129
E2r_full_v6,S15_19761114_230000_transient,S15,transient,spike,medium,10,5.283018867924528,61654,70858,CubicSpline,0.005763520505377132,3.487498226012463e-05,0.5424502116718705,0.30892857142857144,98.59027579039123,0.9999999872479233,0.012686827800587901,0.0005859753160635608,0.16607142857142856,0.11396094165003409,0.16617209962286744,0.21664097247967418
E2r_full_v6,S15_19761114_230000_transient,S15,transient,spike,medium,10,5.283018867924528,61654,70858,FFT,0.008311276280999038,7.175563037578208e-05,0.7822395311485609,0.635623674833885,95.41067832598488,0.9999999787430135,0.018999845858533794,0.0009060648200962651,0.5473165651849285,0.26882403834474977,0.5474879735844346,0.10504942547697049
E2r_full_v6,S15_19761114_230000_transient,S15,transient,spike,medium,10,5.283018867924528,61654,70858,SSA,0.005820595502934217,4.2841189389681216e-05,0.5478219882582689,0.37949459981769157,98.50468425690151,0.9999999883780178,0.012818857224282406,0.0006237839256991306,0.25856500104713404,0.12013045699167654,0.25826902605068974,0.2523337325608036
E2r_full_v6,S15_19761114_230000_transient,S15,transient,spike,medium,10,5.283018867924528,61654,70858,UNet,0.08018120833558891,0.0006504534020154616,7.546483680099363,5.761827741350446,75.72258083682154,0.9999968757349903,0.1926049860881127,0.009044259642994892,5.190399169921877,0.11707446120818006,5.192599913937531,0.16313789870459428
E2r_full_v6,S15_19761114_230000_transient,S15,transient,spike,medium,10,5.283018867924528,61654,70858,DSSRR,0.011912976242505296,8.386122901856559e-05,1.121223821162776,0.7428571428571429,92.28362722922418,0.9999999515255373,0.026933666432165465,0.0011653947442500849,0.6285714285714287,0.22483716987968233,0.6284294551942935,0.14356756571386176
E2r_full_v6,S15_19761114_230000_transient,S15,transient,spike,large,20,23.547169811320753,61477,71019,Linear,0.01081533603553916,0.00017602177819055838,0.4821517873160003,0.3498274873274869,93.1232323837856,0.9999999478846953,0.02700553299875257,0.0010203862176013817,0.2296883671883654,0.05504621024934687,0.2294728062104686,0.09295455088628357
E2r_full_v6,S15_19761114_230000_transient,S15,transient,spike,large,20,23.547169811320753,61477,71019,CubicSpline,0.01099833808016192,0.00016851324442223534,0.4903100879557037,0.33490495030571893,92.97749142938744,0.9999999478953581,0.027499199487375142,0.00101850896697968,0.1866765001934389,0.05960685357373813,0.18644557216927277,0.08126672025766146
E2r_full_v6,S15_19761114_230000_transient,S15,transient,spike,large,20,23.547169811320753,61477,71019,FFT,0.03674401224268643,0.0006576557766022748,1.6380620183928551,1.3070318356068134,82.50030122819398,0.9999995579335621,0.09549712721240566,0.0031227101316623853,0.5660796952657464,0.17398636538451207,0.5649702171122081,0.10920892644014446
E2r_full_v6,S15_19761114_230000_transient,S15,transient,spike,large,20,23.547169811320753,61477,71019,SSA,0.011807784332856742,0.0001899023519338559,0.5263955092676815,0.3774138819497753,92.36066449774603,0.9999999347742592,0.028705476382965864,0.0010593306388087785,0.22611320773261134,0.046110084017194124,0.22513079872316935,0.018166181447625385
E2r_full_v6,S15_19761114_230000_transient,S15,transient,spike,large,20,23.547169811320753,61477,71019,UNet,0.5353382977377025,0.009251486550843591,23.865584594392214,18.386499258188103,59.23146650109964,0.9991407943242082,1.4722933879193663,0.06487044229942623,17.47934859838241,0.18717471496172886,17.222637579476785,0.055642272001801496
E2r_full_v6,S15_19761114_230000_transient,S15,transient,spike,large,20,23.547169811320753,61477,71019,DSSRR,0.027996070226641724,0.00048704021468474627,1.2480754415067656,0.967948717948718,84.86209128316347,0.9999994544041655,0.07357131639751091,0.0022630917376720533,0.13461538461538472,0.15092525094396533,0.13463769756801644,0.11901077198975263
E2r_full_v6,S16_19760125_160000_stationary,S16,stationary,dropout,small,1,299.92452830188677,278040,280026,Linear,0.17097337307112104,0.01124299508381517,2.1356806322335427,1.7542750210371436,68.88521666951627,0.9999843028076664,1.7527218184545712,0.0032625718757140895,1.1756801503535557,0.8966578025186104,1.1743176045025778,0.35449981876288766
E2r_full_v6,S16_19760125_160000_stationary,S16,stationary,dropout,small,1,299.92452830188677,278040,280026,CubicSpline,0.1749709995046043,0.011509952824851007,2.1856162052150943,1.795929161529105,68.68446481196128,0.9999810549434072,1.754277425498747,0.0034831961308050097,1.0865996631273198,0.9305669797936256,1.0852917909026307,0.3463764856076733
E2r_full_v6,S16_19760125_160000_stationary,S16,stationary,dropout,small,1,299.92452830188677,278040,280026,FFT,0.2305546483040969,0.013644310502681438,2.8799285421458714,2.1289587797281557,66.28830861332746,0.999966087687437,2.5346854707692015,0.002799815909530113,0.4689642878800156,0.06988027713121583,0.46670752825337225,0.036446798316328854
E2r_full_v6,S16_19760125_160000_stationary,S16,stationary,dropout,small,1,299.92452830188677,278040,280026,SSA,0.17128804356177968,0.011257768322113306,2.139611277458373,1.756580129483162,68.8692452874592,0.9999843828041735,1.7561770428714274,0.003262475864742108,1.1777166032115574,0.8938099202213233,1.1763331981828065,0.34492579151303887
E2r_full_v6,S16_19760125_160000_stationary,S16,stationary,dropout,small,1,299.92452830188677,278040,280026,UNet,0.16768557032097478,0.010716256363340807,2.0946116837185556,1.6720865496331625,69.05387241972224,0.9999886693906092,1.7260643885244522,0.002916324629964313,1.2409776093435454,0.7237770716085405,1.2413660567994225,0.24146240441708144
E2r_full_v6,S16_19760125_160000_stationary,S16,stationary,dropout,small,1,299.92452830188677,278040,280026,DSSRR,0.2160740057278002,0.013724168405706417,2.699046412156959,2.1414192249622546,66.85173580076567,0.9999810418565543,2.1434513129845763,0.00534201897397531,0.4735782586814293,0.16832833241002354,0.4743316762871962,0.0463511140083081
E2r_full_v6,S16_19760125_160000_stationary,S16,stationary,dropout,medium,1,899.9245283018868,276052,282013,Linear,0.3654031295137008,0.040892918023837044,2.635014683646704,2.126520903280168,62.288341014538354,0.9998953528077521,3.0986030237686877,0.007159320588086839,1.7664099135769762,0.9756398203401672,1.763390293658796,0.35914903116762975
E2r_full_v6,S16_19760125_160000_stationary,S16,stationary,dropout,medium,1,899.9245283018868,276052,282013,CubicSpline,0.3695933635381152,0.04116067561707517,2.6652315244190925,2.1404448819676514,62.18930297842575,0.9998833293786363,3.0986086046541197,0.007443070008301976,1.7182928817882468,0.9905587896833179,1.7153327102518185,0.3572465873304515
E2r_full_v6,S16_19760125_160000_stationary,S16,stationary,dropout,medium,1,899.9245283018868,276052,282013,FFT,0.41469013657531456,0.04496034777753892,2.9904357975632485,2.3380361194070503,61.18931215050071,0.9998783423485803,4.023812153300918,0.005730801171104388,0.9456228818971966,0.09767923090823075,0.946293477428679,0.02666788420792865
E2r_full_v6,S16_19760125_160000_stationary,S16,stationary,dropout,medium,1,899.9245283018868,276052,282013,SSA,0.3655444467391964,0.04093972149306948,2.6360337580173274,2.128954785734113,62.284982454007405,0.9998951412245097,3.101003572149188,0.007158273843565681,1.765471203244617,0.9699946810054928,1.7624447541609365,0.3188865044775408
E2r_full_v6,S16_19760125_160000_stationary,S16,stationary,dropout,medium,1,899.9245283018868,276052,282013,UNet,0.3003158215391241,0.0327955698445367,2.165653590707257,1.7054411418803463,63.99222201113769,0.9999395463905244,3.125177052124766,0.005973930985278541,1.2735285101541534,0.9709541078867157,1.2736615317955975,0.09612669010087083
E2r_full_v6,S16_19760125_160000_stationary,S16,stationary,dropout,medium,1,899.9245283018868,276052,282013,DSSRR,0.43080245132952405,0.04616223224969923,3.106625787565202,2.4005367326400537,60.85822294928696,0.9998542418412151,4.128470163293601,0.013129686277218871,0.19624287151962425,0.24079892629997152,0.1963524795482624,0.03637708522293759
E2r_full_v6,S16_19760125_160000_stationary,S16,stationary,dropout,large,1,3600.0,267108,290957,Linear,0.7535113947257379,0.1667102160322735,2.716767013255628,2.167141939119413,56.001989782469444,0.9995516160148119,6.469629146943961,0.0234373283261137,1.080348146735933,0.9886158014643307,1.0834949776283385,0.3631023988974429
E2r_full_v6,S16_19760125_160000_stationary,S16,stationary,dropout,large,1,3600.0,267108,290957,CubicSpline,0.8002361552122512,0.17822444696909076,2.885232001151707,2.316820665197316,55.479422881846844,0.9995067813935566,6.46971623185866,0.02361638121072745,1.0554442827491297,0.9927452432542206,1.0580751022138166,0.362932611407441
E2r_full_v6,S16_19760125_160000_stationary,S16,stationary,dropout,large,1,3600.0,267108,290957,FFT,0.7848864080341668,0.17343059967268135,2.82988886090575,2.25450326334252,55.647650097511956,0.9996942027409278,8.039864494660655,0.021258486568819842,0.35490132909833566,0.06517924961812895,0.3531809022634827,0.038364623779404916
E2r_full_v6,S16_19760125_160000_stationary,S16,stationary,dropout,large,1,3600.0,267108,290957,SSA,0.7535204038300055,0.1667247621826212,2.7167994953620225,2.167331031145213,56.00188593318706,0.9995517059680092,6.46926017009091,0.023437766854206673,1.0802808076592354,0.9885057408857231,1.0834286599179006,0.3553505685056631
E2r_full_v6,S16_19760125_160000_stationary,S16,stationary,dropout,large,1,3600.0,267108,290957,UNet,0.6157769805443047,0.13562831136053796,2.2201689317171214,1.7630941203055392,57.7553172712454,0.9997679101406558,6.454546883919741,0.02665070524912115,1.1621920616421808,0.9800470237062757,1.1621612425516392,0.07719550237760425
E2r_full_v6,S16_19760125_160000_stationary,S16,stationary,dropout,large,1,3600.0,267108,290957,DSSRR,0.863003837508622,0.1889774446275767,3.1115393535751656,2.456603773584906,54.82353172812847,0.9993692810560685,8.46970352232524,0.030056581541620154,0.2840251572327045,0.17908342383015138,0.28450183970888443,0.013863994052987383
E2r_full_v6,S16_19760125_160000_stationary,S16,stationary,spike,small,5,0.7547169811320755,274935,283106,Linear,0.0012699254863873222,3.225421481952154e-06,0.31622776601683794,0.2,111.46821878854692,0.9999999999457779,0.002242926010676156,0.0001969634098717625,0.2,0.1451477179849736,0.19987285237850758,7.285283487590277e-13
E2r_full_v6,S16_19760125_160000_stationary,S16,stationary,spike,small,5,0.7547169811320755,274935,283106,CubicSpline,0.0012699254863873222,3.225421481952154e-06,0.31622776601683794,0.2,111.46821878854692,0.9999999999457779,0.002242926010676156,0.0001969634098717625,0.2,0.1451477179849736,0.19987285237850758,7.285283487590277e-13
E2r_full_v6,S16_19760125_160000_stationary,S16,stationary,spike,small,5,0.7547169811320755,274935,283106,FFT,0.003732727736290707,1.1047068575686165e-05,0.9294971758967312,0.6850000000000023,102.10325967804911,0.9999999996648209,0.006712866180214469,0.000574971320505537,0.3310000000000059,0.3146447229236913,0.33087366117454164,1.134958793613805e-11
E2r_full_v6,S16_19760125_160000_stationary,S16,stationary,spike,small,5,0.7547169811320755,274935,283106,SSA,0.0013001151389142233,3.384185611318792e-06,0.3237453774654948,0.20984455087528886,111.26414738924944,0.9999999999428258,0.002297184503050345,0.00020119947445113734,0.20054335629171194,0.14726512955945079,0.20069402656645252,7.895906151134113e-13
E2r_full_v6,S16_19760125_160000_stationary,S16,stationary,spike,small,5,0.7547169811320755,274935,283106,UNet,0.007264857351675987,2.7197563441016717e-05,1.809042841786716,1.6864501953125,96.31924436017214,0.9999999988406542,0.013202051159747099,0.0012056805384324124,1.6864501953125002,0.13099264288445453,1.6872240745094702,1.3062884107739592e-12
E2r_full_v6,S16_19760125_160000_stationary,S16,stationary,spike,small,5,0.7547169811320755,274935,283106,DSSRR,0.0031106694530046845,9.676264445856462e-06,0.7745966692414834,0.6,103.6867085288323,0.9999999997439319,0.005532313025146714,0.00045652474418337425,0.2,0.3136356914298729,0.20046865846350104,8.379519300660832e-12
E2r_full_v6,S16_19760125_160000_stationary,S16,stationary,spike,medium,10,5.283018867924528,274437,283641,Linear,0.0037683967445992163,1.9352528891712924e-05,0.35467400636873636,0.17142857142857143,102.02065356116498,0.9999999994298701,0.011087132271388292,0.0003178671086884821,0.08571428571428574,0.040681010119819214,0.08581602927679831,0.0015765205512169311
E2r_full_v6,S16_19760125_160000_stationary,S16,stationary,spike,medium,10,5.283018867924528,274437,283641,CubicSpline,0.0038997532690608974,1.9352528891713107e-05,0.3670370211867136,0.17142857142857304,101.72304336435269,0.9999999994309058,0.011128662363269379,0.00033202651481683816,0.07619047619047675,0.040494791977950736,0.07630192525833768,0.0018496033117155752
E2r_full_v6,S16_19760125_160000_stationary,S16,stationary,spike,medium,10,5.283018867924528,274437,283641,FFT,0.018107214714343803,0.00017610125533015186,1.7042150341837936,1.5599401399655513,88.3867532234884,0.9999999696386156,0.05890054237706179,0.0012370210291304175,1.1357073031579847,0.16495471813858517,1.1352712882497713,0.04636174031807605
E2r_full_v6,S16_19760125_160000_stationary,S16,stationary,spike,medium,10,5.283018867924528,274437,283641,SSA,0.0036363719661195422,2.298145018758426e-05,0.34224809681172363,0.2035742820516589,102.33041991753943,0.9999999994550847,0.010238179430499622,0.0003133572260959545,0.13841644950140825,0.03841505325957626,0.13602882869496077,0.0007167494078322845
E2r_full_v6,S16_19760125_160000_stationary,S16,stationary,spike,medium,10,5.283018867924528,274437,283641,UNet,0.07257517725981777,0.0006029872700929647,6.830631333749967,5.3413818359375,76.32802416035832,0.9999997245933601,0.21258063831463708,0.009433360977105948,4.869930594308036,0.17443349304226877,4.880824001423796,0.13649034065311139
E2r_full_v6,S16_19760125_160000_stationary,S16,stationary,spike,medium,10,5.283018867924528,274437,283641,DSSRR,0.03684972786740571,0.0002741608259659331,3.468223093829379,2.4285714285714284,82.21510056329848,0.9999999097241336,0.12612685007287383,0.002500295524154754,1.5142857142857142,0.2507822479598235,1.5170060132587602,0.0855177332366368
E2r_full_v6,S16_19760125_160000_stationary,S16,stationary,spike,large,20,23.547169811320753,274260,283802,Linear,0.006501649378144242,7.666077522255949e-05,0.28984646555427657,0.15235690235690177,97.2833152612618,0.9999999939898625,0.022589884238594482,0.000627615211696478,0.12881100381100358,0.015873803281941445,0.1279782313614784,0.0042751860179062184
E2r_full_v6,S16_19760125_160000_stationary,S16,stationary,spike,large,20,23.547169811320753,274260,283802,CubicSpline,0.006756238465072206,7.257868989320964e-05,0.3011961620271157,0.14424409793859638,96.94968677428267,0.9999999937708549,0.02311528290929716,0.000630612803549641,0.1094791926620808,0.016773475902861525,0.10862534552335287,0.0007854540785573461
E2r_full_v6,S16_19760125_160000_stationary,S16,stationary,spike,large,20,23.547169811320753,274260,283802,FFT,0.04688892716225701,0.0008632661189815191,2.090329548883064,1.7156694726325208,80.12238034362896,0.9999996493611263,0.18191804730213673,0.0034781763156219404,0.6832936150224903,0.14351463242003368,0.6833769653015804,0.18114625199108025
E2r_full_v6,S16_19760125_160000_stationary,S16,stationary,spike,large,20,23.547169811320753,274260,283802,SSA,0.009167286492423267,0.00015250896522507024,0.40868177196457184,0.3030988593043917,94.29897013504413,0.9999999930707836,0.02790256131588452,0.0006531134088000732,0.24852435318301028,0.024032147609208826,0.24525465268285188,0.011379381704923142
E2r_full_v6,S16_19760125_160000_stationary,S16,stationary,spike,large,20,23.547169811320753,274260,283802,UNet,0.5438365159361438,0.009306225682715894,24.24447748802399,18.495348025590946,58.83441896674724,0.9998146207179233,1.8219616338487616,0.09934920691822252,16.758258917392823,0.17109585828427182,16.491218781799507,0.005765879226517501
E2r_full_v6,S16_19760125_160000_stationary,S16,stationary,spike,large,20,23.547169811320753,274260,283802,DSSRR,0.06544738136879473,0.0011095449897915411,2.9176738187844977,2.2051282051282053,77.22594077351954,0.9999989073458051,0.28605068037171033,0.0053540462419533535,0.8205128205128204,0.18363582974901344,0.8197038076864189,0.05013680439032797
E2r_full_v6,S16_19760125_160000_transient,S16,transient,dropout,small,1,299.92452830188677,65257,67243,Linear,0.2996539815121201,0.019568632131003717,3.743069421815127,3.0533467539003523,64.01138521480269,0.9998391778083258,2.360289204071196,0.00766488212932558,3.0533467539003523,0.3547979043630245,3.0589322201194835,0.3916060566687271
E2r_full_v6,S16_19760125_160000_transient,S16,transient,dropout,small,1,299.92452830188677,65257,67243,CubicSpline,0.2996539815121201,0.019568632131003717,3.743069421815127,3.0533467539003523,64.01138521480269,0.9998391778083258,2.360289204071196,0.00766488212932558,3.0533467539003523,0.3547979043630245,3.0589322201194835,0.3916060566687271
E2r_full_v6,S16_19760125_160000_transient,S16,transient,dropout,small,1,299.92452830188677,65257,67243,FFT,0.36083829614533613,0.02229678167871579,4.5073413865747325,3.479027328295927,62.397533797069364,0.9997763112104493,4.091884791665697,0.00418007306792618,0.7662566053962634,0.06580773410726656,0.7631788846235043,0.042028533249747535
E2r_full_v6,S16_19760125_160000_transient,S16,transient,dropout,small,1,299.92452830188677,65257,67243,SSA,0.2989226010029025,0.0194823832524723,3.733933524451276,3.0398891074216174,64.03261121573031,0.9998386272698832,2.3426261653273586,0.007697559768888567,3.020022385338475,0.32981390481046546,3.025612706818676,0.09887729061908856
E2r_full_v6,S16_19760125_160000_transient,S16,transient,dropout,small,1,299.92452830188677,65257,67243,UNet,0.21002174887043848,0.012439933395455875,2.623445822899161,1.941036552655739,67.09850085448777,0.9999244297313463,2.279464167089932,0.005705330477632069,1.8669499789402602,0.37979828033914786,1.8672735638240558,0.13144693010832365
E2r_full_v6,S16_19760125_160000_transient,S16,transient,dropout,small,1,299.92452830188677,65257,67243,DSSRR,0.32778348796928164,0.021710311995019948,4.09444368001531,3.3875188726723704,63.232044820247964,0.9997621118568748,2.7048446501430976,0.010906625497998534,1.0201308505284348,0.21575650370659288,1.016493717949685,0.02385425018009585
E2r_full_v6,S16_19760125_160000_transient,S16,transient,dropout,medium,1,899.9245283018868,63269,69230,Linear,0.444302569417951,0.04780351093224319,3.2039785645961816,2.4858868029016907,60.59020977016274,0.9997575785658304,4.349436714545957,0.008522785185231445,2.092865216076124,0.9483181250432193,2.0883846550771237,0.34639436439122545
E2r_full_v6,S16_19760125_160000_transient,S16,transient,dropout,medium,1,899.9245283018868,63269,69230,CubicSpline,0.44741714013286626,0.048110269364197336,3.2264385243069262,2.5018389102428125,60.52953391603435,0.9997462118930723,4.349710433370601,0.008744891891975831,2.033856497140698,0.9637037908461611,2.029435716002621,0.3444919205540472
E2r_full_v6,S16_19760125_160000_transient,S16,transient,dropout,medium,1,899.9245283018868,63269,69230,FFT,0.5136639245171377,0.05757016433546092,3.7041608958401104,2.9937740758257796,59.33020495470363,0.9997106370139169,5.692267168016755,0.00737444189644215,0.32951100666432576,0.0686563592776334,0.3242903441209464,0.010533435365454424
E2r_full_v6,S16_19760125_160000_transient,S16,transient,dropout,medium,1,899.9245283018868,63269,69230,SSA,0.44449979922737587,0.047876813533359784,3.2054008387966766,2.4896986979943425,60.5863548830775,0.9997569396008223,4.349541837531108,0.008516833973657082,2.0933739248516963,0.9359883889231545,2.088947935543817,0.15057318150344434
E2r_full_v6,S16_19760125_160000_transient,S16,transient,dropout,medium,1,899.9245283018868,63269,69230,UNet,0.38272814161084234,0.04055150379874645,2.759949741896152,2.1087666191298142,61.88597833333521,0.9997894786851054,4.345561042331561,0.007787816752029529,1.8212568711130777,0.9322394907634354,1.8202123763248115,0.0526206803660173
E2r_full_v6,S16_19760125_160000_transient,S16,transient,dropout,medium,1,899.9245283018868,63269,69230,DSSRR,0.5444678713980656,0.0583188458151769,3.926295972935762,3.0327071452532706,58.824341116205346,0.9995167365821647,5.751375558396975,0.014694418211641172,0.40942636699094265,0.27659184128224434,0.40952754815601194,0.02422307440414262
E2r_full_v6,S16_19760125_160000_transient,S16,transient,dropout,large,1,3600.0,54325,78174,Linear,0.7208463592636919,0.15782060039030263,2.59899402209547,2.0515817812665933,56.386932079316175,0.9997156591404499,7.310373531350148,0.027932130565267787,1.8274802185159493,0.9946118919402986,1.829118399053043,0.38184971960052017
E2r_full_v6,S16_19760125_160000_transient,S16,transient,dropout,large,1,3600.0,54325,78174,CubicSpline,0.7229947748869402,0.15781585480720925,2.6067400823897926,2.0515200912730704,56.36108309312065,0.9997154103491698,7.310346441941375,0.027933528288021106,1.7791542273542338,0.9987444752254797,1.7807791480051274,0.38167993214450385
E2r_full_v6,S16_19760125_160000_transient,S16,transient,dropout,large,1,3600.0,54325,78174,FFT,1.04387356307458,0.23264735102000247,3.7636607515442635,3.024288753383166,53.17082828850391,0.9990902234854963,9.563285118530645,0.02700037850693128,1.9796698438089233,0.03440862816165191,1.9809368348784335,0.043129801573767224
E2r_full_v6,S16_19760125_160000_transient,S16,transient,dropout,large,1,3600.0,54325,78174,SSA,0.7209645378054088,0.15790422378830407,2.5994201119543083,2.052668839859724,56.38550819526131,0.9997151836323938,7.310233142906264,0.027930560205272324,1.8278299256861645,0.991915086407224,1.8294639982973504,0.06184229747817516
E2r_full_v6,S16_19760125_160000_transient,S16,transient,dropout,large,1,3600.0,54325,78174,UNet,0.6891061878814402,0.14951528470700925,2.4845556058884166,1.943617204390232,56.77806327170381,0.9997212092155467,7.289748486068236,0.02986554771583421,1.2388611454034004,0.9971229292641458,1.2368559651596107,0.08188756567873073
E2r_full_v6,S16_19760125_160000_transient,S16,transient,dropout,large,1,3600.0,54325,78174,DSSRR,0.9858875761177426,0.21469050468169928,3.554593685408195,2.790859538784067,53.66723839016609,0.9994441618776801,9.648277761604826,0.0342151164250128,0.1996645702306077,0.10811233106755525,0.19982194484329002,0.01600433075496005
E2r_full_v6,S16_19760125_160000_transient,S16,transient,spike,small,5,0.7547169811320755,62152,70323,Linear,0.0,0.0,0.0,0.0,173.54378626596372,0.9999999999999989,0.0,0.0,0.0,0.0,0.0,0.0
E2r_full_v6,S16_19760125_160000_transient,S16,transient,spike,small,5,0.7547169811320755,62152,70323,CubicSpline,0.0,0.0,0.0,0.0,173.54378626596372,0.9999999999999989,0.0,0.0,0.0,0.0,0.0,0.0
E2r_full_v6,S16_19760125_160000_transient,S16,transient,spike,small,5,0.7547169811320755,62152,70323,FFT,0.008633812360098884,2.580337185561723e-05,2.1499302314261275,1.6,94.81973409095049,0.9999999972289197,0.015516828980064047,0.0015349369649920416,1.5240000000000011,0.11121722306518068,1.5253723329036575,1.942890293094024e-12
E2r_full_v6,S16_19760125_160000_transient,S16,transient,spike,small,5,0.7547169811320755,62152,70323,SSA,0.0003764080652273358,1.1801273682588006e-06,0.09373044548950546,0.07317662977457076,122.03057720545169,0.9999999999956183,0.0006697879707348159,6.374497620758396e-05,0.07317662977457073,0.021346372745870295,0.07300338156632051,6.23945339839338e-14
E2r_full_v6,S16_19760125_160000_transient,S16,transient,spike,small,5,0.7547169811320755,62152,70323,UNet,0.007883686311669295,3.0142945734853824e-05,1.963139205441805,1.869085693359375,95.60919948470448,0.9999999968229837,0.014368301755020699,0.0013529734311333588,1.869085693359375,0.0626573071482684,1.8703805480379285,3.956834859764058e-13
E2r_full_v6,S16_19760125_160000_transient,S16,transient,spike,small,5,0.7547169811320755,62152,70323,DSSRR,0.009157562914376074,1.9352528891712924e-05,2.280350850198276,1.2,94.3081879933578,0.9999999963313603,0.016549811094088367,0.0016409045566701148,1.2,0.5521584068453065,1.1994009332068003,4.987121826616203e-13
E2r_full_v6,S16_19760125_160000_transient,S16,transient,spike,medium,10,5.283018867924528,61654,70858,Linear,0.0026503303996600652,1.6772191706150982e-05,0.2494438257849261,0.14857142857142663,105.07778528740339,0.9999999992245217,0.005388833321349493,0.0003360719523086634,0.13999999999999937,0.009737553476154156,0.1399608117116876,0.0016298551734689193
E2r_full_v6,S16_19760125_160000_transient,S16,transient,spike,medium,10,5.283018867924528,61654,70858,CubicSpline,0.0025079024776881414,1.4163363297499073e-05,0.2360387930539766,0.1254619047619063,105.55757268528464,0.9999999992276776,0.005322844188483518,0.00034002550089837213,0.1142761904761902,0.007913764042387106,0.11423718743243724,0.0038153409027389396
E2r_full_v6,S16_19760125_160000_transient,S16,transient,spike,medium,10,5.283018867924528,61654,70858,FFT,0.02550342526070673,0.00022532777140718885,2.400331659957026,1.9959984646791602,85.4118160059607,0.999999906216516,0.08210492738999874,0.0021630848467494926,1.4398571428571632,0.19166905242950663,1.4387994302132532,0.07344498991327908
E2r_full_v6,S16_19760125_160000_transient,S16,transient,spike,medium,10,5.283018867924528,61654,70858,SSA,0.0026527557263236494,2.311913033881133e-05,0.24967209270659751,0.20479388036725854,105.0698404350257,0.9999999996377027,0.0045337960993248405,0.000354721152051473,0.2047938803672586,0.01619606224645198,0.2021906512471917,0.015429023780794027
E2r_full_v6,S16_19760125_160000_transient,S16,transient,spike,medium,10,5.283018867924528,61654,70858,UNet,0.06829639372768727,0.0005279679706386355,6.427920738083454,4.676845877511161,76.85583082259225,0.9999993079921167,0.20438756463801663,0.00768555795447844,3.674537004743304,0.14824109920473139,3.678391351672955,0.03702375055870888
E2r_full_v6,S16_19760125_160000_transient,S16,transient,spike,medium,10,5.283018867924528,61654,70858,DSSRR,0.0418882953363105,0.00036124720597864124,3.9424430424366492,3.2,81.1019325253965,0.9999996956038038,0.1347240188448518,0.004098713681112331,1.2,0.21445032324851868,1.1988693182588561,0.08342332268897079
E2r_full_v6,S16_19760125_160000_transient,S16,transient,spike,large,20,23.547169811320753,61477,71019,Linear,0.007802403689115307,0.00011901526011132251,0.34783468018437147,0.23653291153291087,95.69921786362583,0.9999999860790757,0.025964790408458033,0.0007366885602233217,0.1978091353091349,0.021008707029054115,0.19651950535079082,0.008278920258103506
E2r_full_v6,S16_19760125_160000_transient,S16,transient,spike,large,20,23.547169811320753,61477,71019,CubicSpline,0.008755114458631428,0.00012385524469550903,0.39030695655288894,0.24615197756193288,94.69854964654276,0.9999999834933697,0.02847540971184038,0.0007570190435899362,0.1867624682851422,0.024796042275422998,0.18553820372485633,0.009649695298386995
E2r_full_v6,S16_19760125_160000_transient,S16,transient,spike,large,20,23.547169811320753,61477,71019,FFT,0.051701388991624915,0.0009366285535378592,2.3048712706415655,1.8614711977770337,79.27374204722032,0.999999519332861,0.1793676679265158,0.004076446124237348,0.4550838950975799,0.12900394122012315,0.45290519337822766,0.10122353304676579
E2r_full_v6,S16_19760125_160000_transient,S16,transient,spike,large,20,23.547169811320753,61477,71019,SSA,0.008775978595971932,0.00014443933700705684,0.39123708921819583,0.2870611456901082,94.67787510252305,0.9999999864417902,0.02909964729602085,0.0007470283940138447,0.24789300621368207,0.0230156647747888,0.2458430461411475,0.004494211033578277
E2r_full_v6,S16_19760125_160000_transient,S16,transient,spike,large,20,23.547169811320753,61477,71019,UNet,0.5416219061510961,0.009315730675391163,24.145749183643908,18.51423840645032,58.86986184043727,0.9997922137023024,1.8209263991742415,0.09539369680007322,17.08588272485978,0.18722299779142787,16.820396451702404,0.07461711566022766
E2r_full_v6,S16_19760125_160000_transient,S16,transient,spike,large,20,23.547169811320753,61477,71019,DSSRR,0.05904812124014005,0.0011063195683095888,2.6323919122135253,2.198717948717949,78.11966458407474,0.9999989930008218,0.2629282892784075,0.004548555895311876,0.75,0.18122929549490416,0.7475552664388478,0.03589187398969518
E2r_full_v6,S16_19761114_230000_stationary,S16,stationary,dropout,small,1,299.92452830188677,278039,280025,Linear,0.3779173501913462,0.023942023945658236,4.720673454899262,3.735726892811322,61.963056923419906,0.9999429794981376,5.918056947649077,0.004837154738166736,3.2923965534525723,0.7384234904546948,3.2827866917949438,0.32494529768401786
E2r_full_v6,S16_19761114_230000_stationary,S16,stationary,dropout,small,1,299.92452830188677,278039,280025,CubicSpline,0.3794679009599671,0.024050413123814247,4.74004182697902,3.752639095749811,61.927492640514984,0.9999407084754982,5.9119620509910575,0.004977873596002138,3.2137976722730186,0.7731081126769241,3.2042467201457017,0.3168219645288035
E2r_full_v6,S16_19761114_230000_stationary,S16,stationary,dropout,small,1,299.92452830188677,278039,280025,FFT,0.4613445933995073,0.030357834853703733,5.762786954659955,4.736800043635073,60.23048483259369,0.9998585640743051,8.981834835890638,0.003388694665693565,0.9367144898128376,0.26722722023341694,0.9333756322088482,0.07027621050166061
E2r_full_v6,S16_19761114_230000_stationary,S16,stationary,dropout,small,1,299.92452830188677,278039,280025,SSA,0.3776719924080735,0.023950556372485356,4.717608620818842,3.737058226220367,61.96869795243417,0.9999430365325084,5.915866734574285,0.004833498316898027,3.2927597300520173,0.7281362879039002,3.283171617329737,0.25932004580897877
E2r_full_v6,S16_19761114_230000_stationary,S16,stationary,dropout,small,1,299.92452830188677,278039,280025,UNet,0.3286295896736257,0.021344116747984507,4.105005974669447,3.3303696930438473,63.1768602490945,0.9999643981898354,5.846081709084256,0.0036830180522822603,3.117793274693712,0.4218881546352772,3.1177364491733157,0.022114158828796138
E2r_full_v6,S16_19761114_230000_stationary,S16,stationary,dropout,small,1,299.92452830188677,278039,280025,DSSRR,0.473507599352857,0.03012230837709169,5.914718532574247,4.700050327126321,60.00445447196533,0.9998808766325005,8.461699599843021,0.006789946850608566,0.3467539003522897,0.2090446214337807,0.3469281599974721,0.004343533018761503
E2r_full_v6,S16_19761114_230000_stationary,S16,stationary,dropout,medium,1,899.9245283018868,276051,282012,Linear,0.6504342044954898,0.07198504818081237,4.690438524266426,3.7433673931208236,57.246926110156494,0.9999001924826516,9.683074058287081,0.008419964218795224,3.2052411654267625,0.9405415797377173,3.195179512613629,0.3086908262940743
E2r_full_v6,S16_19761114_230000_stationary,S16,stationary,dropout,medium,1,899.9245283018868,276051,282012,CubicSpline,0.6555429563450181,0.07265552821994825,4.727278970725621,3.7782337046628447,57.178970433092005,0.9998909923970667,9.684798121229127,0.008698296117702418,3.1484153410094824,0.9556665550940077,3.138487815126968,0.3067883824565374
E2r_full_v6,S16_19761114_230000_stationary,S16,stationary,dropout,medium,1,899.9245283018868,276051,282012,FFT,0.6930983808646362,0.0767868382609176,4.998100229424075,3.993070142076795,56.695095854255946,0.9999316923970948,12.385191747769543,0.006872841567876605,0.4519481673355647,0.04366359709291554,0.4468907696382165,0.0028939998254840504
E2r_full_v6,S16_19761114_230000_stationary,S16,stationary,dropout,medium,1,899.9245283018868,276051,282012,SSA,0.6504598562425925,0.07205971968390976,4.69062350522529,3.74725046157676,57.246583563824544,0.9999001661783945,9.683135963742018,0.008420735517341417,3.2038130772725504,0.935065606902233,3.1937491031020246,0.2718922681902744
E2r_full_v6,S16_19761114_230000_stationary,S16,stationary,dropout,medium,1,899.9245283018868,276051,282012,UNet,0.5227640357149115,0.05810153775488976,3.769778027156647,3.0213969069733313,59.144879499492056,0.9999454183111766,9.636693570923793,0.007662281411924149,2.300784198360449,0.9227718561505891,2.3003607729062487,0.015055962858288363
E2r_full_v6,S16_19761114_230000_stationary,S16,stationary,dropout,medium,1,899.9245283018868,276051,282012,DSSRR,0.792717615499416,0.08797365467236062,5.716478649038918,4.5748071117074804,55.52862335938633,0.9998389886962982,14.442288312921814,0.011056163288346637,0.3292519288829252,0.21963847742368467,0.33111539222858904,0.042134657706858036
E2r_full_v6,S16_19761114_230000_stationary,S16,stationary,dropout,large,1,3600.0,267107,290956,Linear,1.1952195540072454,0.26027559323349236,4.309328092399041,3.3834299297165225,51.962039746959846,0.9996925601801488,18.279465923125084,0.02616010804054145,3.1977707547916934,0.9712035227854293,3.203012240622585,0.3173750791977342
E2r_full_v6,S16_19761114_230000_stationary,S16,stationary,dropout,large,1,3600.0,267107,290956,CubicSpline,1.1963147489303807,0.2602117719359621,4.313276784698374,3.3826002903118635,51.95408439972706,0.9996926327769824,18.279482687246507,0.026159825185923087,3.16324530417614,0.97537336172937,3.1684987783557848,0.3172052917417179
E2r_full_v6,S16_19761114_230000_stationary,S16,stationary,dropout,large,1,3600.0,267107,290956,FFT,1.3855385804887614,0.30460900455561674,4.99551760844662,3.95973825309875,50.678621074892746,0.9992568486058997,24.13613736478645,0.024799227265301975,0.6368312158169255,0.03273084583194535,0.6370677571764193,0.028051745721057786
E2r_full_v6,S16_19761114_230000_stationary,S16,stationary,dropout,large,1,3600.0,267107,290956,SSA,1.195139087607969,0.26017753310473174,4.309037973220742,3.382155205604134,51.96262453139494,0.9996918553963262,18.280488646390307,0.0261580022228516,3.1969137429028476,0.9560410564312907,3.2021529102529396,0.023965905422474565
E2r_full_v6,S16_19761114_230000_stationary,S16,stationary,dropout,large,1,3600.0,267107,290956,UNet,1.0289666284335073,0.21793916975395725,3.709908178110981,2.833081276051903,53.2629677422429,0.9997043381800113,18.242875128468196,0.033966885626420626,2.6590751433622413,0.7472455024371107,2.656174813759044,0.0404106275334159
E2r_full_v6,S16_19761114_230000_stationary,S16,stationary,dropout,large,1,3600.0,267107,290956,DSSRR,1.5171515511537486,0.3280683533525139,5.470044208943722,4.264696016771489,49.89041423116152,0.9994856313300057,25.934625800431117,0.024945616973791954,0.36985324947589093,0.0815382757712069,0.3696801488861812,0.015319467035485868
E2r_full_v6,S16_19761114_230000_stationary,S16,stationary,spike,small,5,0.7547169811320755,274934,283105,Linear,0.0,0.0,0.0,0.0,173.51099354027122,0.9999999999999984,0.0,0.0,0.0,0.0,0.0,0.0
E2r_full_v6,S16_19761114_230000_stationary,S16,stationary,spike,small,5,0.7547169811320755,274934,283105,CubicSpline,0.0,0.0,0.0,0.0,173.51099354027122,0.9999999999999984,0.0,0.0,0.0,0.0,0.0,0.0
E2r_full_v6,S16_19761114_230000_stationary,S16,stationary,spike,small,5,0.7547169811320755,274934,283105,FFT,0.020064189928276917,6.052522932820682e-05,4.99623308103214,3.752999999999986,87.46256092516671,0.9999999959287611,0.05503022131846574,0.003433875789996091,3.7249999999999885,0.07413958462126857,3.704700466541703,4.234390615920347e-13
E2r_full_v6,S16_19761114_230000_stationary,S16,stationary,spike,small,5,0.7547169811320755,274934,283105,SSA,0.0011777293226412466,3.6545219675317157e-06,0.29326926346470733,0.22660667454513259,112.0900806475607,0.9999999999853644,0.0032299577772673623,0.00016952357534845717,0.22660667454513259,0.004132305290003535,0.22921028300380608,3.552713678800501e-15
E2r_full_v6,S16_19761114_230000_stationary,S16,stationary,spike,small,5,0.7547169811320755,274934,283105,UNet,0.007700000225988922,2.866104520296635e-05,1.9173959173314423,1.777191162109375,95.78117870864837,0.9999999992965394,0.021524211219759722,0.001198140788587999,1.7771911621093752,0.02269851372566834,1.785170222808847,8.215650382226158e-15
E2r_full_v6,S16_19761114_230000_stationary,S16,stationary,spike,small,5,0.7547169811320755,274934,283105,DSSRR,0.019591487803487614,6.128320582125947e-05,4.878524367060187,3.8,87.66964516607062,0.9999999968335127,0.053598773049323915,0.003479585468344238,3.8000000000000003,0.1975111009150686,3.7852174889209214,6.750155989720952e-14
E2r_full_v6,S16_19761114_230000_stationary,S16,stationary,spike,medium,10,5.283018867924528,274436,283640,Linear,0.004430613595816721,3.558726513480182e-05,0.4169998667732308,0.3152380952380976,100.58171580214015,0.9999999996521409,0.017206969373776963,0.000537941263582259,0.29238095238095285,0.012307423993830106,0.29232312777703073,0.021265023168178132
E2r_full_v6,S16_19761114_230000_stationary,S16,stationary,spike,medium,10,5.283018867924528,274436,283640,CubicSpline,0.005149046540183968,3.9457675597946814e-05,0.4846172375070506,0.3495228546195725,99.27645703126319,0.9999999994542177,0.020770076875020478,0.0005713975988667414,0.3184371403338592,0.01488452929714057,0.3186357325323083,0.024846439305381662
E2r_full_v6,S16_19761114_230000_stationary,S16,stationary,spike,medium,10,5.283018867924528,274436,283640,FFT,0.030730926372722695,0.0002702605643894125,2.892329002768995,2.3940144097438827,83.7594804935793,0.9999999676821983,0.1494084939431136,0.002407465811500345,2.1055393906273885,0.2620405949159195,2.10571963178425,0.16645001103966917
E2r_full_v6,S16_19761114_230000_stationary,S16,stationary,spike,medium,10,5.283018867924528,274436,283640,SSA,0.004564256876947628,3.635400198925046e-05,0.42957808629554345,0.3220299817354073,100.32359176016611,0.9999999995929565,0.01795278244366948,0.0005441188666597048,0.3071922936314504,0.013528635509265705,0.3006345742751267,0.02221609301593963
E2r_full_v6,S16_19761114_230000_stationary,S16,stationary,spike,medium,10,5.283018867924528,274436,283640,UNet,0.08990897564391562,0.0007643269558061402,8.462040314377571,6.770539202008929,74.43493254643874,0.9999997488150374,0.4553533427753431,0.007060153562759338,4.386601911272321,0.18502852114605609,4.370919379950854,0.05993548409296179
E2r_full_v6,S16_19761114_230000_stationary,S16,stationary,spike,medium,10,5.283018867924528,274436,283640,DSSRR,0.059211860799616045,0.0005450979886206763,5.572893580281509,4.828571428571428,78.06281934920916,0.9999998765502779,0.2936532180406003,0.00572970556221755,2.942857142857143,0.23062153948108544,2.946100785140993,0.043566491023303566
E2r_full_v6,S16_19761114_230000_stationary,S16,stationary,spike,large,20,23.547169811320753,274259,283801,Linear,0.010172590520054328,0.00016249055618677258,0.45349794816925326,0.3229353979353989,93.36236223669755,0.9999999950239621,0.057924100445130716,0.0008502970298487677,0.2936979686979693,0.011993213248418016,0.2884670461582119,0.006856509884410111
E2r_full_v6,S16_19761114_230000_stationary,S16,stationary,spike,large,20,23.547169811320753,274259,283801,CubicSpline,0.012213758376971539,0.00018540834168224364,0.544493986312745,0.36848243988330825,91.77400702796942,0.9999999929955637,0.07251883904707539,0.000867565113461061,0.3163333542875324,0.01504816999284737,0.31255435472488025,0.012639335655323602
E2r_full_v6,S16_19761114_230000_stationary,S16,stationary,spike,large,20,23.547169811320753,274259,283801,FFT,0.07916020381913713,0.0014526977127040023,3.5289919453522685,2.8871063336916545,75.54085546471396,0.9999995386591901,0.5545391100406134,0.0055035940616028145,1.4738788542148766,0.1487976735713782,1.4747940420563757,0.07985577247650022
E2r_full_v6,S16_19761114_230000_stationary,S16,stationary,spike,large,20,23.547169811320753,274259,283801,SSA,0.01146237865807474,0.00019372601750814418,0.5109971931267878,0.3850130741291986,92.32549848289365,0.9999999947949757,0.06100258615684612,0.0008637899284177289,0.3463464644160497,0.014708270404288508,0.3432003146499417,0.013328935064780056
E2r_full_v6,S16_19761114_230000_stationary,S16,stationary,spike,large,20,23.547169811320753,274259,283801,UNet,0.5473579658919482,0.009432334177900913,24.401425964874967,18.74591768704928,58.745564682139964,0.9999639619149899,2.8768461998522366,0.07602499072226203,14.879399617513018,0.17497860538539492,14.618369033976736,0.009829984258324265
E2r_full_v6,S16_19761114_230000_stationary,S16,stationary,spike,large,20,23.547169811320753,274259,283801,DSSRR,0.1320236111773963,0.002070727270381504,5.885662718931967,4.115384615384615,71.09796138756171,0.999998353026134,0.8769646370168901,0.012041044683943083,1.346153846153846,0.15947295082038415,1.3415267273264428,0.07238622807009021
E2r_full_v6,S16_19761114_230000_transient,S16,transient,dropout,small,1,299.92452830188677,65257,67243,Linear,0.26825204082613074,0.01723172058191308,3.3508127840897037,2.688703433484652,64.94013284609744,0.9999862237030319,4.307064111137773,0.003738826731549556,2.4629351347136668,0.8078243587916302,2.4607485886780713,0.3596296536124231
E2r_full_v6,S16_19761114_230000_transient,S16,transient,dropout,small,1,299.92452830188677,65257,67243,CubicSpline,0.26913893165469804,0.017241443571655853,3.361891190491769,2.6902205330558098,64.91146305726103,0.9999861201901022,4.309440645481089,0.0037477111043822484,2.4033505961347146,0.8409922573667519,2.4011712390874025,0.3515063204576288
E2r_full_v6,S16_19761114_230000_transient,S16,transient,dropout,small,1,299.92452830188677,65257,67243,FFT,0.3048828619739498,0.01930928873074482,3.8083788231617883,3.01287098184459,63.828333289016,0.9999815373906007,4.632901886855133,0.003729288127293597,0.5593997402241774,0.16055532635025827,0.5563789446900985,0.05611793841043916
E2r_full_v6,S16_19761114_230000_transient,S16,transient,dropout,small,1,299.92452830188677,65257,67243,SSA,0.26810318018178236,0.017256133402137906,3.3489533233057553,2.6925126197610605,64.94495422980286,0.9999863549669942,4.304547458698205,0.003737619015731519,2.4633888108879405,0.7105149615629102,2.461203429837758,0.3235498616745598
E2r_full_v6,S16_19761114_230000_transient,S16,transient,dropout,small,1,299.92452830188677,65257,67243,UNet,0.26384751130472117,0.016953521217848492,3.295794549064213,2.6452953720668724,65.08393349768704,0.9999865913009337,4.308190086548068,0.0037151514455112783,2.339396015507046,0.46986269108768425,2.3371989303026064,0.04220453331722723
E2r_full_v6,S16_19761114_230000_transient,S16,transient,dropout,small,1,299.92452830188677,65257,67243,DSSRR,0.32817247089167945,0.02053309938200725,4.099295973531428,3.2038248616004026,63.18895060072677,0.9999807479203676,4.769581953761714,0.005046622347493233,0.660291897332662,0.1450214621049154,0.6599462026736365,0.018919146859159963
E2r_full_v6,S16_19761114_230000_transient,S16,transient,dropout,medium,1,899.9245283018868,63269,69230,Linear,0.5193140891368728,0.05679171646433113,3.74489962712102,2.9532835635248857,59.202391434535556,0.9998675065212755,7.183919894407424,0.008983437743540486,1.026753625440299,0.9257103946411934,1.019681449043651,0.3559164651687916
E2r_full_v6,S16_19761114_230000_transient,S16,transient,dropout,medium,1,899.9245283018868,63269,69230,CubicSpline,0.5532531887474523,0.06096445037459066,3.9896426913573992,3.1702741255177105,58.65251502586055,0.9997901504681344,7.184961284641805,0.010033649227846442,0.9499053478847455,0.9402533149373791,0.9433683500750332,0.35401402133098675
E2r_full_v6,S16_19761114_230000_transient,S16,transient,dropout,medium,1,899.9245283018868,63269,69230,FFT,0.6385940375891991,0.07138751233571776,4.605056214100117,3.712294326487184,57.40649635403726,0.9998945271450947,11.094618643201821,0.00740436772566154,0.6080837149556623,0.16100960867124953,0.605541918531588,0.04669892602199249
E2r_full_v6,S16_19761114_230000_transient,S16,transient,dropout,medium,1,899.9245283018868,63269,69230,SSA,0.5194946042739572,0.05686096413999642,3.7462013654787842,2.9568845820375596,59.199372717837406,0.9998674227607607,7.180916894525214,0.008982649349085261,1.02261410453363,0.9211222424724689,1.0155224891218466,0.33735625952991544
E2r_full_v6,S16_19761114_230000_transient,S16,transient,dropout,medium,1,899.9245283018868,63269,69230,UNet,0.45679846520118683,0.050320466915189134,3.294084327356865,2.6167655619787955,60.31650081919749,0.99993318596865,7.167028246641095,0.009377812076514759,1.6480786957943934,0.9068037881107528,1.6488756925196033,0.10903475156495024
E2r_full_v6,S16_19761114_230000_transient,S16,transient,dropout,medium,1,899.9245283018868,63269,69230,DSSRR,0.6438394834666906,0.07156910810357507,4.642882394289741,3.721737671922174,57.335441414613484,0.9999465280196643,11.316801176199473,0.009408782686356296,0.2943643072794365,0.0881450725872826,0.2943981672970089,0.0010154309689648366
E2r_full_v6,S16_19761114_230000_transient,S16,transient,dropout,large,1,3600.0,54325,78174,Linear,0.9922588156366309,0.22226732594864038,3.5775592650048074,2.889344765946024,53.57849421931344,0.999701022782491,14.854513917988498,0.027588339024108646,1.4826696347792334,0.9896164805874631,1.4787553764751478,0.34241643707712444
E2r_full_v6,S16_19761114_230000_transient,S16,transient,dropout,large,1,3600.0,54325,78174,CubicSpline,1.028470549854224,0.230153555972199,3.70811958173923,2.991861127018729,53.267156335625415,0.9996953576192679,14.854395884057363,0.027612402117472176,1.295835587048361,0.9937318959132976,1.2901135561763524,0.34224664958712253
E2r_full_v6,S16_19761114_230000_transient,S16,transient,dropout,large,1,3600.0,54325,78174,FFT,1.2924246150744674,0.29128627374514243,4.659798011482882,3.7865505730335,51.28288912331606,0.9996503917184726,20.10645310972859,0.02528634869454738,2.050964360586935,0.06936511960823258,2.0523792799716474,0.036036393030753955
E2r_full_v6,S16_19761114_230000_transient,S16,transient,dropout,large,1,3600.0,54325,78174,SSA,0.9921366348450344,0.22225070553269807,3.5771187458417693,2.889128710294993,53.579563813453845,0.9997013149222495,14.852647077942429,0.027587247574799557,1.4828264629196477,0.9895540335176997,1.4789295497012178,0.3027777647844271
E2r_full_v6,S16_19761114_230000_transient,S16,transient,dropout,large,1,3600.0,54325,78174,UNet,0.9295689166720879,0.20634358296105634,3.35153272300939,2.682345454377948,54.14536167702366,0.9997247377122528,14.854372385794301,0.030460726512286405,1.8643634353093883,0.9870405274443323,1.865505632073101,0.02843917984256572
E2r_full_v6,S16_19761114_230000_transient,S16,transient,dropout,large,1,3600.0,54325,78174,DSSRR,1.5564369878756477,0.3422409010566515,5.611686667452911,4.448930817610063,49.66836267975536,0.9991764542952519,22.8763361789152,0.032335197236167866,1.104109014675052,0.40898789930469326,1.1043275192823425,0.015315255835423258
E2r_full_v6,S16_19761114_230000_transient,S16,transient,spike,small,5,0.7547169811320755,62152,70323,Linear,0.0012699275344147487,3.2254318853294454e-06,0.31622776601683794,0.2,111.43541205501296,0.9999999999907032,0.003424303168201998,0.00017698002233441812,0.2,0.026065369550500567,0.20011033566490824,1.532107773982716e-14
E2r_full_v6,S16_19761114_230000_transient,S16,transient,spike,small,5,0.7547169811320755,62152,70323,CubicSpline,0.0012699275344147487,3.2254318853294454e-06,0.31622776601683794,0.2,111.43541205501296,0.9999999999907032,0.003424303168201998,0.00017698002233441812,0.2,0.026065369550500567,0.20011033566490824,1.532107773982716e-14
E2r_full_v6,S16_19761114_230000_transient,S16,transient,spike,small,5,0.7547169811320755,62152,70323,FFT,0.010528897887233409,3.5205589028370966e-05,2.6218266533087284,2.1830000000000043,93.06333522561543,0.9999999992413582,0.028877519954488246,0.0015784508682693441,2.1830000000000043,0.3885628140516878,2.183230992300173,3.9968028886505635e-13
E2r_full_v6,S16_19761114_230000_transient,S16,transient,spike,small,5,0.7547169811320755,62152,70323,SSA,0.002616679478887616,7.490672564221028e-06,0.6515857665627164,0.4644756318241662,105.15598233607564,0.9999999999559198,0.007081727897488257,0.0003725856746931112,0.46447563182416607,0.08571404609761876,0.4635875363651166,3.907985046680551e-14
E2r_full_v6,S16_19761114_230000_transient,S16,transient,spike,small,5,0.7547169811320755,62152,70323,UNet,0.008283097771456705,3.166982744292195e-05,2.0625944654187998,1.96375732421875,95.14713772328483,0.9999999994989541,0.02290273601486319,0.0011968807868341389,1.9637573242187503,0.11918568925758787,1.9640088367242927,2.291500322826323e-13
E2r_full_v6,S16_19761114_230000_transient,S16,transient,spike,small,5,0.7547169811320755,62152,70323,DSSRR,0.014590356556018206,3.870518262395335e-05,3.63318042491699,2.4,90.22967541549107,0.9999999983380268,0.03959633416652823,0.0023396867482759556,0.7999999999999998,0.33444796427963147,0.8007586172768469,3.1663560662309465e-13
E2r_full_v6,S16_19761114_230000_transient,S16,transient,spike,medium,10,5.283018867924528,61654,70858,Linear,0.004614846690431775,4.128552813221676e-05,0.43433949124019716,0.36571428571428444,100.22784777777723,0.9999999996403485,0.017703004779332586,0.0004651206554543192,0.3457142857142831,0.03618655331072132,0.34264418819563586,0.0032932744380346213
E2r_full_v6,S16_19761114_230000_transient,S16,transient,spike,medium,10,5.283018867924528,61654,70858,CubicSpline,0.004632447010497959,3.776228136947524e-05,0.43599599568682607,0.33450476190476075,100.19478413341156,0.9999999996404954,0.01767531309505887,0.0004882856355547242,0.3064047619047626,0.03627682915746811,0.30346259304829376,0.006094719959764294
E2r_full_v6,S16_19761114_230000_transient,S16,transient,spike,medium,10,5.283018867924528,61654,70858,FFT,0.027350846175107524,0.0002574378459275686,2.57420309049825,2.2804285714285615,84.77157819457193,0.9999999645447497,0.13450819736561184,0.0021143140305648297,2.0892656029246885,0.18913544155878023,2.085322165971007,0.01171262037519194
E2r_full_v6,S16_19761114_230000_transient,S16,transient,spike,medium,10,5.283018867924528,61654,70858,SSA,0.004769382178720108,4.1856940017478564e-05,0.4488840405750376,0.3707759501502567,99.94175085764631,0.9999999996126085,0.01914334482031659,0.00047102105395893624,0.36021624300950317,0.040873411977728896,0.3587692007309118,0.007420742521667023
E2r_full_v6,S16_19761114_230000_transient,S16,transient,spike,medium,10,5.283018867924528,61654,70858,UNet,0.07961337444924597,0.0006433064245273633,7.493040370310872,5.698518589564732,75.49127289800079,0.9999998947498528,0.3786481435840343,0.008276476617197987,4.03128400530134,0.22034009158283166,4.061694488532373,0.030246105341710017
E2r_full_v6,S16_19761114_230000_transient,S16,transient,spike,medium,10,5.283018867924528,61654,70858,DSSRR,0.04568210185409764,0.0003902772581248629,4.299501632249287,3.4571428571428573,80.31607198254271,0.9999999049939641,0.22576625159444597,0.004243700141005009,1.6857142857142857,0.2188353978311391,1.6871713418400236,0.04878750230111828
E2r_full_v6,S16_19761114_230000_transient,S16,transient,spike,large,20,23.547169811320753,61477,71019,Linear,0.009080468711196991,0.00014601781477241026,0.4048107432246222,0.2901973026973012,94.34882816160015,0.9999999966707388,0.048302669873393295,0.000680741030472421,0.21900460650460485,0.0188400204779284,0.21685521025176874,0.004498438264422977
E2r_full_v6,S16_19761114_230000_transient,S16,transient,spike,large,20,23.547169811320753,61477,71019,CubicSpline,0.010318438536502328,0.00015658524393676165,0.45999990812461866,0.31119911980242204,93.23871386816947,0.9999999956507722,0.05789940228533326,0.0006874281637682586,0.22409427485311417,0.02085104155956947,0.2220782178720576,0.0119590191985125
E2r_full_v6,S16_19761114_230000_transient,S16,transient,spike,large,20,23.547169811320753,61477,71019,FFT,0.059770931041516845,0.0011093020029349788,2.6646108023375987,2.2046381780894175,77.98119312271857,0.9999998558901327,0.37398702503287634,0.0039657630483306,0.7406442066160684,0.16852840381462042,0.7385863366971781,0.15273978932673205
E2r_full_v6,S16_19761114_230000_transient,S16,transient,spike,large,20,23.547169811320753,61477,71019,SSA,0.011579767623295984,0.00019652274410689183,0.5162304377718561,0.3905713172559251,92.23699662218414,0.9999999960628554,0.06053789238093004,0.0007011090666381451,0.24718909747096515,0.020498068972572725,0.24268057906347806,0.009710472708297946
E2r_full_v6,S16_19761114_230000_transient,S16,transient,spike,large,20,23.547169811320753,61477,71019,UNet,0.5187802889274057,0.008955638516229013,23.127422274142063,17.79852783985627,59.211324206381384,0.9999752621096467,2.5873081876130923,0.06941737349311557,15.729308886405748,0.20917976221150025,15.463595437146083,0.011202528338255635
E2r_full_v6,S16_19761114_230000_transient,S16,transient,spike,large,20,23.547169811320753,61477,71019,DSSRR,0.11655693501893238,0.0020384729515282095,5.196152422706632,4.051282051282051,72.18023116585664,0.9999993416491104,0.8354396107860611,0.008821720342928377,1.2564102564102564,0.20616234265408878,1.2631235682394262,0.025525545005806838
