case,kind,i,j,wasserstein,acf_l2,envelope_dist,spec_entropy_err,psd_log_rmse,std_ratio
C1,healthy-healthy,0,1,3.0560269528325414,0.29796005937715403,3.0610796151104775,0.039466426393929055,2.6702255288865056,16.203835970550273
C1,healthy-healthy,0,2,3.428250561517343,0.30340085923721505,3.437372877687281,0.06704982567903905,2.6519077892339307,14.01698454641089
C1,healthy-healthy,0,3,3.9043756759005057,0.27555109405561135,3.9302413299524774,0.16031271063071528,1.2001592513117934,3.269816373018467
C1,healthy-healthy,0,4,4.433948922718574,0.26738557496466614,4.447062401175088,0.047959242481685815,2.7195814544464008,17.786354972095847
C1,healthy-healthy,0,5,4.937733965560268,0.2797507317091273,4.953747998310425,0.03200405362805403,2.669047267778973,16.005620520338898
C1,healthy-healthy,0,6,5.369145661758587,0.27540447494885023,5.399532357969658,0.15807288240976192,1.189597336217264,3.2777004801329936
C1,healthy-healthy,1,2,0.5074037101738623,0.020793178815103276,0.507085102937345,0.02758339928511,0.2058256235206417,0.8650411280313196
C1,healthy-healthy,1,3,1.0885117710672987,0.16290021235003715,1.0632899154379687,0.19977913702464434,1.844043508715795,0.20179273469309983
C1,healthy-healthy,1,4,1.5233341652108812,0.0502286494814118,1.5236011353600012,0.00849281608775676,0.2093850545386205,1.097663232607822
C1,healthy-healthy,1,5,2.109308709757923,0.03967176047071256,2.109265738888159,0.007462372765875025,0.20800085677498595,0.9877673749237601
C1,healthy-healthy,1,6,2.693120372681141,0.1626092411966832,2.6652151223878167,0.19753930880369097,1.8630384068831465,0.20227929276051357
C1,healthy-healthy,2,3,0.6241993178604108,0.16981701565212615,0.5989617253131004,0.22736253630975434,1.8238632209740973,0.233275306981299
C1,healthy-healthy,2,4,1.0422177855419679,0.05144959480808004,1.0428418017200458,0.01909058319735324,0.22214333995074692,1.2689145024874395
C1,healthy-healthy,2,5,1.6138008485150983,0.042800579373760014,1.6142703895130934,0.035045772050985025,0.21099505283802608,1.1418733085801782
C1,healthy-healthy,2,6,2.198028450212129,0.16924381669339678,2.1682831484466645,0.22512270808880097,1.842724252737868,0.23383777511332957
C1,healthy-healthy,3,4,0.5894684302470675,0.16998404296032787,0.578907435187649,0.2082719531124011,1.8971154504396583,5.439557743627588
C1,healthy-healthy,3,5,1.1691207054321602,0.15085270705622647,1.1583033203348172,0.1923167642587693,1.839729679962617,4.894960051093312
C1,healthy-healthy,3,6,1.6067714832376674,0.003255282737385971,1.6072977983008354,0.002239828220953366,0.0647268512364837,1.0024111773306403
C1,healthy-healthy,4,5,0.5878046751518178,0.046121209595872514,0.5875293796521505,0.015955188853631785,0.21302933156954462,0.8998819907414866
C1,healthy-healthy,4,6,1.1697862074702603,0.1692774236450588,1.1440484913251272,0.20603212489144773,1.9158549705031709,0.18428174211479756
C1,healthy-healthy,5,6,0.5872223608684802,0.15030943258111143,0.5600754791212393,0.19007693603781595,1.8585454497095402,0.2047843428478905
C1,input-healthy,-1,0,445.69058314616086,0.42538541826738785,419.3596039501702,0.3858966963410939,3.833967854434991,3.6360676640252247
C1,repaired-healthy,-1,0,3.181640462523915,0.18729057708987465,3.15534936110431,0.01628933646768116,2.4269708784592754,0.06724367768341005
C1,input-healthy,-1,1,445.7981033191914,0.6968749275525462,421.1427010536915,0.34643026994716486,1.3588924051843774,58.91824400568965
C1,repaired-healthy,-1,1,1.2097163297562599,0.15367252272906087,1.210010743914774,0.055755762861610214,0.3468682535311753,1.089605523238584
C1,input-healthy,-1,2,445.3023458946844,0.7009834290222825,420.6376689856814,0.31884687066205486,1.378447491264075,50.96670425634852
C1,repaired-healthy,-1,2,1.7073038848681472,0.15867974989556027,1.7071041100809647,0.08333916214672021,0.34033736539259285,0.9425535909322416
C1,input-healthy,-1,3,444.7103402379171,0.6824971200739933,420.14914856882234,0.5462094069718092,2.9755664993563293,11.889273581233297
C1,repaired-healthy,-1,3,2.2977289742949836,0.19466393150581782,2.2722055685203078,0.14402337416303412,1.6179498395149883,0.21987447827120188
C1,input-healthy,-1,4,444.2747691539805,0.6597798507818543,419.7190409471676,0.3379374538594081,1.3071828706881075,64.6723901749153
C1,repaired-healthy,-1,4,2.7330504949671406,0.11439984702561258,2.7336118792747754,0.06424857894936697,0.3791678872212685,1.1960199209063918
C1,input-healthy,-1,5,443.6917061808502,0.6783045180234673,419.1486136411238,0.3538926427130399,1.3589418600956211,58.19751921666583
C1,repaired-healthy,-1,5,3.318858664004658,0.13638818619758494,3.3191092548823278,0.04829339009573519,0.34508879558672234,1.0762767873926975
C1,input-healthy,-1,6,443.1322685300724,0.6823206448068795,418.62775024466185,0.5439695787508558,2.994332011496298,11.91794072817214
C1,repaired-healthy,-1,6,3.9028367024374013,0.19413379379291995,3.8747310260002936,0.14178354594208076,1.6365177640207222,0.2204046346288326
C2,healthy-healthy,0,1,1.3142268041237113,0.40743739357983316,1.1406859401284302,0.3245677193839296,2.9466499547237524,14.573013074552637
C2,healthy-healthy,0,2,1.39573883161512,0.3612059415160932,1.150344626765545,0.3240396387300481,2.868769056496896,12.916386390310373
C2,healthy-healthy,0,3,2.8369759450171825,0.15463591411373057,2.475427816805466,0.33592358311800596,1.2422856857401987,1.6909515330382756
C2,healthy-healthy,0,4,3.9934020618556696,0.1660872141631686,3.6641930825028117,0.13583934862310598,1.8723695540370209,4.5889360123446
C2,healthy-healthy,0,5,2.543367697594501,0.15932749952361114,2.2531625417823844,0.08702338653903918,2.051168054261177,7.206112934086159
C2,healthy-healthy,0,6,1.758762886597938,0.25355986328675767,1.4995346147194595,0.050107464787557676,2.210799231685204,10.311068060351676
C2,healthy-healthy,0,7,1.5403436426116839,0.2956901318032032,1.269203155189508,0.159370459156301,2.3416159531885072,12.054817515022116
C2,healthy-healthy,0,8,1.59766323024055,0.34306744468504086,1.2877633370787809,0.24615801792646363,2.4771897614101066,13.387148278372418
C2,healthy-healthy,0,9,1.655120274914089,0.3815760897271979,1.3657048230769193,0.2908738701580793,2.6618817866072835,12.770215789041966
C2,healthy-healthy,0,10,1.7263230240549832,0.3484623571202673,1.4424936796903984,0.2705705263504537,2.774609400295009,15.707482830187073
C2,healthy-healthy,0,11,1.7479037800687283,0.4115806919963053,1.440020610157713,0.3339747252308365,2.8646885543289646,12.840330243472678
C2,healthy-healthy,0,12,1.1668728522336766,0.06957592743457787,1.0109623802719798,0.28758583989783687,2.842436897344819,1.325319328779237
C2,healthy-healthy,0,13,49.800549828178696,0.8160409867174077,42.92456667789661,0.3236321900351498,0.9571508834488869,0.15740127536874146
C2,healthy-healthy,0,14,1.99340206185567,0.366840443182876,1.683146543098708,0.314313545850199,2.816262849326107,12.75761682221846
C2,healthy-healthy,0,15,2.2108591065292096,0.36048079612968165,1.899153899195332,0.30350698352204514,2.8681477862223974,13.265091287282242
C2,healthy-healthy,0,16,2.314089347079038,0.4014143531481034,2.0039521539070666,0.3361970472178416,2.8464148412920927,12.530422541894723
C2,healthy-healthy,0,17,2.3156013745704467,0.4304137983608876,2.0056753262671307,0.34344014903882353,2.83292749984032,12.230787470694633
C2,healthy-healthy,0,18,2.2758762886597936,0.37793176487041735,1.9564710250453556,0.3037292676223271,2.8523947275054002,14.080158380805912
C2,healthy-healthy,0,19,2.322886597938144,0.40714863548335195,2.0123373989608018,0.326465881910921,2.8542095422961613,12.502679732948828
C2,healthy-healthy,0,20,2.419931271477663,0.4382874728075234,2.109467684800138,0.3310404083013557,2.838645275447811,13.197527911760407
C2,healthy-healthy,0,21,2.496632302405498,0.38270128733153835,2.1801220328060484,0.3226420066385174,2.8402328628652964,12.645637935468717
C2,healthy-healthy,0,22,2.5220618556701027,0.424302360873205,2.2092812551161525,0.3187316847048105,2.8309956652368675,14.063097762457968
C2,healthy-healthy,0,23,2.557250859106529,0.3917688586811767,2.246366242119101,0.31688315537646156,2.8480546240140834,14.227084947907175
C2,healthy-healthy,0,24,2.6952577319587627,0.37488788318659866,2.3743621857614725,0.3294870104982685,2.8567969944660154,12.092240408899043
C2,healthy-healthy,0,25,2.7349828178694158,0.38692266941524495,2.4247102502056372,0.3278333310741418,2.868515959176476,12.910613061637044
C2,healthy-healthy,0,26,2.7774570446735396,0.3690090514041543,2.404565639810444,0.3329438891301187,2.7583090008622078,11.131472622448161
C2,healthy-healthy,0,27,2.7539518900343642,0.40409258227498934,2.4428794262755185,0.33243773170782676,2.873752796239614,12.717113532708874
C2,healthy-healthy,0,28,2.9863917525773194,0.40312698407709036,2.6758070469232296,0.3324873327992387,2.848608167636285,13.403945029814961
C2,healthy-healthy,0,29,3.0262542955326457,0.4041136041924073,2.704421133069723,0.3368638457401343,2.8547563499362325,11.970431652342223
C2,healthy-healthy,1,2,0.20852233676975934,0.09563804492154607,0.20875046907573094,0.0005280806538814908,0.5249529469627662,0.8863222947941474
C2,healthy-healthy,1,3,2.4387628865979383,0.4551315923650509,2.564718971499399,0.6604913025019356,3.4370098426172913,0.11603307595942493
C2,healthy-healthy,1,4,2.9081786941580754,0.43905478634800027,2.9112156275383785,0.46040706800703557,1.8008003566170967,0.3148927396733783
C2,healthy-healthy,1,5,1.4259793814432988,0.3518248185150169,1.4277702630763598,0.41159110592296877,1.4265108429093913,0.4944833918158712
C2,healthy-healthy,1,6,0.6243298969072165,0.18987936545913114,0.625452289777479,0.2744602545963719,1.120100619121645,0.7075453790918942
C2,healthy-healthy,1,7,0.37979381443298965,0.15253416956196944,0.3806071444299459,0.1651972602276286,0.9225170824407001,0.8272014478642693
C2,healthy-healthy,1,8,0.3791065292096219,0.08954107865697448,0.37951272941106917,0.07840970145746595,0.7282094687381659,0.9186259704755895
C2,healthy-healthy,1,9,0.47917525773195874,0.10668198896997794,0.47971960543952397,0.03369384922585028,0.5869204238021382,0.8762920697116241
C2,healthy-healthy,1,10,0.4912714776632303,0.07844874989371504,0.49091130053875953,0.05399719303347589,0.5363828238839748,1.0778473023952748
C2,healthy-healthy,1,11,0.5400687285223367,0.029342179233361496,0.5407393196708037,0.009407005846906902,0.514410679585843,0.8811033228184441
C2,healthy-healthy,1,12,1.235189003436426,0.43038581343774596,1.185698373360125,0.03698187948609272,0.5149058491029597,0.09094339804667505
C2,healthy-healthy,1,13,50.93223367697594,0.8539698048573889,43.95120680102525,0.0009355293487797733,3.3455078036657366,0.010800873818160542
C2,healthy-healthy,1,14,0.7668728522336771,0.05945476885424334,0.7676706795798726,0.010254173533730593,0.5285488090774014,0.8754275287440804
C2,healthy-healthy,1,15,0.9766323024054981,0.09357920537602178,0.977182592766306,0.02106073586188445,0.5047120125024337,0.9102504210634204
C2,healthy-healthy,1,16,1.0798625429553264,0.06780407964984214,1.0808013198267579,0.011629327833912018,0.5125801957446939,0.8598374596786565
C2,healthy-healthy,1,17,1.08659793814433,0.045727477671337176,1.087681305872139,0.01887242965489394,0.5073044426238212,0.8392765043246034
C2,healthy-healthy,1,18,1.0416494845360824,0.11120595753594628,1.0418346241136542,0.020838451761602483,0.5079427649337275,0.9661803162301548
C2,healthy-healthy,1,19,1.088659793814433,0.09361182418204973,1.0896152109285984,0.0018981625269914315,0.5301946369746066,0.8579337484280077
C2,healthy-healthy,1,20,1.1857044673539519,0.12205372344799369,1.1862856198086815,0.006472688917426139,0.5095355138621178,0.9056142229638129
C2,healthy-healthy,1,21,1.2643298969072165,0.04655045965393539,1.2651912149089046,0.0019257127454122003,0.5222777535708147,0.867743538743055
C2,healthy-healthy,1,22,1.2878350515463919,0.1213400669819883,1.2880265903749712,0.005836034679119084,0.5236734291212275,0.9650096167831251
C2,healthy-healthy,1,23,1.3230240549828178,0.08674443433474092,1.3231491531401556,0.007684564007468031,0.5034828922402549,0.9762624156799753
C2,healthy-healthy,1,24,1.4610309278350515,0.07780021379734094,1.4622355753239284,0.0049192911143389195,0.5151743308576067,0.8297694064384816
C2,healthy-healthy,1,25,1.5156013745704464,0.048202659020750334,1.5162943376918656,0.0032656116902122223,0.5114736456684573,0.8859261290428515
C2,healthy-healthy,1,26,1.5756701030927833,0.09585604157047109,1.5769280530165521,0.0083761697461891,0.563842805161552,0.7638415312945284
C2,healthy-healthy,1,27,1.519725085910653,0.06573492466192928,1.5205568092081152,0.007870012323897169,0.5137803364200444,0.8726481934547786
C2,healthy-healthy,1,28,1.7521649484536082,0.018437753303121748,1.752644399040094,0.007919613415309112,0.4974993063647258,0.9197785633784163
C2,healthy-healthy,1,29,1.7983505154639174,0.05125739605598209,1.7995972966208782,0.012296126356204695,0.5067765168356204,0.8214108908773139
C2,healthy-healthy,2,3,2.2302405498281788,0.41566879214029107,2.3559805044219564,0.659963221848054,3.3652469139397203,0.1309152174563231
C2,healthy-healthy,2,4,2.699656357388316,0.39872687358509457,2.702542588570088,0.4598789873531541,1.7299013024739929,0.3552801746303198
C2,healthy-healthy,2,5,1.2174570446735395,0.31289895683387736,1.2190291647897897,0.4110630252690873,1.3546103496864654,0.5579047201226658
C2,healthy-healthy,2,6,0.4413745704467355,0.16272817348970967,0.44244967757345904,0.2739321739424904,1.0435879006138822,0.7982935589540235
C2,healthy-healthy,2,7,0.2287285223367698,0.08421997532978191,0.22915358062942842,0.1646691795737471,0.8427547069350154,0.9332964461375193
C2,healthy-healthy,2,8,0.30419243986254296,0.039711613027630606,0.303963866465094,0.07788162080358446,0.6686555628202797,1.0364468725097964
C2,healthy-healthy,2,9,0.36439862542955326,0.06901601669662652,0.3644010583669191,0.03316576857196879,0.5569366828583513,0.9886833207943619
C2,healthy-healthy,2,10,0.4672164948453608,0.038769732955375016,0.46634435854267337,0.0534691123795944,0.5199184126331033,1.216089574554858
C2,healthy-healthy,2,11,0.4544329896907216,0.08377374589990737,0.45447046970816346,0.009935086500788393,0.5078399872143101,0.994111654409658
C2,healthy-healthy,2,12,1.1377319587628862,0.38666395408278476,1.089297174888823,0.036453798832211226,0.5065639087727843,0.10260759385246947
C2,healthy-healthy,2,13,50.77072164948453,0.839808372753323,43.80454369495061,0.0004074486948982825,3.268432005888264,0.012186169615267705
C2,healthy-healthy,2,14,0.6999312714776634,0.04936457384752749,0.700011438543239,0.009726092879849102,0.4940737389083325,0.9877078957456848
C2,healthy-healthy,2,15,0.9173883161512026,0.020524016469459127,0.917205874765031,0.02053265520800296,0.48691780347482916,1.0269970939570523
C2,healthy-healthy,2,16,1.0206185567010309,0.06657487923470351,1.020824601825483,0.012157408487793508,0.4988115259640579,0.9701182794661616
C2,healthy-healthy,2,17,1.02213058419244,0.11070739551831274,1.022517643346016,0.01940051030877543,0.503217524078846,0.9469202221964665
C2,healthy-healthy,2,18,0.982405498281787,0.06331344858641037,0.9818579061123797,0.020310371107720993,0.4944133859063204,1.090100431755516
C2,healthy-healthy,2,19,1.0294158075601374,0.08829362078834511,1.0296384929273237,0.0024262431808729223,0.5211357398981417,0.9679704024897735
C2,healthy-healthy,2,20,1.1264604810996564,0.1331466083124231,1.1263089018074068,0.00700076957130763,0.504455402482744,1.0217662675106955
C2,healthy-healthy,2,21,1.2031615120274914,0.07821562056803484,1.2033012705794337,0.0013976320915307094,0.5192405553430901,0.9790383744596317
C2,healthy-healthy,2,22,1.2285910652920964,0.12537253748593374,1.2280498723736963,0.005307954025237593,0.5105908198244464,1.0887795810289742
C2,healthy-healthy,2,23,1.2637800687285226,0.06583439386702127,1.2631724351388807,0.00715648335358654,0.49386420027758215,1.1014756386176618
C2,healthy-healthy,2,24,1.401786941580756,0.08556924085930687,1.4022588569721073,0.00544737176822041,0.5101029338726908,0.9361937653060587
C2,healthy-healthy,2,25,1.4415120274914088,0.05654017693044021,1.4415069445168265,0.003793692344093713,0.4932754693627778,0.9995530229194336
C2,healthy-healthy,2,26,1.4982817869415808,0.043503457144346086,1.499011083803921,0.00890425040007059,0.5382309444017476,0.8618101290925183
C2,healthy-healthy,2,27,1.4604810996563575,0.07743395540023744,1.46058009120684,0.00839809297777866,0.501188938215203,0.9845720891597229
C2,healthy-healthy,2,28,1.6929209621993129,0.08011015467363856,1.6926676810388193,0.008447694069190603,0.5167244420676808,1.0377472943874768
C2,healthy-healthy,2,29,1.7338831615120274,0.062299611918088575,1.734428328666993,0.012824207010086186,0.5053405584930254,0.9267632053277558
C2,healthy-healthy,3,4,1.2432989690721648,0.08380255121720524,1.3482076327166626,0.20008423449489998,2.341295827349258,2.7138187716704993
C2,healthy-healthy,3,5,1.1700343642611686,0.13188486556100845,1.287528862421781,0.24890019657896678,2.5497993293464014,4.261572725941957
C2,healthy-healthy,3,6,1.832577319587629,0.2805349146470129,1.951190672644604,0.38603104790556364,2.7132170997049014,6.097790420890532
C2,healthy-healthy,3,7,2.1013058419243986,0.34238304795747426,2.220851935355688,0.49529404227430696,2.8313354118538654,7.129014214476843
C2,healthy-healthy,3,8,2.3120274914089345,0.39342363090264165,2.430162926442632,0.5820816010444696,2.968678845106783,7.916931985813729
C2,healthy-healthy,3,9,2.2314776632302404,0.43190724101277544,2.3497876031151685,0.6267974532760853,3.1671616519086574,7.552088595996451
C2,healthy-healthy,3,10,2.5294845360824745,0.40183779760267396,2.6476064935113484,0.6064941094684597,3.2711472161345565,9.289138407156482
C2,healthy-healthy,3,11,2.2753264604810997,0.4592681634632425,2.3935122036001375,0.6698983083488425,3.36302818304992,7.593553092796501
C2,healthy-healthy,3,12,1.9917525773195877,0.09828259336595013,1.879759808618413,0.6235094230158429,3.3402512623440574,0.7837713280864008
C2,healthy-healthy,3,13,50.76948453608248,0.8397629697067631,42.14077911402358,0.6595557731531558,1.0374043791575518,0.09308443931915324
C2,healthy-healthy,3,14,2.3492783505154637,0.4199478738466919,2.4592479069434163,0.650237128968205,3.3102656148808935,7.544637781128404
C2,healthy-healthy,3,15,2.4878350515463916,0.41494216980712906,2.59269511993042,0.639430566640051,3.3607368867622753,7.844749555563433
C2,healthy-healthy,3,16,2.4085223367697592,0.45110509060646753,2.5130079011764686,0.6721206303358476,3.3444124028465714,7.410278944766311
C2,healthy-healthy,3,17,2.4501718213058417,0.47661673683560146,2.5530298701021215,0.6793637321568295,3.3257849342905446,7.233079855764813
C2,healthy-healthy,3,18,2.5786941580756015,0.4303542656793673,2.6882807680807286,0.6396528507403331,3.3434844293822668,8.32676638312981
C2,healthy-healthy,3,19,2.4406872852233676,0.45634511644260584,2.5434804809552922,0.662389465028927,3.3529742992975997,7.393872319026988
C2,healthy-healthy,3,20,2.516288659793814,0.48406887848066665,2.618788342654314,0.6669639914193617,3.3313735280527212,7.804793723476139
C2,healthy-healthy,3,21,2.546254295532646,0.4336435300580096,2.6487431305443283,0.6585655897565234,3.333595308588466,7.478415370514108
C2,healthy-healthy,3,22,2.700893470790378,0.47136181884712897,2.8032112992158873,0.6546552678228165,3.327431949740467,8.316677023373124
C2,healthy-healthy,3,23,2.7094158075601373,0.4421410946974597,2.8116508543062135,0.6528067384944676,3.3415764968426673,8.413656257990539
C2,healthy-healthy,3,24,2.6544329896907213,0.42690132764274585,2.756990551154715,0.6654105936162744,3.352196302799492,7.151145477937531
C2,healthy-healthy,3,25,2.760962199312715,0.43748445142455994,2.863293634789044,0.6637569141921478,3.359263914547432,7.635117157047402
C2,healthy-healthy,3,26,2.605498281786941,0.4217520811648533,2.7072630213521256,0.6688674722481247,3.278686697609812,6.582963736664012
C2,healthy-healthy,3,27,2.7463917525773196,0.4533204073874044,2.842462997727045,0.6683613148258327,3.3716541245700626,7.520684824039915
C2,healthy-healthy,3,28,2.9645360824742264,0.4518510457737376,3.060193919035161,0.6684109159172447,3.344594888614617,7.92686529916681
C2,healthy-healthy,3,29,2.8718900343642613,0.4531100074542928,2.967731032327584,0.6727874288581402,3.351276306831957,7.079109849371673
C2,healthy-healthy,4,5,1.5072164948453608,0.09505889000196661,1.5070222785560827,0.0488159620840668,0.6852007501393269,1.5703232546062487
C2,healthy-healthy,4,6,2.3176632302405498,0.26027234024134577,2.317426322266954,0.18594681341066366,1.0013490372765732,2.246940910183131
C2,healthy-healthy,4,7,2.5863917525773195,0.3243858207115376,2.5868530452521767,0.295209807779407,1.2256551081660747,2.626930835947902
C2,healthy-healthy,4,8,2.7971134020618553,0.37668666485898356,2.7965402945529867,0.3819973665495696,1.4046014296737372,2.9172662774894653
C2,healthy-healthy,4,9,2.7165635738831613,0.41511170827808247,2.7160771379591324,0.4267132187811853,1.5639481378337377,2.782827164006353
C2,healthy-healthy,4,10,3.0145704467353953,0.3856032562213463,3.0139351333262465,0.4064098749735597,1.6469741311673805,3.4229029971064597
C2,healthy-healthy,4,11,2.7604123711340205,0.44268585667163934,2.7596499581286023,0.46981407385394247,1.7232138338210767,2.7981061860371867
C2,healthy-healthy,4,12,3.161924398625429,0.1168702391852694,2.961033099632341,0.42342518852094285,1.727899373066363,0.2888075417076578
C2,healthy-healthy,4,13,51.93828178694157,0.8366187405806135,42.565485479394525,0.4594715386582558,2.1651880055323587,0.03430016782654842
C2,healthy-healthy,4,14,2.7628865979381443,0.40367505716393726,2.7618221677658776,0.450152894473305,1.6999134062710148,2.7800816546356377
C2,healthy-healthy,4,15,2.838213058419244,0.39820977551803927,2.834638950532783,0.4393463321451511,1.7300227811648563,2.8906681748439262
C2,healthy-healthy,4,16,2.7591752577319584,0.4342854265438252,2.755269740876826,0.4720363958409476,1.7216003497630472,2.7305725135814756
C2,healthy-healthy,4,17,2.7114776632302404,0.46023717604195347,2.7077620737559416,0.4792794976619295,1.7177896837223212,2.6652774058715423
C2,healthy-healthy,4,18,2.935395189003436,0.4136076361342267,2.931475590703111,0.4395686162454331,1.7270614910287538,3.068283877335946
C2,healthy-healthy,4,19,2.7129896907216495,0.4396718470207378,2.7092804449182726,0.462305230534027,1.7337342328594336,2.7245269272252357
C2,healthy-healthy,4,20,2.8471477663230242,0.4675253789689397,2.8430924892893006,0.4668797569244617,1.7061119575779375,2.8759450722902904
C2,healthy-healthy,4,21,2.8353264604810993,0.4175901145380162,2.8314026650308257,0.45848135526162337,1.7113115658012166,2.755679726509273
C2,healthy-healthy,4,22,2.9902405498281786,0.4550110517714613,2.9862334249770885,0.4545710333279165,1.7102706750647652,3.064566105220134
C2,healthy-healthy,4,23,2.9726460481099655,0.42539816918367673,2.968609428588094,0.45272250399956754,1.7161122302984917,3.1003014445249395
C2,healthy-healthy,4,24,2.8437113402061853,0.41085520165908185,2.837102199434531,0.4653263591213745,1.7170869416750463,2.635085862249478
C2,healthy-healthy,4,25,2.9502405498281785,0.42081235708006715,2.945063444807028,0.4636726796972478,1.718744705043507,2.813421897124743
C2,healthy-healthy,4,26,2.883848797250859,0.40471230246472395,2.879106679557819,0.46878323775322467,1.5800603288308517,2.425719729475746
C2,healthy-healthy,4,27,2.908453608247423,0.43670537225412354,2.9017308782097317,0.46827708033093274,1.7332445702657568,2.771255362571286
C2,healthy-healthy,4,28,3.0793127147766324,0.43550400002776657,3.072332933221324,0.4683266814223447,1.7294043730935613,2.9209265489330756
C2,healthy-healthy,4,29,2.9534020618556704,0.43614067189830413,2.946509064285438,0.47270319436324026,1.6981373036353373,2.608541853740943
C2,healthy-healthy,5,6,0.8104467353951889,0.1704251813759182,0.8107403795368509,0.13713085132659686,0.6380492493076637,1.4308779441376056
C2,healthy-healthy,5,7,1.0791752577319587,0.23764497368597565,1.0803670706198272,0.24639384569534017,0.8452569819395775,1.6728599211923483
C2,healthy-healthy,5,8,1.289896907216495,0.2891486692181094,1.289672859379138,0.3331814044655028,1.0245641500886995,1.857748886371863
C2,healthy-healthy,5,9,1.2093470790378007,0.3277114125588402,1.2090557701686548,0.3778972566971185,1.1818751301878285,1.772136504915548
C2,healthy-healthy,5,10,1.5073539518900345,0.29923341036020185,1.5069129834785526,0.3575939128894929,1.2696996305044412,2.1797441941109885
C2,healthy-healthy,5,11,1.2531958762886597,0.35476084736699137,1.252631507021122,0.42099811176987567,1.3401244976481042,1.781866362755971
C2,healthy-healthy,5,12,1.6739518900343644,0.13128615392689183,1.5006781511936675,0.37460922643687605,1.3492182607996994,0.1839159809041923
C2,healthy-healthy,5,13,51.12164948453607,0.8333015367623535,43.214023123852144,0.410655576574189,2.392175162643376,0.02184274334976898
C2,healthy-healthy,5,14,1.2562199312714775,0.31758680730474975,1.255295667473496,0.4013369323892382,1.3224534237425674,1.7703881328127589
C2,healthy-healthy,5,15,1.3884536082474226,0.3116676694959071,1.3864131364284844,0.3905303700610843,1.346606978502531,1.8408109071580223
C2,healthy-healthy,5,16,1.3094158075601374,0.34622268900322845,1.3070065784376443,0.4232204337568808,1.3418379308705397,1.738860139510156
C2,healthy-healthy,5,17,1.3219243986254292,0.3720485317624836,1.3186031219852616,0.4304635355778627,1.3355269997689458,1.6972794601701646
C2,healthy-healthy,5,18,1.485635738831615,0.32671112386417567,1.4831570675670496,0.3907526541613663,1.3507276530916712,1.95391863957615
C2,healthy-healthy,5,19,1.3124398625429552,0.35176559330621204,1.3090521725119304,0.4134892684499602,1.3551733633224565,1.7350102402371848
C2,healthy-healthy,5,20,1.3973883161512026,0.3798276839184413,1.394887619816488,0.4180637948403949,1.3277734742710041,1.8314350652665874
C2,healthy-healthy,5,21,1.4180068728522335,0.3320118504699926,1.4143902566462718,0.40966539317755657,1.3365040337468648,1.7548487029184494
C2,healthy-healthy,5,22,1.5726460481099656,0.3675084350104625,1.5689157709362131,0.4057550712438497,1.3265463567922795,1.9515511193188364
C2,healthy-healthy,5,23,1.5811683848797249,0.3375695149555512,1.5772237450970532,0.40390654191550074,1.338044694068324,1.974307796455198
C2,healthy-healthy,5,24,1.5261855670103093,0.3273506327428524,1.5225175507097566,0.4165103970373077,1.3386047120969395,1.67805313620566
C2,healthy-healthy,5,25,1.6327147766323025,0.3344070392198124,1.6288454636909808,0.414856717613181,1.3438103715941188,1.791619584611806
C2,healthy-healthy,5,26,1.5209621993127147,0.32018805700399927,1.5168109512656551,0.41996727566915787,1.203257773151257,1.5447263627788936
C2,healthy-healthy,5,27,1.6404123711340204,0.3484986653518879,1.6358736474203903,0.41946111824686594,1.3572774467821942,1.7647674480025077
C2,healthy-healthy,5,28,1.8585567010309276,0.34801338130117215,1.853644147177892,0.4195107193382779,1.3529088225183874,1.8600797895364645
C2,healthy-healthy,5,29,1.765910652920962,0.3483515141745198,1.7611871259704244,0.42388723227917346,1.3172061933605885,1.661149604763541
C2,healthy-healthy,6,7,0.27615120274914096,0.09592493342193958,0.27660196499782636,0.10926299436874332,0.5908346224665868,1.1691143385398077
C2,healthy-healthy,6,8,0.479450171821306,0.13045247012263284,0.47939871025087544,0.19605055313890596,0.7182093066932393,1.2983279908551135
C2,healthy-healthy,6,9,0.3989003436426118,0.1668013683039865,0.39898203893382933,0.24076640537052163,0.8798402605863911,1.238495926347419
C2,healthy-healthy,6,10,0.6969072164948455,0.14630228508079593,0.6968168432867571,0.22046306156289602,0.9670625569962442,1.5233613761681115
C2,healthy-healthy,6,11,0.4471477663230241,0.1901289742619811,0.4469258750735,0.2838672604432788,1.0324981742691528,1.2452958479481975
C2,healthy-healthy,6,12,0.9096907216494843,0.26043634665897936,0.8204173805829686,0.2374783751102792,1.047543365808399,0.12853366120962945
C2,healthy-healthy,6,13,50.68756013745704,0.8591556315482493,43.43148805242471,0.27352472524759214,2.5794665616303507,0.015265273630955556
C2,healthy-healthy,6,14,0.5227491408934708,0.16438054844889227,0.5218204089848564,0.2642060810626413,1.0165589434644142,1.2372740386875025
C2,healthy-healthy,6,15,0.756426116838488,0.1570924944238658,0.7552615920976612,0.25339951873448746,1.0514991626539345,1.2864905177266546
C2,healthy-healthy,6,16,0.7719587628865979,0.18146109675257227,0.7703346870809371,0.28608958243028393,1.0341766236103196,1.2152400186428427
C2,healthy-healthy,6,17,0.7932646048109966,0.2047474129239149,0.7921054091866127,0.29333268425126585,1.0307670469719106,1.1861804615294411
C2,healthy-healthy,6,18,0.7846048109965635,0.16832767097236007,0.7827981919103462,0.2536218028347694,1.0455251552064249,1.3655383029563375
C2,healthy-healthy,6,19,0.8010996563573882,0.18673846270291258,0.7996937197970263,0.27635841712336334,1.04688173066907,1.2125494332657023
C2,healthy-healthy,6,20,0.8907216494845359,0.2141195639467131,0.888819944994294,0.28093294351379805,1.027235706062355,1.2799380078289067
C2,healthy-healthy,6,21,0.9517525773195876,0.1797464024857036,0.9500961396290678,0.2725345418509597,1.0360458436348248,1.2264139720004947
C2,healthy-healthy,6,22,1.0148453608247423,0.20260247038068713,1.012879796733651,0.2686242199172528,1.0265284011122662,1.363883710216955
C2,healthy-healthy,6,23,1.0541580756013746,0.17403244542275706,1.0521498174652373,0.2667756905889039,1.0404338139095777,1.3797877062423234
C2,healthy-healthy,6,24,1.142955326460481,0.18596188477267953,1.141495869389505,0.27937954571071083,1.0426422091093412,1.1727437291769243
C2,healthy-healthy,6,25,1.1928522336769758,0.17915784328552636,1.191022467137795,0.27772586628658413,1.0460819671263715,1.2521120979964915
C2,healthy-healthy,6,26,1.2248797250859105,0.17669027546041183,1.2236962471832489,0.282836424342561,0.9223376558682097,1.0795654298167603
C2,healthy-healthy,6,27,1.2233676975945018,0.18226177472633387,1.2217014355209548,0.2823302669202691,1.0580209097473268,1.233345901536967
C2,healthy-healthy,6,28,1.4547079037800685,0.18556218110462686,1.4526896218534504,0.282379868011681,1.050581563424347,1.2999569929472559
C2,healthy-healthy,6,29,1.4736769759450172,0.18558546319212985,1.472317313314087,0.2867563809525766,1.0163561441516427,1.1609303306188106
C2,healthy-healthy,7,8,0.2156701030927835,0.0660607585416433,0.21550416851059662,0.08678755877016264,0.5532112429730397,1.1105226820466887
C2,healthy-healthy,7,9,0.20164948453608217,0.09985432580250525,0.20135239440324176,0.13150341100177831,0.6839022370790935,1.0593454254385855
C2,healthy-healthy,7,10,0.42817869415807563,0.08708365417042048,0.4280024042462771,0.11120006719415271,0.7667567301746719,1.3030046129363115
C2,healthy-healthy,7,11,0.27573883161512014,0.14352703352863116,0.27544637636974934,0.1746042660745355,0.8338332664875869,1.0651617270411027
C2,healthy-healthy,7,12,0.9213745704467352,0.3145013414447821,0.8718886661960333,0.12821538074153588,0.8380322829473169,0.10994105278881498
C2,healthy-healthy,7,13,50.5895532646048,0.8515795539981328,43.59099431064057,0.16426173087884882,2.713595500584143,0.013057126345754925
C2,healthy-healthy,7,14,0.4824742268041238,0.11021951053242864,0.4820502599739207,0.154943086693898,0.8127029530765529,1.0583002858661448
C2,healthy-healthy,7,15,0.6999312714776631,0.08075246267324532,0.699259496711319,0.14413652436574415,0.8480919955428703,1.100397519144968
C2,healthy-healthy,7,16,0.8031615120274914,0.12207732719069558,0.8028634232561644,0.1768265880615406,0.8229654757100563,1.0394535235621525
C2,healthy-healthy,7,17,0.8046735395189004,0.16495024770544542,0.804556610525305,0.18406968988252254,0.8357696025829624,1.0145974798413289
C2,healthy-healthy,7,18,0.7649484536082474,0.09640409463645709,0.7638967275430614,0.1443588084660261,0.8488894730114971,1.168010910430864
C2,healthy-healthy,7,19,0.8119587628865979,0.1295315061778507,0.8116775786122753,0.16709542275462003,0.8398020732458901,1.037152135846303
C2,healthy-healthy,7,20,0.9090034364261168,0.16691830303926303,0.9083480507012285,0.17166994914505473,0.8187539540710538,1.0947928407300846
C2,healthy-healthy,7,21,0.9857044673539519,0.13660053627710816,0.9853400920101155,0.1632715474822164,0.833714375874713,1.049011145934317
C2,healthy-healthy,7,22,1.0111340206185568,0.1548745698780521,1.010088693804378,0.1593612255485095,0.8234687083661669,1.1665956572902276
C2,healthy-healthy,7,23,1.0463230240549828,0.11103837920511898,1.0452112565695622,0.15751269622016056,0.8346108988432952,1.180199113770989
C2,healthy-healthy,7,24,1.1843298969072165,0.1410648311049859,1.1842976784027888,0.17011655134196751,0.8451528559288924,1.003104393229037
C2,healthy-healthy,7,25,1.2240549828178693,0.12430872731943646,1.2235457659475082,0.16846287191784082,0.8371772216931157,1.0709919951539753
C2,healthy-healthy,7,26,1.2841237113402062,0.1072640569316874,1.2843440938565278,0.1735734299738177,0.7438837814265684,0.9234044902439325
C2,healthy-healthy,7,27,1.243024054982818,0.12849482963183348,1.242618912637522,0.17306727255152576,0.8605298697497129,1.05494036030451
C2,healthy-healthy,7,28,1.475463917525773,0.14057680852818302,1.474706502469501,0.1731168736429377,0.8437499681115204,1.1119160462698803
C2,healthy-healthy,7,29,1.5164261168384878,0.12739012153465679,1.5164672015856793,0.1774933865838333,0.8248370555201201,0.9929998224709176
C2,healthy-healthy,8,9,0.18089347079037796,0.05988189716811232,0.18104691582826798,0.04471585223161567,0.5368901351442822,0.9539160636373776
C2,healthy-healthy,8,10,0.25209621993127146,0.03781107940944242,0.25192127546323434,0.024412508423990065,0.5981236374843262,1.1733255286007842
C2,healthy-healthy,8,11,0.19422680412371135,0.07951789072287087,0.19433417178836915,0.08781670730437285,0.6547661463466843,0.9591535087580794
C2,healthy-healthy,8,12,0.9179381443298967,0.36561482371192583,0.8675818513314397,0.041427821971373235,0.659988631812903,0.09899937620916788
C2,healthy-healthy,8,13,50.73154639175258,0.8550146488109219,43.582492716210915,0.07747417210868618,2.868955209043178,0.011757640394776524
C2,healthy-healthy,8,14,0.39711340206185586,0.0531173406639934,0.3974205776225988,0.06815552792373536,0.6297122555487471,0.9529749396159266
C2,healthy-healthy,8,15,0.6131958762886598,0.030827984181368548,0.6133100025634878,0.0573489655955815,0.6595216317683449,0.9908825248992953
C2,healthy-healthy,8,16,0.7178006872852235,0.0631824467027985,0.7182334273343676,0.09003902929137797,0.6475017290950341,0.9360038658966153
C2,healthy-healthy,8,17,0.7193127147766325,0.10251531832574967,0.7199357999678185,0.0972821311123599,0.6411265684928871,0.913621573195488
C2,healthy-healthy,8,18,0.6782130584192441,0.05882438651197083,0.6779038664770922,0.05757124969586347,0.654965300092487,1.051766820536776
C2,healthy-healthy,8,19,0.7260481099656357,0.07960855704303155,0.7265153436426401,0.08030786398445738,0.6566421542703814,0.9339315194663678
C2,healthy-healthy,8,20,0.8236426116838488,0.12329508524682324,0.8237287735398753,0.08488239037489209,0.6404360329232649,0.9858356415663491
C2,healthy-healthy,8,21,0.8989690721649486,0.07954579663611186,0.8993472309718464,0.07648398871205375,0.6597367237564271,0.9446102838713879
C2,healthy-healthy,8,22,0.9243986254295533,0.11304145772761072,0.9240960723087287,0.07257366677834687,0.6523081686845699,1.050492417804157
C2,healthy-healthy,8,23,0.9609621993127149,0.059846612825208235,0.9605827520371781,0.07072513744999792,0.6586093163209483,1.0627420158544039
C2,healthy-healthy,8,24,1.0975945017182132,0.09509773727718808,1.0983048173517447,0.08332899257180487,0.6592031666038508,0.9032723144202385
C2,healthy-healthy,8,25,1.1425429553264606,0.0654330652483159,1.1427663861009651,0.08167531314767817,0.6671551323361131,0.9644035303984516
C2,healthy-healthy,8,26,1.2012371134020619,0.06974010292607763,1.2020347234421707,0.08678587120365505,0.6006458869094387,0.8315043944366735
C2,healthy-healthy,8,27,1.1568384879725087,0.06915570752312183,1.1571607723778066,0.08627971378136312,0.6629099610410246,0.9499494043288486
C2,healthy-healthy,8,28,1.3901030927835052,0.07681977332428515,1.390078460296519,0.08632931487277506,0.66864822290702,1.0012546922679773
C2,healthy-healthy,8,29,1.430790378006873,0.06616929331004842,1.4315649509723793,0.09070582781367065,0.6479040724146096,0.8941733820693103
C2,healthy-healthy,9,10,0.2980068728522337,0.08552562560543728,0.2979991754956559,0.020303343807625607,0.517974195783346,1.2300091940229607
C2,healthy-healthy,9,11,0.14116838487972488,0.08344811256257409,0.14105518704149017,0.04310085507275718,0.5501750921593487,1.005490467473863
C2,healthy-healthy,9,12,0.8244673539518899,0.40430714881818824,0.7670914911767304,0.003288030260242436,0.5431952189675986,0.10378206215714743
C2,healthy-healthy,9,13,50.70735395189003,0.9078240378395372,43.4714883648042,0.03275831987707051,3.062105524667263,0.012325655100027635
C2,healthy-healthy,9,14,0.34213058419244,0.094667820488164,0.34213363344095893,0.023439675692119688,0.5354127772630716,0.9990134100285885
C2,healthy-healthy,9,15,0.5595876288659793,0.051490253794872334,0.5593280696627511,0.012633113363965831,0.5436860097425837,1.0387523207444886
C2,healthy-healthy,9,16,0.6628178694158076,0.04317124789506175,0.6629467967232028,0.0453231770597623,0.5404271740894906,0.9812224592665372
C2,healthy-healthy,9,17,0.6643298969072167,0.09306617467318515,0.6646398382437357,0.05256627888074422,0.5430119986243144,0.9577588721079673
C2,healthy-healthy,9,18,0.6246048109965636,0.012514808774566948,0.6239801010100996,0.012855397464247798,0.549916660920828,1.1025779527453703
C2,healthy-healthy,9,19,0.671615120274914,0.03455684240401372,0.6717606878250435,0.03559201175284171,0.5400694103046826,0.9790499972342444
C2,healthy-healthy,9,20,0.7686597938144328,0.07372146117035606,0.7684310967051268,0.04016653814327642,0.5238650254655067,1.033461621148028
C2,healthy-healthy,9,21,0.8453608247422681,0.11685291088062998,0.8454234655484006,0.03176813648043808,0.5427324910747163,0.9902446555611996
C2,healthy-healthy,9,22,0.8707903780068729,0.06192696859508049,0.8701720672714165,0.027857814546731197,0.5441629603102359,1.1012419832809721
C2,healthy-healthy,9,23,0.905979381443299,0.024772783614239176,0.9052946300366006,0.02600928521838225,0.5407308695955647,1.1140833626404216
C2,healthy-healthy,9,24,1.0439862542955325,0.1395642341756143,1.044381051899128,0.0386131403401892,0.541318453144933,0.9469096379145715
C2,healthy-healthy,9,25,1.0837113402061855,0.09627205927592916,1.0836291412808159,0.0369594609160625,0.5409423469186311,1.0109941190429022
C2,healthy-healthy,9,26,1.1451546391752578,0.10558946712725921,1.1458000530959902,0.04207001897203938,0.521399541039895,0.8716745908079436
C2,healthy-healthy,9,27,1.102680412371134,0.04736003178182615,1.1027022861045603,0.04156386154974745,0.5550581731237015,0.9958417103346554
C2,healthy-healthy,9,28,1.3351202749140894,0.0918356219517928,1.3347898759365393,0.04161346264115939,0.5410402244996264,1.0496255702515014
C2,healthy-healthy,9,29,1.3771821305841923,0.06705693241006491,1.3776411256420151,0.045989975582054976,0.5374859030904255,0.9373711337444791
C2,healthy-healthy,10,11,0.26020618556701025,0.077418105338709,0.2606245326296877,0.06340419888038279,0.5223696135782308,0.8174658143688979
C2,healthy-healthy,10,12,1.0859106529209621,0.37335849317276854,1.0250828191834838,0.01701531354738317,0.5068270094188654,0.08437502960253715
C2,healthy-healthy,10,13,50.93223367697595,0.8269907312035213,43.577898301093384,0.053061663684696114,3.1730921321092116,0.010020782901391518
C2,healthy-healthy,10,14,0.3638487972508592,0.030835093638602897,0.3646933631498227,0.043743019499745295,0.4973724734138926,0.8121999533682286
C2,healthy-healthy,10,15,0.5051546391752576,0.04236872558344214,0.5060404357249737,0.03293645717159144,0.4997162572307286,0.8445077693658483
C2,healthy-healthy,10,16,0.611958762886598,0.07375806124212704,0.613222514628718,0.0656265208673879,0.5040739004598525,0.7977358738731384
C2,healthy-healthy,10,17,0.641237113402062,0.10447883765556217,0.6425932641470278,0.07286962268836983,0.5039887266725259,0.7786599293415265
C2,healthy-healthy,10,18,0.5602749140893472,0.08332776086841069,0.5608354630907448,0.033158741271873404,0.5079337773013447,0.8963981392191721
C2,healthy-healthy,10,19,0.6246048109965635,0.09999963767917151,0.625890737323991,0.05589535556046732,0.5242013703047597,0.7959696577807318
C2,healthy-healthy,10,20,0.7043298969072165,0.14067013947238413,0.7052864587857719,0.06046988195090203,0.5049343708211131,0.8402064197319052
C2,healthy-healthy,10,21,0.796151202749141,0.0592802673279516,0.7973412916886075,0.05207148028806369,0.5059543574275385,0.8050709379836333
C2,healthy-healthy,10,22,0.8072852233676976,0.13416542796991984,0.8078520723635506,0.0481611583543568,0.5072932992555076,0.895311993301817
C2,healthy-healthy,10,23,0.8416494845360826,0.07636504098627292,0.8421499921172456,0.04631262902600786,0.5109891229099068,0.9057520610849213
C2,healthy-healthy,10,24,1.0005498281786942,0.06489244457598818,1.001998622787449,0.05891648414781481,0.516026207359536,0.7698394796683786
C2,healthy-healthy,10,25,1.058144329896907,0.044321334279988,1.0591079453539298,0.05726280472368811,0.516873051774671,0.8219402943937463
C2,healthy-healthy,10,26,1.1094158075601375,0.04359304785891926,1.1109101154343217,0.06237336277966499,0.5065256985211026,0.7086732319100918
C2,healthy-healthy,10,27,1.0383505154639177,0.08125820821904002,1.0395576481852056,0.061867205357373056,0.5120829778201327,0.8096213550054331
C2,healthy-healthy,10,28,1.2707903780068728,0.06692756700106453,1.2716452380171843,0.061916806448785,0.5092538337144199,0.8533477435382711
C2,healthy-healthy,10,29,1.330721649484536,0.06275521772572437,1.332280933473452,0.06629331938968058,0.4913604088761163,0.7620846561951581
C2,healthy-healthy,11,12,0.8345017182130583,0.43428622669573347,0.7704042061779988,0.04638888533299962,0.5191308256649535,0.10321536157158068
C2,healthy-healthy,11,13,50.75890034364261,0.8720917097048708,43.41054941361017,0.010342535195686675,3.2633062178627275,0.012258351022449153
C2,healthy-healthy,11,14,0.24769759450171844,0.06246039406340759,0.24775508636909277,0.019661179380637495,0.5044451793860445,0.9935583104411956
C2,healthy-healthy,11,15,0.4918213058419243,0.07936722274221186,0.4917198207593173,0.03046774170879135,0.5061155113207605,1.0330802273577397
C2,healthy-healthy,11,16,0.5661855670103094,0.0426695213246073,0.5663541321173193,0.002222321987005116,0.49765875814660454,0.9758645069318109
C2,healthy-healthy,11,17,0.5676975945017184,0.03128074951711007,0.5680472398267228,0.009465423807987039,0.49643621176056907,0.9525290423823497
C2,healthy-healthy,11,18,0.5279725085910654,0.08852284067204749,0.5273874364042163,0.030245457608509385,0.5076696128686412,1.0965573403344542
C2,healthy-healthy,11,19,0.5749828178694159,0.06756772746737442,0.5751680270561361,0.00750884331991547,0.5208021180187722,0.9737039075998752
C2,healthy-healthy,11,20,0.6720274914089348,0.09862449248455227,0.6718384320992434,0.0029343169294807625,0.4981504863721624,1.0278184175568472
C2,healthy-healthy,11,21,0.7487285223367699,0.06015822529695904,0.7488309274722273,0.011332718592319102,0.5103770081594434,0.9848374376422575
C2,healthy-healthy,11,22,0.7741580756013746,0.0974830092763198,0.7735794044945072,0.015243040526025986,0.5132981187031344,1.095228665913747
C2,healthy-healthy,11,23,0.8093470790378008,0.06384923369287675,0.808702172361276,0.017091569854374933,0.5033677830373448,1.1079999250900818
C2,healthy-healthy,11,24,0.9473539518900345,0.09212632230443428,0.9477883872639438,0.004487714732567982,0.5157549781851477,0.9417390502895883
C2,healthy-healthy,11,25,0.996426116838488,0.04964460417533224,0.9963781945390835,0.0061413941566946795,0.5014361245304806,1.0054735989514954
C2,healthy-healthy,11,26,1.0564948453608247,0.09317611321422471,1.0570118702019995,0.0010308361007178024,0.5303934055281508,0.8669148231682667
C2,healthy-healthy,11,27,1.006048109965636,0.04086438092762879,1.0061096214986769,0.0015369935230097331,0.5007355965106121,0.9904039297717302
C2,healthy-healthy,11,28,1.238487972508591,0.01997605629465309,1.2381972113306559,0.0014873924315977893,0.5083270565169786,1.0438941036288139
C2,healthy-healthy,11,29,1.2805498281786942,0.030993125572722265,1.2810513076035854,0.0028891205092977934,0.5094089684934304,0.9322526309960754
C2,healthy-healthy,12,13,50.160824742268034,0.829793763891379,42.76554105895805,0.036046350137312944,3.2436047817556295,0.11876479271883594
C2,healthy-healthy,12,14,0.9139518900343642,0.3921301097967335,0.8375039680757808,0.026727705952362124,0.4967457252051872,9.626070144143231
C2,healthy-healthy,12,15,1.163573883161512,0.38576874719093396,1.062572901489728,0.015921143624208267,0.491989502135277,10.008977458662816
C2,healthy-healthy,12,16,1.1507903780068731,0.42467700928617835,1.0075543361718085,0.048611207320004735,0.48841156297648736,9.454644076937983
C2,healthy-healthy,12,17,1.181718213058419,0.4524642697137485,1.0611969246829724,0.05585430914098666,0.5014411245867783,9.22855888773602
C2,healthy-healthy,12,18,1.196701030927835,0.4018195735864615,1.09105846022935,0.016143427724490234,0.4998263752770871,10.623974218933709
C2,healthy-healthy,12,19,1.1824054982817869,0.42982623535748415,1.0617688901339042,0.03888004201308415,0.4980563769117029,9.433711152816635
C2,healthy-healthy,12,20,1.2629553264604811,0.45926765233568917,1.1285154314539403,0.043454568403518856,0.48917915650781185,9.95799851792401
C2,healthy-healthy,12,21,1.3297594501718215,0.4072960937821887,1.1893321508017958,0.03505616674068052,0.5041418011158952,9.541578139599029
C2,healthy-healthy,12,22,1.403298969072165,0.445694483419883,1.282365074166676,0.031145844806973633,0.5017864173431049,10.611101382948092
C2,healthy-healthy,12,23,1.4426116838487972,0.41503536037249505,1.3212864737413683,0.029297315478624686,0.5001473648110681,10.734835476225257
C2,healthy-healthy,12,24,1.528384879725086,0.40023999526025383,1.3749312430687306,0.041901170600431636,0.5042246237147671,9.124020261620004
C2,healthy-healthy,12,25,1.5777319587628866,0.41118147822748935,1.432012759658444,0.04024749117630494,0.4905587454478213,9.741511182462279
C2,healthy-healthy,12,26,1.6229553264604812,0.3940636509323316,1.4276561907273455,0.045358049232281816,0.5239312566541533,8.399087209194215
C2,healthy-healthy,12,27,1.5956013745704467,0.4271047497853583,1.4609091593040233,0.044851891809989886,0.4933379845229935,9.595508989084179
C2,healthy-healthy,12,28,1.8269415807560136,0.42650368090399826,1.6917836543851474,0.04490149290140183,0.5004545764138479,10.113747486170535
C2,healthy-healthy,12,29,1.8593814432989693,0.42734600877063894,1.7032214083733872,0.04927800584229741,0.5072270956934184,9.032111274923935
C2,healthy-healthy,13,14,50.98735395189003,0.822823194014321,43.27031508564721,0.00931864418495082,3.211589069671009,81.05154670653913
C2,healthy-healthy,13,15,51.20481099656357,0.8571730455947089,43.08761412469667,0.020125206513104676,3.2671685792202103,84.27562773050116
C2,healthy-healthy,13,16,51.3080412371134,0.8911888727741413,43.040928460608555,0.012564857182691791,3.245099444107863,79.60813857791062
C2,healthy-healthy,13,17,51.30955326460481,0.8980548830530125,42.962370347403834,0.019807959003673714,3.23555433379239,77.70450043712596
C2,healthy-healthy,13,18,51.269828178694155,0.902658872812558,43.18441237285332,0.01990292241282271,3.2541414037244425,89.45390275790623
C2,healthy-healthy,13,19,51.31683848797251,0.9211249214042028,43.01617589210693,0.002833691875771205,3.257938228020978,79.43188327832108
C2,healthy-healthy,13,20,51.41388316151202,0.9618268843211853,43.029002767204545,0.007408218266205913,3.2396406180323374,83.84638485833538
C2,healthy-healthy,13,21,51.490584192439854,0.8157150197209971,42.91970258198449,0.000990183396632427,3.244154452537779,80.34012371147502
C2,healthy-healthy,13,22,51.51601374570446,0.9584149594201729,43.00146508425679,0.004900505330339311,3.2327927972558554,89.34551343064076
C2,healthy-healthy,13,23,51.55120274914089,0.899387563431321,43.01640719145307,0.006749034658688258,3.248686383079007,90.38735495997423
C2,healthy-healthy,13,24,51.68920962199312,0.781680052420691,42.71508599929525,0.005854820463118693,3.2586906610428157,76.82428481326258
C2,healthy-healthy,13,25,51.72893470790379,0.827253479240793,42.80468884024882,0.004201141038991996,3.265559920913361,82.02356068203052
C2,healthy-healthy,13,26,51.73731958762885,0.8061505416730163,42.844685032244584,0.009311699094968873,3.1555572497556184,70.72034579370825
C2,healthy-healthy,13,27,51.74790378006873,0.8990110695674458,42.73520667611563,0.008805541672676942,3.2784240088069914,80.79422166635315
C2,healthy-healthy,13,28,51.98034364261169,0.8560520705170284,42.71801988558075,0.008855142764088886,3.2586988707502593,85.15779175495031
C2,healthy-healthy,13,29,52.02020618556701,0.8680301880912746,42.564636367519,0.013231655704984469,3.255426842592374,76.05041080066985
C2,healthy-healthy,14,15,0.28920962199312694,0.05523031191856916,0.28942536130915336,0.010806562328153857,0.48378619268389633,1.0397781554445964
C2,healthy-healthy,14,16,0.32068728522336765,0.07216271319101158,0.3208229975313074,0.02188350136764261,0.47931221371073757,0.9821914795297305
C2,healthy-healthy,14,17,0.35189003436426114,0.09141044638285167,0.35222251922023107,0.029126603188624534,0.47782363718445253,0.9587047205703226
C2,healthy-healthy,14,18,0.32233676975945014,0.09358392217838547,0.3217750516669856,0.01058427822787189,0.5012767366084859,1.1036668193605506
C2,healthy-healthy,14,19,0.34817869415807545,0.10044097086888308,0.3484184253501419,0.012152336060722024,0.4979834946170287,0.9800168720515091
C2,healthy-healthy,14,20,0.43670103092783485,0.14309444172496688,0.43648492392843213,0.016726862451156732,0.48410885329254544,1.0344822309421349
C2,healthy-healthy,14,21,0.5040549828178693,0.03147269612826527,0.5041208908677876,0.008328460788318393,0.4948596117549687,0.9912225858232881
C2,healthy-healthy,14,22,0.5495532646048109,0.1370422058852953,0.5490551482156947,0.004418138854611509,0.4904725436271901,1.1023295305404144
C2,healthy-healthy,14,23,0.5869415807560137,0.0824212307824079,0.5864296279465024,0.0025696095262625618,0.502946939970413,1.1151835915875783
C2,healthy-healthy,14,24,0.7018556701030927,0.04634974439657525,0.7022491256022446,0.015173464648069512,0.5087341218929393,0.947844772060643
C2,healthy-healthy,14,25,0.7487285223367697,0.024185098843440257,0.7486310644191552,0.013519785223942815,0.48802725066967817,1.0119925407342016
C2,healthy-healthy,14,26,0.8087972508591064,0.05001604790167347,0.8092626072346574,0.018630343279919692,0.5255351682614986,0.8725354255079922
C2,healthy-healthy,14,27,0.7701718213058417,0.07780287861582424,0.7702062219615489,0.01812418585762776,0.49404384455304473,0.9968251680481782
C2,healthy-healthy,14,28,1.0006872852233675,0.05026065731256236,1.0003551555452006,0.018173786949039705,0.4781867359915913,1.050662142984559
C2,healthy-healthy,14,29,1.0350515463917525,0.05696967173594825,1.0355075716672504,0.022550299889935288,0.4991988426752876,0.9382968480044339
C2,healthy-healthy,15,16,0.16041237113402046,0.05488402258801248,0.16087943508486335,0.03269006369579647,0.4742957372329245,0.9446163822409022
C2,healthy-healthy,15,17,0.16934707903780083,0.1027195127223777,0.16968621488825633,0.03993316551677839,0.4940858809188026,0.9220281418201824
C2,healthy-healthy,15,18,0.17828178694158076,0.046129655599811366,0.17852313904269704,0.00022228410028196643,0.4976081048565979,1.0614445144676388
C2,healthy-healthy,15,19,0.19147766323024035,0.0729854365012747,0.19169015157158192,0.02295889838887588,0.4948980745883583,0.9425249673878074
C2,healthy-healthy,15,20,0.22364261168384875,0.11742685324379368,0.22373330113509046,0.02753342477931059,0.48147261310842987,0.9949066784339559
C2,healthy-healthy,15,21,0.2956701030927837,0.08426193151462598,0.2959851047369715,0.01913502311647225,0.4892894334968315,0.9533019910376085
C2,healthy-healthy,15,22,0.313127147766323,0.10844809832913947,0.31280581026125087,0.015224701182765366,0.48530309478465883,1.0601583854860546
C2,healthy-healthy,15,23,0.3494158075601375,0.049781411247893724,0.34902348437694264,0.013376171854416419,0.49199154755618707,1.0725206966000638
C2,healthy-healthy,15,24,0.4953951890034365,0.09733706918501064,0.4959675594232838,0.02598002697622337,0.4978992281078291,0.911583655702824
C2,healthy-healthy,15,25,0.5560137457044673,0.06322043804628245,0.5561296142307515,0.024326347552096672,0.47475162265664317,0.9732773625167498
C2,healthy-healthy,15,26,0.6070103092783505,0.06007578666910404,0.607732606492906,0.02943690560807355,0.5347251673341549,0.8391553726519955
C2,healthy-healthy,15,27,0.5452920962199314,0.06459139887300347,0.5455880669356328,0.02893074818578162,0.48347065579506765,0.9586902387090471
C2,healthy-healthy,15,28,0.7785567010309278,0.07781088157703335,0.778515739398911,0.028980349277193562,0.4790243535546245,1.0104676055006503
C2,healthy-healthy,15,29,0.8296907216494847,0.058319834282832404,0.8303848643419909,0.033356862218089145,0.49776328642760265,0.9024010007237709
C2,healthy-healthy,16,17,0.14474226804123702,0.054852220426274086,0.1449989295160887,0.007243101820981923,0.4658779497128297,0.976087392886824
C2,healthy-healthy,16,18,0.2034364261168386,0.048609923783734306,0.2035944828816989,0.0324677795955145,0.4825168090282505,1.123677859523289
C2,healthy-healthy,16,19,0.09979381443298965,0.03280981065654861,0.1002781135396187,0.009731165306920586,0.48845535708864335,0.997785963812505
C2,healthy-healthy,16,20,0.13003436426116838,0.07277804235946417,0.12995010372385632,0.005156638916485878,0.47263572868342635,1.0532388566808848
C2,healthy-healthy,16,21,0.20261168384879705,0.08648400463319734,0.2025857449007139,0.013555040579324218,0.4937822934008819,1.009194853021296
C2,healthy-healthy,16,22,0.2951202749140893,0.06832877199027652,0.2948862163430498,0.017465362513031102,0.4868018262370023,1.1223163237657443
C2,healthy-healthy,16,23,0.3220618556701031,0.022379975631696827,0.3216619706159787,0.01931389184138005,0.47807922207426606,1.1354034471169994
C2,healthy-healthy,16,24,0.3891408934707903,0.11299906987897972,0.38941299020641296,0.006710036719573098,0.4888027828300893,0.965030538153291
C2,healthy-healthy,16,25,0.4461855670103092,0.065830650352363,0.4459552825114419,0.008363716143699795,0.4711374968926817,1.030341396586149
C2,healthy-healthy,16,26,0.5037800687285223,0.09089696728475265,0.5041281242388629,0.0032531580877229183,0.5193459547055171,0.8883557266504774
C2,healthy-healthy,16,27,0.45525773195876273,0.014466324773355672,0.4553528763674669,0.003759315510014849,0.48605691085274383,1.0148990179846997
C2,healthy-healthy,16,28,0.6846735395189003,0.05263555090613184,0.6843092932526202,0.003709714418602905,0.4912507432300343,1.069712133409128
C2,healthy-healthy,16,29,0.7264604810996562,0.028687539458434694,0.7267620616483793,0.0006667985222926776,0.49203748210256093,0.9553094967319424
C2,healthy-healthy,17,18,0.2797250859106531,0.10030518262177447,0.2799098272730908,0.039710881416496424,0.486824722481152,1.1512062011162671
C2,healthy-healthy,17,19,0.08013745704467343,0.06779330667872518,0.08001636671871669,0.01697426712790251,0.4877571658248159,1.0222301518115124
C2,healthy-healthy,17,20,0.1986254295532645,0.08411703533916924,0.1984654797754198,0.012399740737467801,0.49525166868512405,1.0790415534057358
C2,healthy-healthy,17,21,0.2087972508591063,0.08698774662888625,0.20871620923802786,0.02079814240030614,0.4916969747610751,1.0339185408757774
C2,healthy-healthy,17,22,0.2806872852233678,0.08595531903834303,0.280409159487339,0.024708464334013025,0.4930723013152342,1.1498113098724438
C2,healthy-healthy,17,23,0.2628178694158075,0.07361101905658403,0.26246332366455105,0.026556993662361972,0.49461066628820366,1.1632190471781607
C2,healthy-healthy,17,24,0.37965635738831605,0.11993659370863471,0.3797412162287763,0.013953138540555021,0.4947930339759666,0.9886722697018769
C2,healthy-healthy,17,25,0.4290034364261167,0.07991116202495328,0.4286136901973999,0.015606817964681718,0.48812478060321346,1.055583141524189
C2,healthy-healthy,17,26,0.5061168384879724,0.12270728770950776,0.5063630306787097,0.010496259908704841,0.5302350257954545,0.9101190458189153
C2,healthy-healthy,17,27,0.43835051546391746,0.046241349232526305,0.43806244786082466,0.011002417330996772,0.4949612079676235,1.0397624489161534
C2,healthy-healthy,17,28,0.6707903780068727,0.04556476222049931,0.6701500376928036,0.010952816239584828,0.4774410700987416,1.0959183995245187
C2,healthy-healthy,17,29,0.7128522336769758,0.054200867055393585,0.713007265423649,0.006576303298689246,0.49756035000304444,0.9787130780432354
C2,healthy-healthy,18,19,0.2509965635738832,0.04318964442343014,0.2513300019861096,0.022736614288593915,0.5067616032003803,0.8879644244616759
C2,healthy-healthy,18,20,0.17594501718213057,0.08257200344690575,0.17635494818336722,0.027311140679028623,0.5034900059261828,0.9373138820472094
C2,healthy-healthy,18,21,0.28123711340206203,0.11744912238849566,0.28181430268912944,0.018912739016190283,0.5057089579533725,0.8981175916813492
C2,healthy-healthy,18,22,0.2668041237113403,0.0708102907438935,0.26688818407229775,0.015002417082483399,0.4975077936037532,0.9987883219851156
C2,healthy-healthy,18,23,0.2997938144329899,0.031044146129313544,0.29982935427440627,0.013153887754134452,0.49330979383154056,1.010435008124148
C2,healthy-healthy,18,24,0.48701030927835043,0.13828726360077023,0.4878681965766282,0.025757742875941403,0.49577928324311743,0.8588142321876276
C2,healthy-healthy,18,25,0.5184879725085911,0.09646519432495206,0.518841347356668,0.024104063451814706,0.4884737482497306,0.9169366361126524
C2,healthy-healthy,18,26,0.5540893470790378,0.10173492333278766,0.5550500879248808,0.029214621507791583,0.544624427370189,0.7905786512754097
C2,healthy-healthy,18,27,0.5171134020618557,0.054232579965296776,0.5176987362279679,0.028708464085499652,0.49365230119279924,0.9031939264289435
C2,healthy-healthy,18,28,0.7193127147766323,0.09578858634000265,0.7196311037188066,0.028758065176911596,0.5012837637613254,0.9519740238206019
C2,healthy-healthy,18,29,0.7863917525773195,0.07027828983686064,0.7872983842785045,0.03313457811780718,0.49948139702811845,0.850163139404268
C2,healthy-healthy,19,20,0.16522336769759444,0.05074667956229892,0.16520535357066032,0.004574526390434708,0.491253841659721,1.0555759400101732
C2,healthy-healthy,19,21,0.19958762886597936,0.11476879257360896,0.19957661163725982,0.003823875272403632,0.4881355502421751,1.011434204951809
C2,healthy-healthy,19,22,0.2813745704467353,0.040399857105356395,0.2811093799352929,0.007734197206110516,0.503607788513866,1.124806686472953
C2,healthy-healthy,19,23,0.269553264604811,0.02960463109984151,0.2691091126212519,0.009582726534459463,0.49737194644522764,1.1379228494837481
C2,healthy-healthy,19,24,0.37951890034364266,0.14340925799386514,0.37972929871106054,0.003021128587347488,0.5047072001763319,0.9671718917205906
C2,healthy-healthy,19,25,0.434639175257732,0.09710380904471086,0.43436732896887825,0.0013674491632207908,0.49448891500869474,1.03262767161879
C2,healthy-healthy,19,26,0.5010309278350515,0.11975716448913735,0.501239616355214,0.006478007219197668,0.5381491840518284,0.8903269427199028
C2,healthy-healthy,19,27,0.43106529209622,0.028912296024770908,0.43094159827951684,0.005971849796905737,0.49719585546323575,1.0171510271664705
C2,healthy-healthy,19,28,0.6640549828178695,0.0810227798854196,0.6635729611910718,0.006021450888317681,0.4906414086818157,1.0720857700996753
C2,healthy-healthy,19,29,0.7168384879725086,0.060873242233161706,0.7171208496377115,0.010397963829213264,0.5004872399618826,0.9574292798039028
C2,healthy-healthy,20,21,0.11573883161512041,0.15435846312146678,0.11594816159118354,0.00839840166283834,0.4931103996148432,0.9581823217205108
C2,healthy-healthy,20,22,0.18817869415807564,0.02002396871908176,0.18813265920096334,0.012308723596545224,0.49728007864219725,1.0655857563990139
C2,healthy-healthy,20,23,0.19367697594501732,0.06817310931270157,0.1935852509968163,0.01415725292489417,0.48226887476071895,1.0780113550827632
C2,healthy-healthy,20,24,0.32371134020618564,0.1831819180226266,0.3241844498884928,0.0015533978030872198,0.4979691922429182,0.9162504136942936
C2,healthy-healthy,20,25,0.35903780068728525,0.13627700968191622,0.3590678411021931,0.003207077227213917,0.4902179890582294,0.9782599550424348
C2,healthy-healthy,20,26,0.41030927835051556,0.1594784222767634,0.4108894118413111,0.00190348082876296,0.5239319623233091,0.8434513415594119
C2,healthy-healthy,20,27,0.34364261168384885,0.06653752570266012,0.3438587689443413,0.0013973234064710294,0.4864019296319638,0.9635981539671261
C2,healthy-healthy,20,28,0.5664604810996564,0.11301866853740712,0.566361666358692,0.0014469244978829732,0.4829326734706603,1.0156405896185539
C2,healthy-healthy,20,29,0.6316151202749141,0.09482748162929626,0.6322295346527869,0.005823437438778556,0.48055799065090943,0.9070207490653436
C2,healthy-healthy,21,22,0.15491408934707912,0.149967007691959,0.15490102823483248,0.003910321933706884,0.49690351822712014,1.11209081220064
C2,healthy-healthy,21,23,0.16316151202749146,0.10206130820935545,0.16301912139037367,0.005758851262055831,0.49389622830018487,1.1250586977502626
C2,healthy-healthy,21,24,0.21539518900343635,0.03731636584559111,0.21561632363894678,0.00684500385975112,0.5067563690320058,0.9562380696489972
C2,healthy-healthy,21,25,0.268316151202749,0.031097497234977345,0.2681039648263954,0.005191324435624423,0.4941026973104232,1.0209538757565078
C2,healthy-healthy,21,26,0.33305841924398616,0.07103394147275814,0.3331616160528332,0.0103018824916013,0.537910320323903,0.8802618483343253
C2,healthy-healthy,21,27,0.271615120274914,0.08928246023226703,0.27167028359755907,0.009795725069309369,0.5001359900645052,1.0056521938709826
C2,healthy-healthy,21,28,0.5029553264604809,0.04594957296596564,0.5026353086146869,0.009845326160721313,0.4953976234080462,1.0599659027254242
C2,healthy-healthy,21,29,0.5345704467353951,0.06757282339134271,0.5349468176948715,0.014221839101616895,0.4951671486099375,0.9466055973942676
C2,healthy-healthy,22,23,0.08054982817869416,0.06127295228370679,0.08061689766676987,0.0018485293283489468,0.5064928582501959,1.011660815291971
C2,healthy-healthy,22,24,0.2861855670103093,0.1794809961048946,0.2867936233384277,0.010755325793458004,0.5101707494335777,0.8598561009205791
C2,healthy-healthy,22,25,0.27395189003436426,0.1331792290244861,0.27427837072637595,0.009101646369331307,0.48762073592325456,0.9180490159212986
C2,healthy-healthy,22,26,0.31945017182130586,0.1558406827458402,0.3204149713196019,0.014212204425308184,0.5247515060656293,0.7915377401526453
C2,healthy-healthy,22,27,0.2997938144329898,0.06136910891144185,0.30013574127400483,0.013706047003016253,0.501717467293974,0.9042896342973854
C2,healthy-healthy,22,28,0.47147766323024054,0.11172066378069373,0.47175691638298195,0.013755648094428197,0.4937582456042895,0.9531289091646352
C2,healthy-healthy,22,29,0.5484536082474226,0.09398798082811528,0.5493092561013602,0.01813216103532378,0.5020627791789573,0.851194513081666
C2,healthy-healthy,23,24,0.309828178694158,0.12556746486317938,0.3102953305031826,0.01260385512180695,0.5005399867272193,0.8499450486988714
C2,healthy-healthy,23,25,0.27862542955326447,0.08013626179467778,0.2787537775356135,0.010950175697680253,0.49329958668978025,0.9074672084198552
C2,healthy-healthy,23,26,0.3200000000000001,0.09554329705088989,0.3205841318385598,0.01606073375365713,0.530617708438019,0.7824141532295471
C2,healthy-healthy,23,27,0.31958762886597936,0.02895425840962986,0.31986889788408335,0.0155545763313652,0.49677212586740166,0.8938664230420663
C2,healthy-healthy,23,28,0.45828178694158067,0.07158827076317173,0.4584861929515925,0.015604177422777143,0.4893144923711376,0.9421427565018393
C2,healthy-healthy,23,29,0.5619243986254294,0.04599212334022968,0.5625679234558109,0.019980690363672726,0.4992784233935721,0.8413832978551283
C2,healthy-healthy,24,25,0.16865979381443308,0.04821592864928686,0.16870474210777364,0.0016536794241266972,0.507918225258557,1.0676775043381783
C2,healthy-healthy,24,26,0.399450171821306,0.06118188985558332,0.3995512206434209,0.00345687863185018,0.5289504410804661,0.9205467511422136
C2,healthy-healthy,24,27,0.1180756013745704,0.11872817837812853,0.11806962062646012,0.002950721209558249,0.49707029925914487,1.0516755458602711
C2,healthy-healthy,24,28,0.3362199312714776,0.0760053267121116,0.3358075891024875,0.003000322300970193,0.4947932154084822,1.108474904281915
C2,healthy-healthy,24,29,0.33731958762886594,0.09093453368764987,0.33741613638372914,0.007376835241865776,0.5030308715938538,0.9899267007234531
C2,healthy-healthy,25,26,0.29621993127147783,0.04918946901223374,0.2965507979938886,0.005110558055976877,0.5346815951264902,0.8621955107243203
C2,healthy-healthy,25,27,0.15367697594501706,0.07257742088956555,0.1539536634399146,0.004604400633684946,0.48727098484199943,0.9850123671113717
C2,healthy-healthy,25,28,0.2687285223367697,0.03722454737428648,0.26866962716829995,0.00465400172509689,0.4971512950380795,1.0382113510656343
C2,healthy-healthy,25,29,0.30419243986254296,0.04315754716735951,0.30471053721805247,0.009030514665992473,0.48666408320259774,0.927177632478594
C2,healthy-healthy,26,27,0.43120274914089357,0.10217853366118586,0.43158597720635317,0.0005061574222919307,0.5358856173659853,1.1424466433180824
C2,healthy-healthy,26,28,0.4896219931271478,0.0831830390896428,0.48971068969844145,0.0004565563308799869,0.5331914304113023,1.2041484073524906
C2,healthy-healthy,26,29,0.4876975945017184,0.07259665921046154,0.488057032784009,0.003919956610015596,0.5228740696650437,1.075368197752801
C2,healthy-healthy,27,28,0.23326460481099648,0.05334043971825653,0.23293450714613279,4.96010914119438e-05,0.49470573351363206,1.0540084426652714
C2,healthy-healthy,27,29,0.2989690721649484,0.0371841428122322,0.2993201940701212,0.0044261140323075265,0.504624974047282,0.9412852705566842
C2,healthy-healthy,28,29,0.15477663230240546,0.03449390321148387,0.15494709144738697,0.004376512940895583,0.49245970323777577,0.8930528755309922
C2,input-healthy,-1,0,29.439725085910656,0.24436838815245807,28.585278889547162,0.00020463751177457468,1.594180707519157,3.1307585310897474
C2,repaired-healthy,-1,0,2.38020618556701,0.3275413396554398,2.0591386706483528,0.19846824277883152,2.313185602580421,0.08904372002851285
C2,input-healthy,-1,1,30.48453608247423,0.24786377390180345,29.548737750675876,0.32477235689570416,4.169583087642716,45.62458500683997
C2,repaired-healthy,-1,1,1.1580756013745703,0.3369314480877808,1.1598339436306646,0.12609947660509807,0.865613818446287,1.2976352961823758
C2,input-healthy,-1,2,30.276013745704468,0.21311164621751047,29.34035750273788,0.32424427624182267,4.090536986581871,40.43808688231737
C2,repaired-healthy,-1,2,1.0867353951890033,0.2928457560471446,1.0878296130374079,0.12557139595121658,0.7988825214235544,1.150123093518938
C2,input-healthy,-1,3,28.115051546391754,0.2758051708752524,27.024920998999875,0.3357189456062314,1.1981592918779629,5.293960937719086
C2,repaired-healthy,-1,3,2.4125085910652917,0.3827210568354573,2.5154599845938965,0.5343918258968374,2.7650260192140648,0.150568614889651
C2,input-healthy,-1,4,27.629965635738834,0.2600090120945903,26.65042366914362,0.1356347111113314,2.84882247127661,14.366850569273415
C2,repaired-healthy,-1,4,2.6562199312714774,0.37205019986961035,2.652506722783784,0.3343075914019375,1.3862236258069989,0.40861593351198966
C2,input-healthy,-1,5,29.137182130584193,0.19195549728206324,28.157443798134654,0.08681874902726461,3.118789334373219,22.56059954438734
C2,repaired-healthy,-1,5,1.2842611683848797,0.3291208465983543,1.2810259656223493,0.2854916293178707,1.0574020636868533,0.6416591025966396
C2,input-healthy,-1,6,29.947628865979382,0.16189685895741956,28.96755866816672,0.05031210229933225,3.3435968808126604,32.28146429459435
C2,repaired-healthy,-1,6,0.8276288659793813,0.3146935330841322,0.8268042239478955,0.14836077799127384,0.8132539075055581,0.9181358575609335
C2,input-healthy,-1,7,30.216357388316148,0.17708843762764698,29.23642042829904,0.15957509666807557,3.503168020492084,37.74072277588715
C2,repaired-healthy,-1,7,0.869828178694158,0.29163749165442343,0.870418046084761,0.039097783622530524,0.6661043431006205,1.0734057958024865
C2,input-healthy,-1,8,30.427079037800688,0.20511405106894764,29.446956809193157,0.2463626554382382,3.6698135862370607,41.9119286794796
C2,repaired-healthy,-1,8,0.78446735395189,0.3062772042224168,0.7857967761886548,0.04768977514763212,0.5979199436934607,1.1920414832796307
C2,input-healthy,-1,9,30.346529209621995,0.2613755782010259,29.366499535704314,0.2910785076698539,3.8764774189476077,39.98046202540177
C2,repaired-healthy,-1,9,0.7308591065292096,0.3585112502999134,0.7318730036922849,0.09240562737924779,0.6743105700133232,1.137107519423194
C2,input-healthy,-1,10,30.644536082474225,0.194721000934042,29.664356467029577,0.2707751638622283,3.991668947726917,49.17633587255593
C2,repaired-healthy,-1,10,0.8034364261168384,0.28445596402779594,0.8046596448531966,0.07210228357162218,0.728976512041924,1.398652703483908
C2,input-healthy,-1,11,30.390378006872854,0.25807224876755963,29.410073376259227,0.33417936274261106,4.080505710378806,40.199973451763434
C2,repaired-healthy,-1,11,0.6361512027491409,0.3479973791800715,0.6372157576620212,0.13550648245200497,0.8084240952573513,1.1433507712734745
C2,input-healthy,-1,12,29.559725085910657,0.2533388146443828,28.641735122744365,0.28779047740961144,4.067871803311389,4.149254794993905
C2,repaired-healthy,-1,12,1.2133333333333334,0.35412847353989857,1.05967985131637,0.08911759711900535,0.7796845802016485,0.11801136326019983
C2,input-healthy,-1,13,51.807422680412365,0.7048811116577581,25.86772171655877,0.3238368275469244,1.1193641672889425,0.49278538566511415
C2,repaired-healthy,-1,13,51.374158075601365,0.5688497425817765,42.81229028892129,0.1251639472563183,2.6907602064341054,0.014015595096065649
C2,input-healthy,-1,14,30.392852233676976,0.20599996204260887,29.412243718394485,0.31451818336197357,4.0380022442915715,39.94101770253616
C2,repaired-healthy,-1,14,0.4591065292096218,0.2882383332604745,0.45991483317436505,0.11584530307136748,0.7483304644679223,1.135985660548713
C2,input-healthy,-1,15,30.44618556701031,0.22228580474669687,29.418002177444606,0.3037116210338197,4.089590146968323,41.52979771334487
C2,repaired-healthy,-1,15,0.3180756013745705,0.3085030599976839,0.31866739188795346,0.10503874074321362,0.7924180948784632,1.1811730747374738
C2,input-healthy,-1,16,30.36714776632303,0.26223508875326595,29.341688838110983,0.3364016847296162,4.070227760944787,39.229727271197795
C2,repaired-healthy,-1,16,0.2893470790378006,0.353941950434493,0.28948556022176336,0.1377288044390101,0.7736347072246829,1.115755436659486
C2,input-healthy,-1,17,30.319450171821305,0.28392393707464786,29.28856328412897,0.3436447865505981,4.056344410399718,38.29164221582439
C2,repaired-healthy,-1,17,0.20481099656357377,0.37757197885677946,0.2049118178079753,0.144971906259992,0.7629746018628057,1.0890748152688206
C2,input-healthy,-1,18,30.543367697594505,0.2586914470686136,29.52949017447633,0.3039339051341017,4.075939712915937,44.081575969804724
C2,repaired-healthy,-1,18,0.43807560137457036,0.3517926614031415,0.4386102064764005,0.10526102484349559,0.7819650552098331,1.253749680817652
C2,input-healthy,-1,19,30.320962199312717,0.2829313107308062,29.300469722370714,0.3266705194226956,4.082507125079515,39.142871235414034
C2,repaired-healthy,-1,19,0.27312714776632285,0.3792701901247201,0.2729173495118174,0.1279976391320895,0.7907063371051468,1.113285113746903
C2,input-healthy,-1,20,30.45512027491409,0.32189470598496706,29.430386729947415,0.3312450458131303,4.061614678037453,41.31827309904065
C2,repaired-healthy,-1,20,0.33443298969072155,0.4233615898444425,0.33434965801099414,0.1325721655225242,0.7666526750608932,1.175156980443326
C2,input-healthy,-1,21,30.443298969072167,0.2139912786090369,29.41167107828195,0.32284664415029196,4.062170580890166,39.59043884754245
C2,repaired-healthy,-1,21,0.25745704467353936,0.2934853489081392,0.2571244044391905,0.12417376385968587,0.7735441573531354,1.126014643907864
C2,input-healthy,-1,22,30.598213058419248,0.3132407465493128,29.566527632886558,0.3189363222165851,4.054857824243572,44.028163293366234
C2,repaired-healthy,-1,22,0.3428178694158075,0.41583776721929994,0.3428935134693918,0.12026344192597899,0.7688161822658769,1.2522305398939644
C2,input-healthy,-1,23,30.58061855670103,0.2617348920223914,29.54887040457959,0.31708779288823613,4.069273898054252,44.54156757320076
C2,repaired-healthy,-1,23,0.33154639175257716,0.3561320626503787,0.3314956513060251,0.11841491259763004,0.7764824940681198,1.2668325689233682
C2,input-healthy,-1,24,30.39890034364261,0.19287284109403288,29.367178756323597,0.3296916480100431,4.079562811337894,37.85788482015041
C2,repaired-healthy,-1,24,0.32522336769759436,0.2604774756282356,0.324647605729817,0.131018767719437,0.7925261702496981,1.0767380694875206
C2,input-healthy,-1,25,30.54969072164949,0.21988103730942035,29.51788994776774,0.3280379685859164,4.087581869359245,40.42001198432056
C2,repaired-healthy,-1,25,0.40041237113402056,0.2994796121191027,0.39950369110255046,0.1293650882953103,0.7909303802810305,1.1496090148569174
C2,input-healthy,-1,26,30.491821305841928,0.198751387768366,29.459383502515518,0.33314852664189326,3.974063238506327,34.84995287632298
C2,repaired-healthy,-1,26,0.4549828178694159,0.2687669689657117,0.45506910620243957,0.13447564635128717,0.7597970465542657,0.9911877316983707
C2,input-healthy,-1,27,30.46171821305842,0.26822254196593237,29.429925501473406,0.33264236921960133,4.096712507630711,39.81421168336682
C2,repaired-healthy,-1,27,0.4314776632302404,0.36269476768708864,0.4308538360551244,0.13396948892899524,0.7926830842064463,1.1323790969773877
C2,input-healthy,-1,28,30.58199312714777,0.2452529884031739,29.524989443763694,0.3326919703110133,4.079703141341604,41.96451525235293
C2,repaired-healthy,-1,28,0.6573195876288658,0.3332005461505469,0.6562238357548662,0.13401909002040718,0.7715847940038367,1.193537128512469
C2,input-healthy,-1,29,30.456082474226807,0.2507324105212981,29.382651684876226,0.33706848325190886,4.073753675736069,37.476531016398695
C2,repaired-healthy,-1,29,0.6471477663230241,0.3374897516080713,0.6466095631074293,0.13839560296130277,0.7849907552178966,1.0658917646716533
C3,healthy-healthy,0,1,0.2798901257770712,0.14835139765141978,0.2800605427600363,0.043034767669810625,0.5013054117629165,1.2961022209465074
C3,healthy-healthy,0,2,0.4591585947665172,0.24606009720135877,0.45740502059718835,0.053098652306785454,0.5103169858855379,0.7305023303461063
C3,healthy-healthy,0,3,1.1470290588405376,0.21154820852576064,1.1437698566421486,0.2818821671250745,1.0245515280479254,0.44317356871964325
C3,healthy-healthy,0,4,2.125777070984531,0.2741499554482995,2.124543658797628,0.3317918518545381,1.4039647325883244,0.35347039239520084
C3,healthy-healthy,0,5,1.2810466965447447,0.25611274071462387,1.2783253927956177,0.29612968133828044,1.1181932900891804,0.5272950801816367
C3,healthy-healthy,0,6,1.222206158739338,0.17829205482338867,1.220529176845148,0.24567120527619501,0.8560354220363188,0.7519912702481933
C3,healthy-healthy,0,7,1.1782564695677316,0.13026572681172713,1.1771185838835974,0.11460563499719278,0.6874981498179978,0.81135329234724
C3,healthy-healthy,0,8,1.5242157004481713,0.17677604265475305,1.5213913916298933,0.02816682305849111,0.6045760685704933,0.6615429230356588
C3,healthy-healthy,0,9,1.3101055370825505,0.07897632797293931,1.3100864215676018,0.04947663725852258,0.5405585169661135,0.9696643504239981
C3,healthy-healthy,0,10,1.4397860344079803,0.0675299781843047,1.440067269276557,0.026497561995344476,0.5236706825375014,1.0738660124151873
C3,healthy-healthy,0,11,1.4671100187942752,0.11126695829333451,1.4677730853445254,0.019750856236747327,0.5022596105383976,1.2025879825856545
C3,healthy-healthy,0,12,1.6904727483012867,0.09471236804426357,1.6907162944508762,2.7685449758840797e-06,0.5064711071591667,1.0639618772111885
C3,healthy-healthy,0,13,1.886656064767963,0.24995102987485981,1.8964702163097977,0.49777697921847963,2.8077994562896067,0.2472712422660262
C3,healthy-healthy,0,14,1.914124620500217,0.04363671445248609,1.9143723046066028,0.003999417539882422,0.4968845291005325,1.0647211270263024
C3,healthy-healthy,0,15,1.9470868873789215,0.10311683348881537,1.9473228890691492,0.007435105384882235,0.5058335308314433,1.0619575785582633
C3,healthy-healthy,0,16,1.9337863235506725,0.11623649082425959,1.9340613686178711,0.03557623260765003,0.49279252034146115,1.0726167436748277
C3,healthy-healthy,0,17,2.1299696400173485,0.09406680445067224,2.1300014729175336,0.04263848631490097,0.5004863669962741,0.9231747015458597
C3,healthy-healthy,0,18,7.595055659968193,0.3016878100749446,7.595390190432055,0.01806077436326664,0.5065223624092506,1.096836611485962
C3,healthy-healthy,0,19,7.468844874945786,0.05449637320749851,7.469513220591909,0.0065155740525580375,0.5020225581570958,1.212603049531029
C3,healthy-healthy,0,20,6.756830996096574,0.09102188524489578,6.757307317321618,0.0045155414981574715,0.5062185101725102,1.1408719725156384
C3,healthy-healthy,0,21,6.503541997976001,0.20734850517869033,6.502165652023309,0.06684883505207923,0.501262891407313,0.7890491837168214
C3,healthy-healthy,0,22,6.18606332224953,0.12716560184030865,6.1857251017076065,0.04186251518414508,0.4920095927180373,0.9366952456965874
C3,healthy-healthy,0,23,5.987422292901547,0.12883172398137827,5.987428322109308,0.021092967006039687,0.5011651209348661,1.0083669993724786
C3,healthy-healthy,0,24,5.837068093103947,0.08860165792763129,5.837705131138424,0.002336084967029972,0.49820414106624694,1.198025576679034
C3,healthy-healthy,0,25,5.817984675437328,0.20258336762175297,5.816878745024731,0.053482134769126,0.528249688343453,0.82068223383846
C3,healthy-healthy,0,26,5.753072141101633,0.09752586684196883,5.753307473787637,0.028987031379403227,0.5036255471327562,1.0659805527191948
C3,healthy-healthy,0,27,5.6809310394679775,0.0824572535209628,5.68199907366004,0.05007903710266759,0.5174288889417173,1.4133151044488732
C3,healthy-healthy,0,28,5.809310394679774,0.06977033812061463,5.810007270509685,0.013053737314811853,0.49536345728123665,1.2221606022123572
C3,healthy-healthy,0,29,5.999566285962123,0.2522617908996695,5.997865881335794,0.13289262570709426,0.4985626401164241,0.5829196343902456
C3,healthy-healthy,0,30,6.070984530865982,0.08939543662708746,6.071305080742902,0.029678014462438673,0.5000554298658593,1.0908355860115122
C3,healthy-healthy,0,31,5.9994217146161635,0.0790559796770339,6.000382923637063,0.026474862449287317,0.5046342752120223,1.3498082297545444
C3,healthy-healthy,1,2,0.4553997397715773,0.12521479283637918,0.453919921114201,0.09613341997659608,0.48789367052626575,0.5636147508581193
C3,healthy-healthy,1,3,1.3589706520167701,0.1698801730146663,1.3571683244539157,0.2388473994552639,1.0454079158150968,0.34192794484650296
C3,healthy-healthy,1,4,2.4056671967616023,0.280544975242871,2.4043776139952815,0.28875708418472745,1.432452112234563,0.272717989894917
C3,healthy-healthy,1,5,1.428798612115079,0.2613459601742322,1.4274140211180082,0.2530949136684698,1.1336535549912277,0.40683139929817647
C3,healthy-healthy,1,6,1.1773890414919763,0.20357326842885534,1.1753194446106592,0.2026364376063844,0.8752139239560015,0.5801944152972205
C3,healthy-healthy,1,7,1.1253433569466527,0.07574918028539013,1.1233278294938014,0.07157086732738216,0.6985973266536469,0.625994832223935
C3,healthy-healthy,1,8,1.4713025878270924,0.09192182677493063,1.4676006372400976,0.07120159072830173,0.6141230154060336,0.5104095281558361
C3,healthy-healthy,1,9,1.2606621367644935,0.10870332187237042,1.259841221863382,0.006441869588711957,0.5434070175368346,0.7481387924132784
C3,healthy-healthy,1,10,1.3868729217869016,0.09155078106870872,1.3862765148867613,0.01653720567446615,0.5337232600981873,0.8285349681987004
C3,healthy-healthy,1,11,1.4141969061731963,0.17596688721485199,1.4139823309547292,0.023283911433063298,0.4979183015866421,0.9278496426819709
C3,healthy-healthy,1,12,1.637559635680208,0.09396398038433947,1.6369255400610803,0.04303753621478651,0.5110174603460449,0.8208934912812729
C3,healthy-healthy,1,13,1.8337429521468844,0.24789699627610615,1.8437350392686969,0.454742211548669,2.850362322789167,0.19078066395505353
C3,healthy-healthy,1,14,1.8612115078791382,0.12004568960794088,1.8605836567222198,0.039035350129928204,0.5165722973453654,0.8214792859839148
C3,healthy-healthy,1,15,1.8941737747578429,0.08423893705189368,1.8935321346793534,0.05046987305469286,0.5045745055584481,0.8193470865143251
C3,healthy-healthy,1,16,1.8808732109295936,0.17153652136429842,1.8802706142280754,0.07861100027746065,0.49386948926717683,0.8275711022935514
C3,healthy-healthy,1,17,2.0860199508457424,0.08421987306670894,2.0853241393861137,0.0856732539847116,0.5036351155821861,0.7122699788839375
C3,healthy-healthy,1,18,7.542142547347115,0.16285928898814875,7.54159943604226,0.024973993306543985,0.5143819579409241,0.8462577980029564
C3,healthy-healthy,1,19,7.415931762324707,0.11767458164132943,7.415722466202114,0.03651919361725259,0.5051307826276428,0.9355767083281137
C3,healthy-healthy,1,20,6.703917883475494,0.14566397339556275,6.7035165629318225,0.0475503091679681,0.5064556874691668,0.8802330202639578
C3,healthy-healthy,1,21,6.450628885354922,0.10058687889999621,6.448374897633512,0.10988360272188985,0.5037893023385742,0.6087862291755509
C3,healthy-healthy,1,22,6.133150209628452,0.21915436661910445,6.131934347317809,0.0848972828539557,0.49908064546002023,0.7227016747272185
C3,healthy-healthy,1,23,5.934509180280468,0.14594192734519634,5.9336375677195115,0.06412773467585031,0.5012030868401298,0.7779995922197789
C3,healthy-healthy,1,24,5.784154980482869,0.16899071650079023,5.783914376748626,0.04069868270278065,0.5132120006185998,0.9243295453988382
C3,healthy-healthy,1,25,5.765071562816249,0.09591190868240783,5.763087990634935,0.09651690243893662,0.5393404589975359,0.6331925218354834
C3,healthy-healthy,1,26,5.700159028480556,0.15776311100457518,5.699516719397842,0.07202179904921385,0.5138894322578226,0.8224509884256956
C3,healthy-healthy,1,27,5.6280179268468995,0.10410992732156725,5.628208319270243,0.007044269432856964,0.49965956332818295,1.0904349067586987
C3,healthy-healthy,1,28,5.756397282058696,0.17130800308654487,5.756216516119888,0.029981030354998772,0.5088747029827578,0.9429507815507796
C3,healthy-healthy,1,29,5.9602428798612115,0.13483595529102818,5.958119315509052,0.17592739337690488,0.49897596010575745,0.4497481949872817
C3,healthy-healthy,1,30,6.018071418244904,0.1686952082500996,6.017514326353105,0.0727127821322493,0.5055098856729653,0.8416277423040612
C3,healthy-healthy,1,31,5.946508601995085,0.1421797386154651,5.946592169247268,0.016559905220523308,0.5144957772058725,1.0414365533357008
C3,healthy-healthy,2,3,0.950122885644065,0.2513064753184954,0.9495967517756874,0.33498081943186,1.0535630804061074,0.6066696166587678
C3,healthy-healthy,2,4,2.026890270348417,0.37410176013964086,2.026502345728299,0.38489050416132353,1.45877748400404,0.4838730524344014
C3,healthy-healthy,2,5,1.1153679340754663,0.3542998566008419,1.1141235803058458,0.3492283336450659,1.1562123815079774,0.7218253224894293
C3,healthy-healthy,2,6,0.9206303310683824,0.30500666334174276,0.9194077612913679,0.29876985758298047,0.8967488683597746,1.0294166616710285
C3,healthy-healthy,2,7,0.8263698135029636,0.15974958139579948,0.8259827054169431,0.16770428730397824,0.7117674525724256,1.1106785819045888
C3,healthy-healthy,2,8,1.0705508168281048,0.08484384688397735,1.069737283123372,0.024931829248294346,0.6104726449980528,0.9056000173495341
C3,healthy-healthy,2,9,1.0409136909064625,0.22815595755655765,1.0411397872222363,0.10257528956530804,0.5514357892020357,1.3273939180509744
C3,healthy-healthy,2,10,1.1619199074743385,0.19695108476026185,1.1624834858113187,0.07959621430212993,0.5472572659882133,1.4700377641585756
C3,healthy-healthy,2,11,1.203411883764638,0.25070232487145033,1.2042543946997557,0.07284950854353278,0.49717637234190504,1.6462479757117838
C3,healthy-healthy,2,12,1.378198641029348,0.18035610663821394,1.3789447721860995,0.05309588376180957,0.514539534272546,1.4564797852274187
C3,healthy-healthy,2,13,1.4329911811478966,0.3418285468345198,1.445953268370666,0.5508756315252651,2.860480486613468,0.33849480281430483
C3,healthy-healthy,2,14,1.6368367789504121,0.22250184581046328,1.63727684516943,0.057098069846667876,0.5007308695784832,1.4575191382637789
C3,healthy-healthy,2,15,1.641173919329189,0.15849079755054193,1.6418691044466875,0.04566354692190322,0.4957071068874005,1.4537360586578205
C3,healthy-healthy,2,16,1.6521613416220906,0.21205452861040808,1.652858837190363,0.017522419699135428,0.500967468813931,1.468327613912009
C3,healthy-healthy,2,17,1.8399595200231316,0.16534025633260951,1.8403913402979897,0.010460165991884485,0.5086073994656977,1.263753260181906
C3,healthy-healthy,2,18,7.186497036287408,0.16992515212177,7.188204866665519,0.0711594266700521,0.5026829361483834,1.5014827002204212
C3,healthy-healthy,2,19,7.067225675871042,0.21612970885147192,7.069264206247266,0.05961422635934349,0.49213851439318834,1.6599578114362288
C3,healthy-healthy,2,20,6.367644932774324,0.23495218338260995,6.3693384695085005,0.04858311080862798,0.498297703610783,1.5617636318483732
C3,healthy-healthy,2,21,6.0492988289720975,0.04813913171819965,6.049838662798729,0.01375018274529377,0.48839967183042077,1.0801460186205822
C3,healthy-healthy,2,22,5.791961833164667,0.2779339733531563,5.792849908292955,0.011236137122640377,0.48643385313845855,1.2822618173610658
C3,healthy-healthy,2,23,5.60546479687726,0.22971696049330206,5.606683327862189,0.03200568530074577,0.49041734330164355,1.3803747879821122
C3,healthy-healthy,2,24,5.458869452074599,0.2575285146944335,5.460469865638377,0.055434737273815426,0.5021099114575874,1.6400024023342747
C3,healthy-healthy,2,25,5.363741506433425,0.05407683929887562,5.364551755800152,0.0003834824623405453,0.5538523688205119,1.1234491660679482
C3,healthy-healthy,2,26,5.374295214688448,0.22771461797693385,5.375495822344863,0.024111620927382227,0.5009532667652399,1.459243192576234
C3,healthy-healthy,2,27,5.322394101489085,0.21629431493865606,5.324397928961519,0.10317768940945304,0.49524252401014796,1.934716763707664
C3,healthy-healthy,2,28,5.44932774324129,0.2811796708107513,5.450958166101602,0.06615238962159731,0.4906904953768403,1.673041346264646
C3,healthy-healthy,2,29,5.591585947665173,0.01839400260219201,5.591269493532291,0.0797939734003088,0.5026562350719682,0.7979709443414843
C3,healthy-healthy,2,30,5.685268179846755,0.24278983692341632,5.686814925977734,0.02342063784434678,0.5093963205601052,1.493267770267216
C3,healthy-healthy,2,31,5.62584935665751,0.21617326316914462,5.627759380695816,0.07957351475607277,0.5010990587796922,1.847780867604217
C3,healthy-healthy,3,4,1.119271360416366,0.13163488027889347,1.1188741858481641,0.049909684729463555,0.7747057944137437,0.7975890651969294
C3,healthy-healthy,3,5,0.6004047997686857,0.12539782742650107,0.6009918770124443,0.014247514213205914,0.764481498436141,1.1898161745179359
C3,healthy-healthy,3,6,1.125343356946653,0.11478305258760117,1.1276317741779205,0.03621096184887951,0.8322518824440308,1.696832400047013
C3,healthy-healthy,3,7,1.1224519300274682,0.13572226038963253,1.125434312240504,0.16727653212788174,0.8963046017624604,1.8307799688754702
C3,healthy-healthy,3,8,1.2720832730952722,0.2117522325627602,1.275872161035516,0.31004899018356563,0.9622885402139061,1.4927400227109353
C3,healthy-healthy,3,9,1.3754517854561223,0.17696368921733693,1.3786062217252253,0.23240552986655194,0.9846555873191745,2.1880013134021263
C3,healthy-healthy,3,10,1.534335694665317,0.18286162659554323,1.5380368639846913,0.25538460512973005,1.0032666920865954,2.423127388930956
C3,healthy-healthy,3,11,1.5850802370970072,0.21611595685086463,1.5879759814381496,0.2621313108883272,1.0313243311849734,2.7135823692275287
C3,healthy-healthy,3,12,1.660112765649848,0.1855844052081157,1.663983578045601,0.2818849356700504,1.005531181665644,2.4007791806824152
C3,healthy-healthy,3,13,1.6689316177533609,0.11118991561319548,1.6829543435733307,0.2158948120934051,2.3089983668136,0.5579557530480197
C3,healthy-healthy,3,14,1.8941737747578429,0.1906488272562061,1.8978554314763487,0.2778827495851921,1.0159751986105239,2.402492391642417
C3,healthy-healthy,3,15,1.8776926413184905,0.1886979104115271,1.8816032057769607,0.28931727250995676,1.0273233182080843,2.3962565764605186
C3,healthy-healthy,3,16,1.881162353621512,0.23785876115048782,1.8849810621153889,0.31745839973272455,1.005097499537576,2.420308473660426
C3,healthy-healthy,3,17,2.0010119994217144,0.20426001096807941,2.0044381586447226,0.3245206534399755,0.9960180576817141,2.0830996401989275
C3,healthy-healthy,3,18,7.074887957206881,0.2633970677133963,7.083095615535149,0.2638213927618079,1.0176896934912476,2.4749594490809574
C3,healthy-healthy,3,19,6.955616596790516,0.194882014080359,6.964158458115051,0.2753665930725165,1.0517972435222502,2.736180889654425
C3,healthy-healthy,3,20,6.266155847910944,0.2090504742175784,6.274251577923492,0.286397708623232,1.0138436732060783,2.574323138925736
C3,healthy-healthy,3,21,5.902992626861356,0.2313909666514369,5.910470795425349,0.34873100217715375,1.0304983186993235,1.7804518125848112
C3,healthy-healthy,3,22,5.6904727483012865,0.2634472949828536,5.697763996443825,0.3237446823092196,1.0256953089466854,2.113608102582605
C3,healthy-healthy,3,23,5.503975712013879,0.2160790057720502,5.51160211719125,0.3029751341311142,1.0180981840468786,2.2753319930279052
C3,healthy-healthy,3,24,5.371837501807141,0.22246017995177486,5.379675580945866,0.27954608215804455,1.0179448845826407,2.703287518115807
C3,healthy-healthy,3,25,5.2209050166257045,0.22756089287896192,5.2286095754879565,0.3353643018942005,0.9224839213279932,1.8518302799717954
C3,healthy-healthy,3,26,5.287263264420991,0.22385338840470925,5.294699266714002,0.31086919850447775,1.0245378549367168,2.405334225591428
C3,healthy-healthy,3,27,5.246927858898366,0.17729738596845604,5.254771802723459,0.23180313002240693,1.0522867194090113,3.1890780592614703
C3,healthy-healthy,3,28,5.362295792973833,0.22140501849406477,5.37016467808272,0.26882842981026267,1.0292399618118453,2.7577470509869646
C3,healthy-healthy,3,29,5.398727772155558,0.26331176278859764,5.403840434033547,0.4147747928321688,1.0217251077324578,1.3153303254843258
C3,healthy-healthy,3,30,5.595055659968194,0.23180243133388567,5.602591086316153,0.3115601815875132,1.0336259266197916,2.461418421596432
C3,healthy-healthy,3,31,5.538817406390054,0.19847948135370103,5.546965149910621,0.2554073046757872,1.0255775913945393,3.045777828433662
C3,healthy-healthy,4,5,1.0378776926413187,0.0554734682735594,1.0392746244172604,0.03566217051625764,0.6822129618267313,1.491765906073272
C3,healthy-healthy,4,6,1.6747144715917308,0.11878806252447646,1.6775429146524279,0.08612064657834306,0.9274587765077523,2.127451934948006
C3,healthy-healthy,4,7,1.8447303744397863,0.23871730012918294,1.8473227863514787,0.2171862168573453,1.1227650161222416,2.295392513214774
C3,healthy-healthy,4,8,1.8755240711291024,0.32681723207838637,1.8804325304173903,0.3599586749130292,1.2509061953746559,1.871565305803167
C3,healthy-healthy,4,9,2.004626283070696,0.24710185328925455,2.0095355749485124,0.2823152145960155,1.3274376671001542,2.7432689449689684
C3,healthy-healthy,4,10,2.1507879138354777,0.2663783555517137,2.155774043788318,0.3052942898591936,1.3543600766717443,3.038064956835951
C3,healthy-healthy,4,11,2.2139655920196617,0.28064869400790055,2.21928446988918,0.31204099561779075,1.4131413587846027,3.4022311584184455
C3,healthy-healthy,4,12,2.2106404510625994,0.2770146349701344,2.2159602438982704,0.33179462039951396,1.375763433705264,3.0100452544306564
C3,healthy-healthy,4,13,2.1888101778227558,0.08039142438077299,2.205721892725653,0.16598512736394155,2.1354147952284146,0.6995529118871688
C3,healthy-healthy,4,14,2.257915281191268,0.263227392824011,2.263428178754871,0.32779243431465566,1.4055409507706302,3.0121932414514894
C3,healthy-healthy,4,15,2.2755529853982943,0.28693182161809183,2.281000280175318,0.3392269572394203,1.4204519252312127,3.004374910616729
C3,healthy-healthy,4,16,2.2550238542720837,0.3192902759366429,2.2604421057449033,0.3673680844621881,1.406723923673408,3.0345306615534127
C3,healthy-healthy,4,17,2.328321526673414,0.29888363272624663,2.3349363396108793,0.37443033816943905,1.3838790879752498,2.6117454853572557
C3,healthy-healthy,4,18,6.796154402197485,0.3698250030560043,6.811473140773882,0.31373107749127144,1.422520564967585,3.1030508780473838
C3,healthy-healthy,4,19,6.676883041781119,0.27107819177966963,6.692531781562629,0.32527627780198004,1.441624146588535,3.430564696844415
C3,healthy-healthy,4,20,5.980193725603585,0.27931916797134765,5.995519717972371,0.33630739335269555,1.4109336661856815,3.2276309333421733
C3,healthy-healthy,4,21,5.688737892149776,0.3512308507026504,5.702574848663826,0.3986406869066173,1.4185456058809478,2.232292154287185
C3,healthy-healthy,4,22,5.404510625993928,0.32217555468837694,5.419031280860741,0.37365436703868316,1.421951314432003,2.6499963387288936
C3,healthy-healthy,4,23,5.218013589706521,0.2909968774052278,5.232866798549146,0.35288481886057776,1.4164541940309066,2.8527622710894738
C3,healthy-healthy,4,24,5.089923377186642,0.28335780538315986,5.105140580081561,0.3294557668875081,1.40409731994775,3.389323695714983
C3,healthy-healthy,4,25,5.007228567297962,0.3462380292956308,5.021244558360224,0.3852739866236641,1.2574618541611344,2.3217849401108497
C3,healthy-healthy,4,26,5.005349139800492,0.29843303704329105,5.020163843683411,0.3607788832339413,1.417559016033942,3.0157562716797295
C3,healthy-healthy,4,27,4.99624114500506,0.25405222288894574,5.0109323051001695,0.2817128147518705,1.4422004829671204,3.9983974184416033
C3,healthy-healthy,4,28,5.080381668353333,0.268560732284989,5.09562989990588,0.3187381145397262,1.420652857517294,3.457603885661791
C3,healthy-healthy,4,29,5.096573659100766,0.3858094898512812,5.108397394110591,0.46468447756163234,1.430554865671671,1.6491328465733497
C3,healthy-healthy,4,30,5.313141535347694,0.3003817585734032,5.3280548452683085,0.36146986631697675,1.4267115066095393,3.0860734292891334
C3,healthy-healthy,4,31,5.256903281769553,0.2754459726377641,5.272429770577046,0.30531698940525076,1.4241585193820672,3.8187306738976696
C3,healthy-healthy,5,6,0.6582333381523784,0.09103019294256869,0.659773978038333,0.05045847606208542,0.6131748177918213,1.4261298815624617
C3,healthy-healthy,5,7,0.8111898221772443,0.21656701327833566,0.8123734197189423,0.18152404634108765,0.8016302002180772,1.538708254337295
C3,healthy-healthy,5,8,0.9593754517854561,0.30497360613008967,0.9609638927574525,0.32429650439677155,0.9413749643253283,1.254597184573627
C3,healthy-healthy,5,9,1.0089634234494724,0.22894757779573321,1.0112359653587022,0.24665304407975785,1.022371079789419,1.8389406365968914
C3,healthy-healthy,5,10,1.155414196906173,0.24706637358040406,1.157820313652226,0.26963211934293596,1.0511366135313838,2.0365561007033555
C3,healthy-healthy,5,11,1.218591875090357,0.26088974249436936,1.2212713478477664,0.2763788251015331,1.1137188264441877,2.2806736261808878
C3,healthy-healthy,5,12,1.2155558768252133,0.2567659603539654,1.2183222181386257,0.2961324498832563,1.0759882884604974,2.017773192278374
C3,healthy-healthy,5,13,1.261095850802371,0.08458538183573386,1.2791301496045357,0.2016472978801992,2.3396302599629286,0.4689428207461268
C3,healthy-healthy,5,14,1.3579586525950558,0.2444708176621793,1.361637692565361,0.292130263798398,1.1221412334483252,2.019213087782144
C3,healthy-healthy,5,15,1.3414775191557033,0.26590952151719127,1.3453828575847502,0.30356478672316267,1.119550922233974,2.013972097354003
C3,healthy-healthy,5,16,1.344947231458725,0.29903363385465304,1.3487486596075104,0.33170591394593046,1.1213677232260781,2.0341868983585725
C3,healthy-healthy,5,17,1.4841694376174641,0.2788060764656764,1.48751679778171,0.3387681676531814,1.1003760809192873,1.750774350535382
C3,healthy-healthy,5,18,6.653751626427642,0.3550184963249506,6.65973327850845,0.2780689069750138,1.137442730992812,2.080119183186229
C3,healthy-healthy,5,19,6.527540841405234,0.25157278858903576,6.5338563086683035,0.2896141072857224,1.1479915458830252,2.2996669134725516
C3,healthy-healthy,5,20,5.815526962556021,0.2595743885040301,5.821650405398012,0.3006452228364379,1.1239817036770436,2.163630982716941
C3,healthy-healthy,5,21,5.5622379644354485,0.3304484575973332,5.566508740099702,0.36297851639035966,1.1272607105870558,1.4964091518637295
C3,healthy-healthy,5,22,5.244759288708978,0.3026256229710481,5.250068189784,0.3379921965224255,1.1308304890856244,1.7764156748315714
C3,healthy-healthy,5,23,5.048142258204424,0.27091878216335485,5.0537817589513345,0.3172226483443201,1.134881157150415,1.9123391005748485
C3,healthy-healthy,5,24,4.895764059563394,0.26370818033691606,4.902048219546186,0.29379359637125047,1.121789918750015,2.2720211542005933
C3,healthy-healthy,5,25,4.876680641896776,0.32659833693549284,4.881221833101126,0.34961181610740644,0.9658522755725334,1.5564003243789934
C3,healthy-healthy,5,26,4.813502963712592,0.27771728901894294,4.819371849845039,0.32511671271768366,1.13985407779337,2.0216015524961675
C3,healthy-healthy,5,27,4.747144715917305,0.23542023573869109,4.753821362232832,0.24605064423561285,1.1549464309461597,2.680311570442665
C3,healthy-healthy,5,28,4.87407835766951,0.2519841265394237,4.880385226304018,0.2830759440234686,1.131215646124622,2.3177925380811337
C3,healthy-healthy,5,29,5.0226977013155985,0.3661923949551503,5.026272028645813,0.4290223070453747,1.1400033832041465,1.1054903720877227
C3,healthy-healthy,5,30,5.12968049732543,0.2801441035919644,5.135648168819296,0.3258076958007191,1.1347544768353792,2.0687384104462665
C3,healthy-healthy,5,31,5.06014167991904,0.25587077096455774,5.066736396503472,0.2696548188889931,1.142969244632698,2.5598726035696413
C3,healthy-healthy,6,7,0.2206158739337861,0.157425979729553,0.2207258232379692,0.13106557027900223,0.5656641165185696,1.0789397755628367
C3,healthy-healthy,6,8,0.3826803527540841,0.24424713301965575,0.3820892053883112,0.2738380283346861,0.6801756528208613,0.8797215462580538
C3,healthy-healthy,6,9,0.3559346537516263,0.15703671445901982,0.35685701222074107,0.19619456801767243,0.7564330766144512,1.2894622434957712
C3,healthy-healthy,6,10,0.49833742952146864,0.17401407283434037,0.49920433033054135,0.21917364328085054,0.7922000524725901,1.4280298919695904
C3,healthy-healthy,6,11,0.5603585369379789,0.1823567779581685,0.5615037661544751,0.2259203490394477,0.8488770172947064,1.5992047117622623
C3,healthy-healthy,6,12,0.5671533901980627,0.18267193692266578,0.5683887586866269,0.2456739738211709,0.8200269445194093,1.4148593465180128
C3,healthy-healthy,6,13,0.7115801648113342,0.11014623874784676,0.7263158440974303,0.2521057739422846,2.4485457707565925,0.32882195851060897
C3,healthy-healthy,6,14,0.7688304178111897,0.1679938449840884,0.7703846371292804,0.2416717877363126,0.8650841247954375,1.4158689989503646
C3,healthy-healthy,6,15,0.7581321382102066,0.19325431562959497,0.7597500997460289,0.25310631066107725,0.8710263237732405,1.4121940248151923
C3,healthy-healthy,6,16,0.7801069827960098,0.22582784852330912,0.7817963955357097,0.28124743788384504,0.8670555917925584,1.4263686110614402
C3,healthy-healthy,6,17,0.9635680208182739,0.20850933520363138,0.9652682678834232,0.288309691591096,0.8481519834059832,1.227640184228023
C3,healthy-healthy,6,18,6.372849501228856,0.32308752075004327,6.374861013586907,0.22761043091292837,0.8839436744425541,1.4585762559761577
C3,healthy-healthy,6,19,6.246638716206448,0.17286611403705227,6.248984043746762,0.23915563122363698,0.8904317767239298,1.6125227745398578
C3,healthy-healthy,6,20,5.534624837357235,0.18012558692843225,5.5367781404764695,0.2501867467743525,0.8639613062086186,1.5171345967067869
C3,healthy-healthy,6,21,5.281335839236663,0.2740418024342016,5.2816364751781615,0.31252004032827424,0.8699212059692512,1.0492797123242767
C3,healthy-healthy,6,22,4.963857163510192,0.22491066724816886,4.965195924862457,0.2875337204603401,0.8650063300106521,1.2456198399576137
C3,healthy-healthy,6,23,4.765216134162209,0.19528267137877506,4.766899145264161,0.2667641722822347,0.87468485363687,1.340929129455346
C3,healthy-healthy,6,24,4.614861934364608,0.18316354139144325,4.617175954293275,0.24333512030916504,0.8741678143082262,1.5931376121999068
C3,healthy-healthy,6,25,4.59577851669799,0.2736454463455749,4.596349568179583,0.299153340045321,0.7232525898021839,1.0913454268786238
C3,healthy-healthy,6,26,4.530865982362296,0.1979487498571627,4.53277829694249,0.27465823665559824,0.8832546866809462,1.4175437866011256
C3,healthy-healthy,6,27,4.4587248807286395,0.1608604760358715,4.461469896814892,0.19559216817352743,0.8999356185939044,1.879430201339494
C3,healthy-healthy,6,28,4.587104235940437,0.17575042327224752,4.589478093664536,0.23261746796138316,0.8728740151717588,1.6252324336269488
C3,healthy-healthy,6,29,4.789793262975278,0.3169565184550379,4.79017613456039,0.3785638309832893,0.8787685564851903,0.7751680869879469
C3,healthy-healthy,6,30,4.848778372126644,0.19955736441807587,4.850775903897754,0.2753492197386337,0.8735803454562902,1.4505960762694625
C3,healthy-healthy,6,31,4.777215555876825,0.17974934981747223,4.7798537467919155,0.2191963428269077,0.889308183150565,1.7949785897226012
C3,healthy-healthy,7,8,0.3566575104814225,0.10822366608653738,0.3550771189891447,0.1427724580556839,0.5492246919521967,0.8153574149202386
C3,healthy-healthy,7,9,0.27237241578719107,0.11212367506622427,0.2729516088083631,0.0651289977386702,0.6010943694705765,1.1951197580257493
C3,healthy-healthy,7,10,0.4118837646378488,0.09005623806375924,0.4126246822485404,0.08810807300184831,0.6281132300578688,1.323549214064158
C3,healthy-healthy,7,11,0.46262830706953906,0.15353639460196158,0.4633799608621244,0.09485477876044546,0.6705798551404478,1.482200163514304
C3,healthy-healthy,7,12,0.5521179702183029,0.09042876541527418,0.5533074493941572,0.11460840354216867,0.6405097200826244,1.31134228115662
C3,healthy-healthy,7,13,0.7083995952002314,0.2078204670230842,0.7224470779924389,0.38317134422128685,2.5483226546408417,0.3047639599150782
C3,healthy-healthy,7,14,0.8411160907908053,0.10937978795682969,0.8420993508539729,0.11060621745731036,0.6892935893751557,1.312278063167089
C3,healthy-healthy,7,15,0.8148041058262254,0.08869902896840333,0.8159266128094851,0.12204074038207502,0.6938972086646359,1.3088719656087215
C3,healthy-healthy,7,16,0.8442966604019085,0.14029737805095036,0.8452740029284793,0.1501818676048428,0.6877520668595118,1.3220094794600812
C3,healthy-healthy,7,17,1.0453954026311987,0.09986492751279243,1.0465692161563664,0.15724412131209375,0.6681507700352676,1.137820860841741
C3,healthy-healthy,7,18,6.416799190400463,0.2228368387157088,6.418271606548458,0.09654486063392614,0.7095165257654585,1.3518606775011368
C3,healthy-healthy,7,19,6.290588405378054,0.11343557214636579,6.292394636708313,0.10809006094463475,0.7062896276044622,1.4945438207593436
C3,healthy-healthy,7,20,5.578574526528842,0.14369623106257567,5.580188733438019,0.11912117649535026,0.687370180625426,1.4061346435341784
C3,healthy-healthy,7,21,5.325285528408269,0.13252392802485363,5.32504706813971,0.181454470049272,0.7006066059347144,0.9725099918355462
C3,healthy-healthy,7,22,5.0078068526817985,0.19311542938720874,5.008606517824008,0.15646815018133786,0.6880447898176917,1.154485049276356
C3,healthy-healthy,7,23,4.812346392944919,0.1601015258703858,4.813442488324675,0.13569860200323247,0.6863931356369106,1.2428211099688609
C3,healthy-healthy,7,24,4.6599681943038895,0.16339375534915251,4.661712507225477,0.11226955003016281,0.693776139731362,1.4765769584941841
C3,healthy-healthy,7,25,4.639728205869597,0.12079678237036234,4.639760161141133,0.16808776976631878,0.5682436455201518,1.011498001645805
C3,healthy-healthy,7,26,4.577707098453087,0.14821065163118463,4.579033124959414,0.143592666376596,0.711442720668609,1.3138303163036333
C3,healthy-healthy,7,27,4.514529420268904,0.11161974259287719,4.5166576407781385,0.0645265978945252,0.7203716284581002,1.7419231767203796
C3,healthy-healthy,7,28,4.641463062021107,0.16882293308484628,4.643221320357757,0.10155189768238093,0.7004225703378456,1.5063235876888308
C3,healthy-healthy,7,29,4.855139511348851,0.16888955306419717,4.855452319791381,0.24749826070428704,0.7047106593834372,0.7184535268274076
C3,healthy-healthy,7,30,4.89272806129825,0.1582263461947541,4.894186496859304,0.14428364945963146,0.7068766560446854,1.3444643613327691
C3,healthy-healthy,7,31,4.824345814659534,0.11130975124302865,4.826397204070275,0.08813077254790547,0.6989150726480262,1.663650400491708
C3,healthy-healthy,8,9,0.3040335405522625,0.17169861081951518,0.30247328461268164,0.07764346031701369,0.5446058955530899,1.4657618072217913
C3,healthy-healthy,8,10,0.33453809454966016,0.13417427810149066,0.33399780917985267,0.054664385053835585,0.5584061048636739,1.6232748851532781
C3,healthy-healthy,8,11,0.4503397426630042,0.176111553102164,0.4494925452679814,0.047917679295238436,0.5857497453822363,1.8178532952430297
C3,healthy-healthy,8,12,0.39583634523637423,0.11462718916287574,0.39616128877810064,0.028164054513515224,0.5750977801917448,1.6083036189525208
C3,healthy-healthy,8,13,0.41506433424895184,0.2964397646416545,0.42957052120872996,0.5259438022769707,2.6581450910615625,0.373779589586176
C3,healthy-healthy,8,14,0.678184183894752,0.15647587421107237,0.6784966653873087,0.03216624059837353,0.605605033472826,1.609451314421213
C3,healthy-healthy,8,15,0.6463784877837213,0.08531239690284027,0.6469039275132644,0.020731717673608874,0.6028700051120462,1.6052738856077409
C3,healthy-healthy,8,16,0.6854127511927137,0.13870190901698332,0.6857927509826895,0.0074094095491589185,0.6071574273212347,1.621386468397754
C3,healthy-healthy,8,17,0.8818852103513086,0.10164591990349663,0.8822871448351302,0.014471663256409861,0.5958175916433611,1.395487230532517
C3,healthy-healthy,8,18,6.146017059418823,0.21025642702177205,6.148295782713706,0.04622759742175775,0.6240469315555685,1.6579976495740012
C3,healthy-healthy,8,19,6.026745699002458,0.1446656206873072,6.029355444099704,0.034682397111049146,0.6312235022211509,1.8329922478289224
C3,healthy-healthy,8,20,5.328032383981495,0.1629332781493916,5.330291671592575,0.023651281560333637,0.6125433188676762,1.724562281280116
C3,healthy-healthy,8,21,4.97932629752783,0.04138048987603306,4.9807742603934155,0.03868201199358812,0.6072357138081195,1.1927407220920596
C3,healthy-healthy,8,22,4.752349284371838,0.199274070733442,4.753803132005203,0.013695692125653969,0.6017939988767406,1.4159251245525735
C3,healthy-healthy,8,23,4.56585224808443,0.1617403467851751,4.5676368007981605,0.007073856052451422,0.6058388502062143,1.524265416890632
C3,healthy-healthy,8,24,4.422437472892873,0.179816600998576,4.4246373064953435,0.03050290802552108,0.5931831642482468,1.810956681663245
C3,healthy-healthy,8,25,4.293768974989157,0.06758741440959885,4.2954873533948374,0.02531531171063489,0.5357108880438212,1.2405578009544063
C3,healthy-healthy,8,26,4.337863235506722,0.14812602512006187,4.339661312093259,0.0008202083209121191,0.6254743997353968,1.61135508460609
C3,healthy-healthy,8,27,4.2859621223073585,0.15452990297402705,4.288567555059559,0.0782458601611587,0.6250418982049446,2.1363921451428105
C3,healthy-healthy,8,28,4.412895764059564,0.21336777977602694,4.415125774983739,0.04122056037330296,0.6186513051823462,1.8474396137495894
C3,healthy-healthy,8,29,4.575104814225821,0.09490828491736625,4.575885637434126,0.10472580264860315,0.6111469253961398,0.8811516442728927
C3,healthy-healthy,8,30,4.645655631053925,0.1625054230990022,4.647772577301067,0.001511191403947565,0.6316330774099389,1.648926393174024
C3,healthy-healthy,8,31,4.589417377475785,0.14428411558336965,4.59192689480563,0.054641685507778426,0.615185883764389,2.0403940284932047
C3,healthy-healthy,9,10,0.1681364753505854,0.054069634992321855,0.16844731999973167,0.022979075263178106,0.5186896926114712,1.1074615787874142
C3,healthy-healthy,9,11,0.20962845164088484,0.13761014423496992,0.21006960305902583,0.029725781021775255,0.5265101723406035,1.2402105760193856
C3,healthy-healthy,9,12,0.38065635391065494,0.08933156332438806,0.38104433579619956,0.049479405803498466,0.5413249134169169,1.0972475957739507
C3,healthy-healthy,9,13,0.5924533757409282,0.22026350255609245,0.6054626411214052,0.44830034195995705,2.722026470008393,0.25500704667314017
C3,healthy-healthy,9,14,0.6051756541853404,0.05937133666129492,0.6055769079869568,0.04547721971864016,0.5468532180485218,1.098030598484921
C3,healthy-healthy,9,15,0.6372704929882897,0.10301936379383231,0.6376509304144728,0.05691174264340482,0.5492315769444286,1.095180593257
C3,healthy-healthy,9,16,0.6239699291600405,0.16902907516079405,0.6243895126306209,0.08505286986617261,0.5453602539980924,1.1061732270605384
C3,healthy-healthy,9,17,0.8305623825357815,0.09577067571642069,0.8308782186541754,0.09211512357342355,0.5444572562905645,0.9520559368213771
C3,healthy-healthy,9,18,6.285239265577562,0.24206989072989096,6.28571823177738,0.03141586289525594,0.556723565966896,1.131150805952169
C3,healthy-healthy,9,19,6.159028480555153,0.0660728690305369,6.159841261937233,0.042961063205964545,0.5398539892685008,1.2505389612394757
C3,healthy-healthy,9,20,5.447014601705941,0.09504386295840178,5.4476353586669415,0.053992178756680054,0.5459998384592311,1.1765637996446674
C3,healthy-healthy,9,21,5.193725603585369,0.1945964187272749,5.1924936933686325,0.11632547231060181,0.5526413970503217,0.8137343436120402
C3,healthy-healthy,9,22,4.876246927858898,0.1829055339367248,4.876053143052929,0.09133915244266766,0.5388274624517616,0.9659994670179921
C3,healthy-healthy,9,23,4.677605898510915,0.1138687326231149,4.677756363454632,0.07056960426456227,0.543126536196537,1.039913449360956
C3,healthy-healthy,9,24,4.5272516987133145,0.11059192547363873,4.528033172483746,0.04714055229149261,0.5512637172489665,1.2355054366537668
C3,healthy-healthy,9,25,4.5081682810466965,0.19087299477806707,4.507206786370054,0.10295877202764858,0.5142307234158779,0.8463570239320751
C3,healthy-healthy,9,26,4.443255746711002,0.1280272511948445,4.443635515132961,0.07846366863792581,0.5618197504721495,1.0993294249214511
C3,healthy-healthy,9,27,4.371114645077345,0.037936376947286916,4.372327115005364,0.0006023998441450074,0.5504228358613282,1.4575302307751037
C3,healthy-healthy,9,28,4.499494000289143,0.0749825396188737,4.500335311855008,0.03642289994371073,0.5355851166438573,1.2603955190031415
C3,healthy-healthy,9,29,4.708544166546191,0.236391163215564,4.707749925795374,0.18236926296561684,0.5552168418487872,0.6011560950291174
C3,healthy-healthy,9,30,4.76116813647535,0.12808472096122112,4.7616331220882255,0.07915465172096126,0.5525565619564333,1.1249620402500768
C3,healthy-healthy,9,31,4.689605320225532,0.11611472575254192,4.690710964982387,0.023001774809235265,0.5487127839446172,1.392036563129681
C3,healthy-healthy,10,11,0.1409570623102503,0.13145648830818105,0.14114249017484243,0.006746705758597149,0.5268497759620192,1.119867812819617
C3,healthy-healthy,10,12,0.2506867138933065,0.07000722615046218,0.2506490251743189,0.02650033054032036,0.5176600629143885,0.9907771220149235
C3,healthy-healthy,10,13,0.497180858753795,0.2381899669919872,0.5129371021519692,0.47127941722313516,2.7606293251862932,0.23026265791735648
C3,healthy-healthy,10,14,0.5070117102790227,0.059556369520814126,0.5071101952554318,0.022498144455462055,0.5433558089104078,0.9914841467334036
C3,healthy-healthy,10,15,0.5093248518143705,0.0739127862393014,0.5092714938791425,0.03393266738022671,0.5470822287733093,0.988910689303811
C3,healthy-healthy,10,16,0.5026745699002458,0.13423536329860217,0.5026243394455493,0.0620737946029945,0.5230230312099796,0.998836662370584
C3,healthy-healthy,10,17,0.7445424316900391,0.053533177499812824,0.7447176159319684,0.06913604831024545,0.5148948186736827,0.8596740104185514
C3,healthy-healthy,10,18,6.155269625560214,0.2407166304892871,6.155322921155498,0.008436787632077836,0.5434110139947547,1.0213905634449307
C3,healthy-healthy,10,19,6.029058840537805,0.04807067605325117,6.029445951315352,0.01998198794278644,0.5323066140553677,1.129193992091128
C3,healthy-healthy,10,20,5.317044961688593,0.09574415431872671,5.31724004804506,0.031013103493501948,0.532202460965966,1.0623969464764638
C3,healthy-healthy,10,21,5.0637559635680205,0.16087169196678527,5.062098382746751,0.0933463970474237,0.5393685157386318,0.7347743336634617
C3,healthy-healthy,10,22,4.74627728784155,0.1657142985805939,4.745657832431048,0.06836007717948955,0.5313723655518869,0.8722645421929099
C3,healthy-healthy,10,23,4.547636258493567,0.1147806624580574,4.547361052832752,0.04759052900138416,0.5346917086727415,0.9390063450316475
C3,healthy-healthy,10,24,4.397282058695967,0.10591735969875882,4.397637861861867,0.024161477028314504,0.5302412646768262,1.1156192325927823
C3,healthy-healthy,10,25,4.378198641029348,0.15654337194467435,4.376811475748173,0.07997969676447048,0.5143020368031538,0.764231500345243
C3,healthy-healthy,10,26,4.313286106693653,0.10820735115406399,4.3132402045110805,0.055484593374747704,0.5376878720350848,0.9926569426672827
C3,healthy-healthy,10,27,4.2414341477519155,0.05525536827437949,4.242218631257491,0.023581475107323113,0.5435118365579198,1.3161000423778628
C3,healthy-healthy,10,28,4.369524360271795,0.09329577822517175,4.369940001233127,0.013443824680532623,0.5388544763551597,1.1380941272763596
C3,healthy-healthy,10,29,4.625126499927715,0.20362358833435898,4.624533443782078,0.15939018770243873,0.5378410014084719,0.5428234320208833
C3,healthy-healthy,10,30,4.631198496458002,0.10746613614220427,4.631237811466344,0.05617557645778315,0.5436452360915898,1.0158023192831211
C3,healthy-healthy,10,31,4.559635680208182,0.09857024159202907,4.560315654360506,2.2699546057158848e-05,0.5358726534596643,1.256961496264974
C3,healthy-healthy,11,12,0.23001301142113623,0.08791528708922947,0.22963507282664453,0.01975362478172321,0.5101914656646355,0.8847268496086784
C3,healthy-healthy,11,13,0.5297094115946219,0.26000599410580355,0.5472903536521008,0.4780261229817323,2.8417806932171605,0.20561592652386165
C3,healthy-healthy,11,14,0.48836200665028184,0.1061882528616856,0.48813805316776915,0.015751438696864906,0.5164949767194777,0.885358196192968
C3,healthy-healthy,11,15,0.492120861645222,0.10644989914996847,0.4917497770864008,0.027185961621629562,0.5115043882785989,0.8830601951252252
C3,healthy-healthy,11,16,0.48720543588260806,0.10456935700563097,0.4869306803201404,0.055327088844397354,0.5029364976648776,0.8919237171883985
C3,healthy-healthy,11,17,0.7279167269047275,0.14919851371313453,0.7277772915901525,0.0623893425516483,0.509029182113661,0.7676566828484025
C3,healthy-healthy,11,18,6.12794564117392,0.32396810255918573,6.127617105087529,0.0016900818734806866,0.5199738254564904,0.9120635058457228
C3,healthy-healthy,11,19,6.0017348561515105,0.09120755260473001,6.001740135247384,0.01323528218418929,0.5000606086517505,1.0083279286749445
C3,healthy-healthy,11,20,5.289720977302299,0.06434958778292839,5.2895342319770915,0.0242663977349048,0.5075242917993605,0.9486806695520811
C3,healthy-healthy,11,21,5.036431979181726,0.20602351356353388,5.0343925666787825,0.08659969128882655,0.5042661915758674,0.6561259509841596
C3,healthy-healthy,11,22,4.7189533034552555,0.07379249289440389,4.71795201636308,0.061613371420892404,0.48898831040114776,0.7788995560073756
C3,healthy-healthy,11,23,4.520312274107272,0.09664746239305412,4.519655236764783,0.040843823242787014,0.49311246457899144,0.8384974854010565
C3,healthy-healthy,11,24,4.369958074309672,0.08192657543998147,4.369932045793898,0.017414771269717355,0.5014886575537023,0.9962061770334225
C3,healthy-healthy,11,25,4.350874656643054,0.22268820981359602,4.349105659680205,0.07323299100587333,0.5302516737055011,0.6824300971919053
C3,healthy-healthy,11,26,4.2859621223073585,0.05924149241615152,4.2855343884431125,0.048737887616150555,0.5027329173233367,0.8864054590220738
C3,healthy-healthy,11,27,4.213821020673702,0.11335584437249342,4.214225988315514,0.030328180865920262,0.5039125482164151,1.1752280289787274
C3,healthy-healthy,11,28,4.3422003758855,0.1353305713250213,4.342234185165159,0.006697118921935474,0.49859345660621157,1.0162754159438347
C3,healthy-healthy,11,29,4.609657365910077,0.26139552226424584,4.608746827189135,0.15264348194384159,0.5153393000717413,0.48472098742947456
C3,healthy-healthy,11,30,4.603874512071707,0.07306417423437377,4.6035319953983755,0.049428870699186,0.5133711031566244,0.9070734131777902
C3,healthy-healthy,11,31,4.532311695821888,0.06629362633404567,4.532609838292538,0.00672400621253999,0.5167225977144231,1.1224195229784188
C3,healthy-healthy,12,13,0.3222495301431257,0.2493361592991895,0.34242854980464144,0.4977797477634555,2.7888622200732183,0.23240611112305315
C3,healthy-healthy,12,14,0.3196472459158593,0.07626810970176938,0.31960838406751557,0.004002186084858306,0.5177333150065084,1.0007136062208204
C3,healthy-healthy,12,15,0.2719387017493132,0.04973894183531592,0.2719259847230025,0.0074323368399063505,0.5203972069366218,0.9981161931675627
C3,healthy-healthy,12,16,0.31184039323406093,0.10955991039854232,0.3117377939526216,0.03557346406267414,0.505282668669591,1.0081345644502777
C3,healthy-healthy,12,17,0.5340465519733988,0.0855510741076302,0.5342490899241069,0.042635717769925086,0.5144180527252216,0.8676764847674192
C3,healthy-healthy,12,18,5.904582911666908,0.24448394661434397,5.904673895981179,0.018063542908242525,0.5222187117205368,1.0308984137289754
C3,healthy-healthy,12,19,5.778661269336417,0.05685810341284943,5.779070636086183,0.0065183425975339215,0.5262696396838052,1.1397053555231869
C3,healthy-healthy,12,20,5.066647390487205,0.07275334444039888,5.066864732986148,0.0045127729531815874,0.5100869715345653,1.0722865141607936
C3,healthy-healthy,12,21,4.813069249674714,0.13893761014999878,4.811449357572433,0.06684606650710334,0.50524393606541,0.7416141504848234
C3,healthy-healthy,12,22,4.495879716640162,0.1371173684406178,4.495282517627263,0.04185974663916919,0.5162408659175107,0.8803842184187006
C3,healthy-healthy,12,23,4.297816972676015,0.09144537799711588,4.297560115735761,0.021090198461063803,0.5008721409530914,0.9477473027650112
C3,healthy-healthy,12,24,4.146884487494579,0.10259413487770033,4.1472625466311985,0.0023388535120058562,0.5078020403674169,1.12600423223652
C3,healthy-healthy,12,25,4.127511927136041,0.14896655203021403,4.126162450573854,0.053479366224150116,0.5264971866092294,0.7713455260154293
C3,healthy-healthy,12,26,4.063177678184184,0.08187353654806322,4.0631501920904505,0.028984262834427343,0.5199029765049601,1.0018973193968908
C3,healthy-healthy,12,27,3.9921931473182015,0.06864045090204866,3.9929968640044757,0.050081805647643474,0.5126288265352731,1.3283512640060993
C3,healthy-healthy,12,28,4.119705074454243,0.12750720402235602,4.120139074753521,0.013056505859787737,0.5126555649665158,1.1486883396751875
C3,healthy-healthy,12,29,4.3871620644788205,0.18988557778870777,4.386657390034071,0.13288985716211837,0.5118796178965869,0.5478764294804629
C3,healthy-healthy,12,30,4.380800925256614,0.09572202535668844,4.380862498685882,0.02967524591746279,0.5188170188800408,1.0252581501039526
C3,healthy-healthy,12,31,4.309816394390632,0.06860260369434884,4.310514717279351,0.0264776309942632,0.5334649670324088,1.2686622130593292
C3,healthy-healthy,13,14,0.3900534913980049,0.2368915771746202,0.4165201641787724,0.4937775616785972,2.7889926967755736,4.305883358165176
C3,healthy-healthy,13,15,0.3536215122162787,0.25844075370582226,0.3829859988722241,0.5052120846033619,2.828329972631287,4.29470717591805
C3,healthy-healthy,13,16,0.3926557756252711,0.2946638819299122,0.42163420184247263,0.5333532118261297,2.7937950817334536,4.337814352550805
C3,healthy-healthy,13,17,0.595489374006072,0.2698647182674637,0.6172027257128818,0.5404154655333806,2.7838127718038743,3.733449523226397
C3,healthy-healthy,13,18,5.887089778805841,0.3391326977437051,5.91783050051452,0.479716204855213,2.8211390638127902,4.435762935609538
C3,healthy-healthy,13,19,5.767818418389476,0.24581467131875434,5.798889840096266,0.4912614051659216,2.8568671770968264,4.9039388422946315
C3,healthy-healthy,13,20,5.068815960676594,0.257291928202348,5.0994623675545085,0.5022925207166371,2.7942881655462135,4.613848185742642
C3,healthy-healthy,13,21,4.739193291889547,0.3198857754950475,4.768847024833132,0.5646258142705589,2.82640409550292,3.1910268921113896
C3,healthy-healthy,13,22,4.493132861066936,0.30356812819008755,4.5229738199285965,0.5396394944026247,2.8008948810767196,3.7881285228012005
C3,healthy-healthy,13,23,4.306635824779529,0.26908185838677623,4.336807406309265,0.5188699462245193,2.7992078334223,4.077979267348238
C3,healthy-healthy,13,24,4.160618765360706,0.2632443405615408,4.191191383435964,0.49544089425144966,2.800072896718395,4.844985473037444
C3,healthy-healthy,13,25,4.052479398583201,0.3135799397941179,4.0824264566046775,0.5512591139876056,2.7086480500633012,3.318955436618804
C3,healthy-healthy,13,26,4.076044527974555,0.276276040670789,4.106215407851579,0.5267640105978828,2.8142459199307908,4.310976654422964
C3,healthy-healthy,13,27,4.024143414775192,0.22796613281017283,4.05511980496856,0.44769794211581204,2.851464419068962,5.715646880311736
C3,healthy-healthy,13,28,4.151077056527397,0.24829112667708017,4.181679714288071,0.4847232419036678,2.8230340262890143,4.942590941882679
C3,healthy-healthy,13,29,4.3262975278299844,0.353485534256655,4.343884142178635,0.6306696049255739,2.804838416915043,2.3574097377769814
C3,healthy-healthy,13,30,4.386439207749024,0.2792827819640887,4.416940372908012,0.5274549936809183,2.8189356428114447,4.411493936839384
C3,healthy-healthy,13,31,4.327598669943617,0.25032009261794547,4.358480911647858,0.4713021167691923,2.8012131843038692,5.458816065242697
C3,healthy-healthy,14,15,0.09079080526239681,0.07852912590446347,0.0907965288219629,0.011434522924764656,0.5101762879793827,0.997404439154339
C3,healthy-healthy,14,16,0.055226254156426034,0.12080329254516846,0.055312175181128895,0.03957565014753245,0.5005779948539746,1.007415666363032
C3,healthy-healthy,14,17,0.23955472025444557,0.08168416797005254,0.239639980120758,0.04663790385478339,0.5110442999685838,0.8670577469647058
C3,healthy-healthy,14,18,5.680931039467977,0.27227712673934273,5.681017885825453,0.014061356823384219,0.507520064839817,1.0301632828011131
C3,healthy-healthy,14,19,5.55472025444557,0.048236604069185146,5.555140915985307,0.002516156512675616,0.5052369398670027,1.138892634653373
C3,healthy-healthy,14,20,4.842706375596357,0.07712545268372445,4.842935012715015,0.008514959038039893,0.4961037008031136,1.0715218694881552
C3,healthy-healthy,14,21,4.589417377475785,0.1850083134069838,4.5877933474167065,0.07084825259196165,0.5013382002977701,0.7410853073987334
C3,healthy-healthy,14,22,4.271938701749313,0.13637949172173738,4.271352797101002,0.0458619327240275,0.4992670590580644,0.8797564187647848
C3,healthy-healthy,14,23,4.07329767240133,0.1121052081579919,4.073056017502706,0.02509238454592211,0.5058271262977635,0.9470714666741005
C3,healthy-healthy,14,24,3.92294347260373,0.08903581459300725,3.923332826531821,0.0016633325728524495,0.5072887628682514,1.1252012816014263
C3,healthy-healthy,14,25,3.9038600549371116,0.18188776099003942,3.9025064404181284,0.05748155230900842,0.5392661842985313,0.7707954815642102
C3,healthy-healthy,14,26,3.8389475206014168,0.09474143060696034,3.8389351691810356,0.03298644891928565,0.5037080987359237,1.0011828690725695
C3,healthy-healthy,14,27,3.766806418967761,0.05794960523585554,3.7676267690534373,0.04607961956278517,0.49765758946629063,1.327404020238691
C3,healthy-healthy,14,28,3.895185774179558,0.07874853070760027,3.8956349659030822,0.009054319774929431,0.5110975260742179,1.1478692130631718
C3,healthy-healthy,14,29,4.121295359259795,0.23051930622758598,4.120610333913581,0.13689204324697668,0.509568415249028,0.5474857402499876
C3,healthy-healthy,14,30,4.156859910365766,0.09584925312428562,4.156932776136299,0.033677432002321095,0.5074457733834267,1.0245270412331395
C3,healthy-healthy,14,31,4.085297094115946,0.07011013643754994,4.086010619030461,0.022475444909404896,0.5064186102183478,1.2677575333960278
C3,healthy-healthy,15,16,0.07604452797455541,0.10230318694191716,0.0760872468743247,0.028141127222767792,0.495928966167978,1.0100372795777877
C3,healthy-healthy,15,17,0.2725169871331501,0.062035836975626445,0.2727279696180278,0.035203380930018735,0.5143352848411774,0.8693141046165628
C3,healthy-healthy,15,18,5.647968772589273,0.23709519544699378,5.6480673013629055,0.025495879748148875,0.5232296466759199,1.032844092486451
C3,healthy-healthy,15,19,5.521757987566865,0.06676540027486816,5.52219033152276,0.013950679437440272,0.5007065273498265,1.1418563923959681
C3,healthy-healthy,15,20,4.809744108717652,0.08319431387701576,4.809984428252468,0.002919563886724763,0.4966079235114756,1.0743103072569375
C3,healthy-healthy,15,21,4.55645511059708,0.11561253964037223,4.554842762954159,0.05941372966719699,0.4990299420803143,0.7430138450421391
C3,healthy-healthy,15,22,4.238976434870609,0.14021524263739552,4.238402212638457,0.03442740979926284,0.5034947491878926,0.8820458223647172
C3,healthy-healthy,15,23,4.040335405522625,0.09567085781355071,4.040105433040159,0.013657861621157452,0.5088843385251255,0.9495360452539774
C3,healthy-healthy,15,24,3.889981205725025,0.1042849989583363,3.890382242069274,0.009771190351912207,0.5042414785550446,1.1281294101263237
C3,healthy-healthy,15,25,3.870897788058407,0.1274329096076094,3.869555855955581,0.046047029384243765,0.5353144126855912,0.7728013344487875
C3,healthy-healthy,15,26,3.8059852537227123,0.07953992708951002,3.8059845847184883,0.021551925994520993,0.509945382539525,1.0037882625834955
C3,healthy-healthy,15,27,3.733844152089056,0.07958406634437325,3.7346761845908905,0.057514142487549824,0.5154713556124937,1.330858344046599
C3,healthy-healthy,15,28,3.862223507300853,0.1358463764011428,3.862684381440535,0.020488842699694088,0.5077689780772593,1.1508563306932178
C3,healthy-healthy,15,29,4.122451930027468,0.16856509686907237,4.121912890330105,0.12545752032221202,0.520974658587016,0.5489104707752844
C3,healthy-healthy,15,30,4.1238976434870604,0.0937999057331371,4.123982191673752,0.02224290907755644,0.5128925295494042,1.0271931836407397
C3,healthy-healthy,15,31,4.0523348272372415,0.0762481985333168,4.053060034567913,0.03390996783416955,0.5168012205343565,1.271056638237881
C3,healthy-healthy,16,17,0.24273528986554857,0.12526194303280538,0.2429663893430392,0.007062253707250943,0.5055709153988893,0.860675266341927
C3,healthy-healthy,16,18,5.661269336417521,0.3279077792322084,5.661328821814184,0.05363700697091667,0.5138838196822867,1.0225801694343353
C3,healthy-healthy,16,19,5.535058551395114,0.11676419003361761,5.535451851974038,0.042091806660208064,0.501282786037514,1.1305091559317457
C3,healthy-healthy,16,20,4.823044672545901,0.12889895550287744,4.823245948703747,0.031060691109492555,0.4904116489736046,1.0636343122950698
C3,healthy-healthy,16,21,4.569755674425329,0.1715156948266027,4.568104283405438,0.0312726024444292,0.5041619650806484,0.7356301198626591
C3,healthy-healthy,16,22,4.252276998698857,0.08643101718309884,4.251663733089735,0.00628628257649505,0.5003152183145513,0.873280462214961
C3,healthy-healthy,16,23,4.053635969350875,0.16041147263848402,4.053366953491438,0.01448326560161034,0.4871508463580597,0.9400999987348604
C3,healthy-healthy,16,24,3.903281769553274,0.1329985071102671,3.903643762520552,0.03791231757468,0.49364517804997615,1.1169185860120179
C3,healthy-healthy,16,25,3.884198351886656,0.17596662598342508,3.88281737640686,0.017905902161475973,0.5312051461444026,0.7651215950872934
C3,healthy-healthy,16,26,3.8192858175509614,0.09354092159678881,3.819246105169767,0.006589201228246799,0.49369238281007705,0.9938130828223649
C3,healthy-healthy,16,27,3.7471447159173055,0.15391774881595155,3.7479377050421685,0.08565526971031762,0.5092685345293672,1.3176328943045414
C3,healthy-healthy,16,28,3.875524071129102,0.17439958606975867,3.8759459018918134,0.04862996992246188,0.4883431762900186,1.1394196570382047
C3,healthy-healthy,16,29,4.124475928870898,0.2178385920366891,4.1239232131708645,0.09731639309944423,0.5097373421565553,0.5434556544331828
C3,healthy-healthy,16,30,4.1371982073153095,0.10070742849420024,4.13724371212503,0.005898218145211354,0.49981809862950105,1.0169854166861305
C3,healthy-healthy,16,31,4.0656353910654905,0.06723428711222579,4.066321555019192,0.062051095056937344,0.4959669308599676,1.258425469967026
C3,healthy-healthy,17,18,5.5116379933497175,0.23168387979211322,5.512354602865874,0.06069926067816761,0.5107489511000776,1.1881138094973482
C3,healthy-healthy,17,19,5.385427208327309,0.07430032512435664,5.386477633025728,0.04915406036745901,0.49511014541541737,1.3135141674698296
C3,healthy-healthy,17,20,4.673413329478097,0.11442807113982047,4.674271729755436,0.0381229448167435,0.508112123189961,1.2358137312520385
C3,healthy-healthy,17,21,4.420124331357525,0.1288558852001172,4.419130064457127,0.024210348737178256,0.4929303883460015,0.854712745480382
C3,healthy-healthy,17,22,4.102645655631054,0.16919617708950083,4.102689514141424,0.0007759711307558925,0.49148366302455665,1.0146457047918032
C3,healthy-healthy,17,23,3.9040046262830703,0.12597368310046153,3.904392734543127,0.021545519308861283,0.503749082798131,1.0922818808653336
C3,healthy-healthy,17,24,3.7536504264854704,0.11987481408474661,3.754669543572242,0.04497457128193094,0.5064232697567339,1.2977235778581613
C3,healthy-healthy,17,25,3.734567008818852,0.12598032915488178,3.7338431574585496,0.01084364845422503,0.5357832787246104,0.8889782534808155
C3,healthy-healthy,17,26,3.669654474483157,0.11146048210380691,3.6702718862214563,0.013651454935497742,0.5015291631748464,1.1546899529780155
C3,healthy-healthy,17,27,3.597513372849501,0.08936054796520225,3.5989634860938584,0.09271752341756856,0.5080527389549359,1.530929196912921
C3,healthy-healthy,17,28,3.7258927280612983,0.124756721516339,3.726971682943504,0.05569222362971282,0.5106812290528254,1.3238670862243382
C3,healthy-healthy,17,29,3.8817406390053497,0.1707597351170729,3.8809703768173374,0.09025413939219329,0.5130603413525994,0.631429385373922
C3,healthy-healthy,17,30,3.9875668642475057,0.1129666567388247,3.98826949317672,0.012960471852462296,0.5044684737902477,1.1816133871348236
C3,healthy-healthy,17,31,3.9160040479976863,0.10997084968596062,3.9173473360708826,0.06911334876418829,0.5096320673613957,1.4621373695502953
C3,healthy-healthy,18,19,0.15020962845164065,0.26837965045806494,0.15004824940791747,0.011545200310708603,0.5063815028579678,1.1055457456760738
C3,healthy-healthy,18,20,0.8382246638716205,0.28556577200821837,0.8380858255433956,0.022576315861424112,0.5050070617985243,1.0401476031777537
C3,healthy-healthy,18,21,1.2427352898655486,0.18667187486954043,1.2432220323094698,0.08490960941534587,0.5059499144979922,0.7193862563059544
C3,healthy-healthy,18,22,1.4089923377186642,0.37409035889410625,1.4096650887244495,0.05992328954741172,0.5090922623357957,0.8539970638168581
C3,healthy-healthy,18,23,1.6076333670666472,0.2683390275319766,1.6079618683227468,0.03915374136930633,0.5044470158585717,0.9193411204660391
C3,healthy-healthy,18,24,1.7579875668642475,0.31169987079282097,1.7576850592936317,0.01572468939623667,0.5149651226407173,1.092255276795541
C3,healthy-healthy,18,25,1.9089200520456844,0.18367820425364506,1.9093892137837072,0.07154290913239264,0.5506922702355609,0.7482265136335776
C3,healthy-healthy,18,26,1.8419835188665608,0.30580106511214716,1.8420827166444171,0.04704780574266987,0.5050926306582729,0.9718681356507503
C3,healthy-healthy,18,27,1.9141246205002167,0.2411727503665211,1.913391660165118,0.03201826273940095,0.5143709396618865,1.2885374992479812
C3,healthy-healthy,18,28,1.7857452652884198,0.30531858690270464,1.7853829199223705,0.005007037048454788,0.4975098750817593,1.1142594889822646
C3,healthy-healthy,18,29,1.7574092814804105,0.17446970883248578,1.7619514174306299,0.1509534000703609,0.5031968472206176,0.5314553036300096
C3,healthy-healthy,18,30,1.5240711291022118,0.31734723216813776,1.5240851096891537,0.047738788825705314,0.5121242608087484,0.9945287881417579
C3,healthy-healthy,18,31,1.5956339453520312,0.2998559833078414,1.5950072667949922,0.008414088086020677,0.5045495563777799,1.2306374674390128
C3,healthy-healthy,19,20,0.7120138788492121,0.05447930463646098,0.7122059032702917,0.011031115550715509,0.49658125714709395,0.9408453763627479
C3,healthy-healthy,19,21,1.1335839236663294,0.17418481558094992,1.1342993600587759,0.07336440910463726,0.5011148964090104,0.650706910246755
C3,healthy-healthy,19,22,1.2827815526962556,0.12689763632215612,1.2837881188843037,0.048378089236703115,0.47917485694792256,0.7724665100075655
C3,healthy-healthy,19,23,1.4814225820442388,0.08102677052313831,1.482084898482601,0.027608541058597724,0.4835286415143277,0.8315722113362463
C3,healthy-healthy,19,24,1.6317767818418392,0.0641244251254837,1.6318080894549847,0.004179489085528065,0.5215964906028812,0.987978363687371
C3,healthy-healthy,19,25,1.789648691629319,0.1804956109137509,1.7904525249766592,0.05999770882168404,0.5475484649255905,0.6767938066419479
C3,healthy-healthy,19,26,1.7157727338441524,0.06755234702531386,1.7162057468042715,0.035502605431961265,0.4983817029684544,0.8790845059564415
C3,healthy-healthy,19,27,1.7879138354778084,0.046957333616794654,1.7875141469318698,0.04356346305010955,0.49058025355238627,1.165521647825501
C3,healthy-healthy,19,28,1.6595344802660112,0.07601078557268584,1.659505950082224,0.0065381632622538155,0.49338717844178914,1.0078818478016789
C3,healthy-healthy,19,29,1.6531733410438052,0.22451483591402324,1.6575591741828335,0.1394081997596523,0.5049878955963042,0.4807176054976742
C3,healthy-healthy,19,30,1.3978603440798034,0.06676813617500776,1.3982081398490078,0.03619358851499671,0.4948129579502563,0.8995817604387787
C3,healthy-healthy,19,31,1.4694231603296228,0.07550372724408903,1.4691302969548454,0.01995928839672928,0.5050210508261918,1.1131492950437443
C3,healthy-healthy,20,21,0.46754373283215267,0.1909182325050013,0.4678233227432553,0.062333293553921754,0.5043413718361205,0.691619395273867
C3,healthy-healthy,20,22,0.5756830996096575,0.11277302089375144,0.5764885850349788,0.037346973685987606,0.4898387212984398,0.8210344966494248
C3,healthy-healthy,20,23,0.7694087031950267,0.04921306258095069,0.769878995212309,0.016577425507882215,0.5067673563674271,0.883856404280125
C3,healthy-healthy,20,24,0.919762902992627,0.04677128009393039,0.9196021863549487,0.006851626465187444,0.4885733262810523,1.0500964223324563
C3,healthy-healthy,20,25,1.09585080237097,0.20681393650312616,1.0963088350406838,0.04896659327096853,0.5351638932139484,0.7193464767375839
C3,healthy-healthy,20,26,1.00375885499494,0.05141177226437711,1.0039998435339796,0.024471489881245756,0.49871571470036385,0.934355982440179
C3,healthy-healthy,20,27,1.0758999566285963,0.06424173831901545,1.0753082436615777,0.05459457860082506,0.49965331099331484,1.238802546206238
C3,healthy-healthy,20,28,0.9475206014167992,0.09223737347347746,0.9473000468119327,0.017569278812969324,0.48974846570972697,1.0712513162335533
C3,healthy-healthy,20,29,0.9657365910076624,0.24526085541884277,0.9698865993500081,0.1283770842089368,0.49539564863217317,0.510942198978224
C3,healthy-healthy,20,30,0.6858464652305915,0.059708706786515325,0.6860022365787162,0.0251624729642812,0.49392448361593866,0.9561419793715361
C3,healthy-healthy,20,31,0.7574092814804108,0.0819568018853124,0.7569243936845541,0.03099040394744479,0.4973765944513327,1.1831373390452251
C3,healthy-healthy,21,22,0.31747867572647104,0.23265271090748588,0.31644055031570306,0.024986319867934148,0.497493734009688,1.1871189591550466
C3,healthy-healthy,21,23,0.5161197050744541,0.18576608396542743,0.514737329914,0.04575586804603954,0.4974328532430276,1.2779520214722018
C3,healthy-healthy,21,24,0.6664739048720544,0.2120758080537999,0.6644605208848853,0.0691849200191092,0.5082614854769493,1.5183154629665063
C3,healthy-healthy,21,25,0.691918461760879,0.05279490314420165,0.6914741858045179,0.013366700282953226,0.534942542700151,1.040090086618127
C3,healthy-healthy,21,26,0.7504698568743677,0.18083804122948974,0.7488581782356708,0.037861803672676,0.5017938452538806,1.350968450023961
C3,healthy-healthy,21,27,0.8266589561948822,0.17866379952090036,0.8245185274013491,0.11692787215474681,0.5035102680366824,1.7911622413581822
C3,healthy-healthy,21,28,0.6942316032962266,0.2420317172536644,0.6921584765682524,0.07990257236689108,0.493671669215805,1.5489029422154186
C3,healthy-healthy,21,29,0.6872921786901837,0.05938597833098183,0.6901071464287547,0.06604379065501503,0.4989684507134486,0.7387621030720365
C3,healthy-healthy,21,30,0.43255746711001897,0.19620660286726838,0.430928762074931,0.03717082058964055,0.4988238117383013,1.382468429753011
C3,healthy-healthy,21,31,0.5850802370970072,0.17542197608336124,0.5836556096628787,0.09332369750136654,0.5014084030994894,1.7106769230727707
C3,healthy-healthy,22,23,0.2287118693075031,0.14395945352803974,0.22849559440326866,0.02076954817810539,0.4911758167270909,1.0765155518878584
C3,healthy-healthy,22,24,0.4542431690039032,0.10377511089235629,0.4537231274203649,0.04419860015117505,0.5004518820057299,1.2789918409239838
C3,healthy-healthy,22,25,0.5201677027613126,0.24744052226621105,0.5199056752750854,0.011619619584980923,0.5447953978320941,0.876146470912843
C3,healthy-healthy,22,26,0.44455688882463495,0.078357537195268,0.44407322418086054,0.01287548380474185,0.5067509134335096,1.138022806901021
C3,healthy-healthy,22,27,0.6375596356802081,0.1632192055325312,0.6369072433852403,0.09194155228681267,0.4997928553581492,1.508831299124276
C3,healthy-healthy,22,28,0.4811334393523202,0.16055930637250115,0.48058305818320307,0.05491625249895693,0.49875891016910806,1.3047579859366645
C3,healthy-healthy,22,29,0.5450339742663003,0.2862659287539409,0.5475469080141033,0.09103011052294918,0.4897261358677439,0.6223151415232747
C3,healthy-healthy,22,30,0.23247072430244314,0.07948535979022706,0.2324925870159081,0.012184500721706404,0.49693924446893917,1.164557620018191
C3,healthy-healthy,22,31,0.4272083273095272,0.09238807403151851,0.42727593749231957,0.0683373776334324,0.4975344565988939,1.4410324339266014
C3,healthy-healthy,23,24,0.22755529853982936,0.06663244584721174,0.22734447386898957,0.02342905197306966,0.5037705160297715,1.1880848713054948
C3,healthy-healthy,23,25,0.3336706664739049,0.21087482930649087,0.33365896888895247,0.03238916776308631,0.52966866158245,0.8138725626171653
C3,healthy-healthy,23,26,0.23463929449183193,0.07401262482286168,0.234425690212307,0.00789406437336354,0.5093273464281852,1.0571355006478709
C3,healthy-healthy,23,27,0.4128957640595634,0.07970153230183935,0.4124884339831127,0.07117200410870728,0.49130680809635335,1.4015880183776024
C3,healthy-healthy,23,28,0.25589128234783876,0.1151843961152538,0.2556081898984269,0.03414670432085154,0.4874241799653146,1.2120196346885936
C3,healthy-healthy,23,29,0.3539106549081973,0.24132630452810966,0.3567346668404443,0.11179965870105457,0.49966887135077387,0.5780828158325088
C3,healthy-healthy,23,30,0.15006505710568158,0.0828709575138676,0.15025431688320495,0.008585047456398986,0.49555095865826526,1.0817842974726053
C3,healthy-healthy,23,31,0.3184906751481855,0.12243831516503796,0.31867538649902905,0.047567829455327004,0.5080465967107136,1.3386080966489027
C3,healthy-healthy,24,25,0.24403643197918154,0.22788165372526628,0.24382148740775725,0.05581821973615597,0.5230138073340448,0.6850289758526743
C3,healthy-healthy,24,26,0.1169582188810179,0.05024483951103153,0.11715103332131098,0.0313231163464332,0.48820782396272333,0.889781131111744
C3,healthy-healthy,24,27,0.19979760011565686,0.08701462665182098,0.19964544097942877,0.04774295213563762,0.500899895352241,1.17970361564851
C3,healthy-healthy,24,28,0.06043082261095849,0.07970202213028964,0.06042146376755611,0.01071765234778188,0.5006758799222175,1.0201456680074947
C3,healthy-healthy,24,29,0.36027179413040367,0.2671159746334866,0.36155773859395346,0.13522871067412423,0.4971441347120044,0.48656693624656355
C3,healthy-healthy,24,30,0.24432557467110005,0.040255325267712166,0.24409346799381657,0.032014099429468645,0.5097491312704406,0.910527794435239
C3,healthy-healthy,24,31,0.16697990458291156,0.10031281680217288,0.16728980544734104,0.024138777482257345,0.507712992718942,1.1266940005530486
C3,healthy-healthy,25,26,0.18317189533034545,0.19996874793173017,0.1825050391165761,0.024495103389722772,0.5470303746364935,1.2988956124135922
C3,healthy-healthy,25,27,0.32123753072141104,0.18365429212855158,0.3202252576287419,0.10356117187179359,0.5520689061722936,1.7221222126836306
C3,healthy-healthy,25,28,0.2148330200954172,0.24366260972982354,0.21474812659208142,0.06653587208393785,0.5363394498216774,1.4892007549565116
C3,healthy-healthy,25,29,0.49096429087754806,0.055393658776485256,0.4922661970162494,0.07941049093796826,0.5511889906379213,0.7102866497590576
C3,healthy-healthy,25,30,0.42503975712013864,0.21263746166993502,0.4251942985129427,0.023804120306687326,0.5454588790132218,1.3291814310501817
C3,healthy-healthy,25,31,0.3910654908197194,0.178570381203915,0.39126119388569935,0.07995699721841332,0.5613529872644474,1.6447391866160876
C3,healthy-healthy,26,27,0.2583489952291457,0.1000483587941394,0.2583620695311912,0.07906606848207082,0.5174714220414501,1.3258357301571562
C3,healthy-healthy,26,28,0.1134885065779964,0.11816149431336333,0.11374480574378444,0.04204076869421508,0.5072794645391171,1.1465130382480448
C3,healthy-healthy,26,29,0.4052334827237244,0.237199914403587,0.405989381620648,0.10390559432769103,0.5173755343339272,0.5468389014253913
C3,healthy-healthy,26,30,0.3179123897643487,0.02511882609667692,0.3179976069552636,0.0006909830830354458,0.5175735446416709,1.023316591684598
C3,healthy-healthy,26,31,0.2515541419690618,0.07414215307002323,0.25226610547942374,0.055461893828690545,0.5101107832979028,1.2662597139415874
C3,healthy-healthy,27,28,0.1653896197773601,0.0784911243753715,0.16521422592755236,0.03702529978785574,0.5148413425396992,0.8647474284849537
C3,healthy-healthy,27,29,0.5600693942460606,0.22592688419932655,0.5610715187040896,0.18297166280976185,0.511476249053545,0.4124484572157464
C3,healthy-healthy,27,30,0.4412317478675725,0.1035670256834564,0.44074287160895737,0.07975705156510626,0.5125038309018976,0.7718275864855849
C3,healthy-healthy,27,31,0.3208038166835332,0.10114198452199036,0.32070985063806556,0.023604174653380272,0.515746872986485,0.9550653109870537
C3,healthy-healthy,28,29,0.39467977446870045,0.28879986412249586,0.3959430188764921,0.1459463630219061,0.49308947333832176,0.47695829282545005
C3,healthy-healthy,28,30,0.2758421280902124,0.10562887700066735,0.27558027769515414,0.042731751777250526,0.5007519944733835,0.8925468420728949
C3,healthy-healthy,28,31,0.1901113199363884,0.13032646262527653,0.19039742188863662,0.013421125134475465,0.504033848410534,1.1044442336873934
C3,healthy-healthy,29,30,0.37790949833742954,0.25135272752834087,0.38111478729808684,0.10321461124465559,0.504827306798653,1.8713310062923239
C3,healthy-healthy,29,31,0.4170883330923811,0.22467548379456662,0.41950966810485535,0.15936748815638158,0.5011853955124007,2.3155991840383305
C3,healthy-healthy,30,31,0.2065924533757409,0.085154522637981,0.2066340644574013,0.05615287691172599,0.5024682988735015,1.2374075864987715
C3,input-healthy,-1,0,97.21714616163077,0.6332282157982776,82.3894849702736,0.22468758945035805,2.1682545138578075,125.17660344889121
C3,repaired-healthy,-1,0,4.14673991614862,0.35026868604192785,4.146397751665594,0.09435046789809243,0.5937329591958262,1.070822754180253
C3,input-healthy,-1,1,97.49703628740784,0.4918306441466067,82.66946734343368,0.2677223571201687,2.219016963950626,162.2416737407656
C3,repaired-healthy,-1,1,4.093826803527541,0.22506232303297893,4.092606997275799,0.0513157002282818,0.6193503936836126,1.387895749934087
C3,input-healthy,-1,2,97.08818852103514,0.4332125668421173,82.34226595553804,0.1715889371435726,2.231196113690437,91.4418005242917
C3,repaired-healthy,-1,2,3.78762469278589,0.2539483843195707,3.788183593049183,0.14744912020487788,0.6224114831420645,0.782238517316877
C3,input-healthy,-1,3,96.13806563539107,0.5664328139448042,81.44050547843145,0.5065697565754326,1.593303879576049,55.47496207068889
C3,repaired-healthy,-1,3,3.7303744397860337,0.29718355440746197,3.7369560099894894,0.1875316992269821,0.9308876542042007,0.4745603414366037
C3,input-healthy,-1,4,95.09136909064624,0.6654534934648295,80.6360458627377,0.5564794413048961,1.2663177821989886,44.24622313981006
C3,repaired-healthy,-1,4,3.518432846609802,0.38489233276695217,3.531255157117576,0.23744138395644565,1.2861759836739617,0.37850413910607783
C3,input-healthy,-1,5,96.06823767529276,0.6549751207980151,81.63022766749097,0.5208172707886385,1.499993796491961,66.00500715249582
C3,repaired-healthy,-1,5,3.2074598814514967,0.3734949773331776,3.2127411120133096,0.201779213440188,1.0307172054453024,0.5646395700262065
C3,input-healthy,-1,6,96.66632933352611,0.6451825529295041,82.28997264318632,0.47035879472655306,1.6702058571636418,94.13171303295424
C3,repaired-healthy,-1,6,2.9245337574092813,0.3522742002120456,2.9258685748204467,0.1513207373781026,0.7860475075526347,0.8052493631272605
C3,input-healthy,-1,7,96.83634523637417,0.5394091563543497,82.3927084377184,0.33929322444755083,1.8320378358570992,101.56244933317629
C3,repaired-healthy,-1,7,2.974844585803094,0.2822835491641051,2.9755892325179785,0.020255167099100357,0.6482043077116741,0.8688155671251167
C3,input-healthy,-1,8,96.73095272516987,0.5093685409064606,82.45394144280093,0.19652076639186694,1.9780711847043657,82.80969614131499
C3,repaired-healthy,-1,8,2.7584212809021253,0.2860437891161038,2.7596041734709345,0.12251729095658354,0.6148349204054455,0.7083952148540122
C3,input-healthy,-1,9,96.99624114500507,0.5810452098745208,82.6414080482065,0.27416422670888063,2.0599056729268814,121.37928987163939
C3,repaired-healthy,-1,9,2.8369235217579876,0.2811756276693291,2.8367257930109178,0.044873830639569845,0.5884165853373237,1.0383386503521834
C3,input-healthy,-1,10,97.04669654474483,0.5727632496834115,82.78793748455806,0.2511851514457025,2.0946738772159152,134.42289999343532
C3,repaired-healthy,-1,10,2.706953881740639,0.2919043106402831,2.7063304823890375,0.06785290590274795,0.5960066001780064,1.1499201610358294
C3,input-healthy,-1,11,97.18129246783288,0.65634818991037,82.85142841795778,0.24443844568710538,2.183769385169831,150.53587900863553
C3,repaired-healthy,-1,11,2.679629897354344,0.3779529137086822,2.678624666321069,0.0745996116613451,0.6119295434503211,1.287758575657377
C3,input-healthy,-1,12,97.05970796588116,0.5756059601799658,82.8481309516837,0.22468482090538217,2.136235495071907,133.18313398849926
C3,repaired-healthy,-1,12,2.456556310539251,0.3029332021509477,2.4559551672916284,0.09435323644306831,0.6030415894129603,1.1393145876989021
C3,input-healthy,-1,13,96.77417955761169,0.6372935173669103,82.64045766670742,0.7224645686688377,1.5920116723525604,30.95257423747148
C3,repaired-healthy,-1,13,2.490241434147752,0.35714993542828927,2.5198429981557777,0.4034265113203872,2.5010243756828934,0.2647836726730705
C3,input-healthy,-1,14,97.00578285383837,0.606165530839292,82.89535036466262,0.22868700699024047,2.162746802647558,133.27817430152447
C3,repaired-healthy,-1,14,2.2326152956484027,0.32096408624430933,2.232025447058992,0.09035105035821,0.5840705947365962,1.1401276096770336
C3,input-healthy,-1,15,97.02342055804539,0.5643693183984575,82.91317151695068,0.21725248406547581,2.184236787056293,132.93224269082873
C3,repaired-healthy,-1,15,2.1996530287696983,0.29930869339913324,2.1990748625964454,0.10178557328297466,0.6308712894526665,1.1371683390951755
C3,input-healthy,-1,16,97.00289142691919,0.6386290101688747,82.89251943563015,0.18911135684270802,2.169159774272498,134.2665207757221
C3,repaired-healthy,-1,16,2.212953592597947,0.39523106166252625,2.212336383047724,0.12992670050574245,0.5997484832199156,1.1485824156425652
C3,input-healthy,-1,17,96.99667485904294,0.5548400348659899,82.965645310618,0.18204910313545708,2.1395101298729804,115.55987352953825
C3,repaired-healthy,-1,17,2.063322249530143,0.2906630247805845,2.0633621640994138,0.1369889542129934,0.5910889903601646,0.9885564764995864
C3,input-healthy,-1,18,98.52045684545323,0.344581040355461,85.4768297841683,0.2427483638136247,2.1975158061516753,137.29828156430324
C3,repaired-healthy,-1,18,3.448315743819575,0.08610514692734779,3.44899243876646,0.07628969353482579,0.6027528488705496,1.1745176011979845
C3,input-healthy,-1,19,98.58999566285962,0.6046678784435622,85.54633708299211,0.2312031635029161,2.2192593011831026,151.78953107217168
C3,repaired-healthy,-1,19,3.3221049587971665,0.31889714970125066,3.3231154689263147,0.08783489384553439,0.621292307090953,1.2984829372271305
C3,input-healthy,-1,20,98.21396559201965,0.6245757583200151,85.0628402060463,0.22017204795220058,2.1810555737355535,142.81047848964778
C3,repaired-healthy,-1,20,2.610091079947954,0.3345544436621309,2.6109095656945187,0.0988660093962499,0.5883006093798337,1.2216716677771384
C3,input-healthy,-1,21,97.86959664594477,0.47482452460677743,84.70965570707564,0.15783875439827882,2.1867946993019483,98.77049677186338
C3,repaired-healthy,-1,21,2.356802081827382,0.26714870222542103,2.355767900357714,0.16119930295017165,0.6055619018301308,0.844931820091939
C3,input-healthy,-1,22,97.83403209483879,0.6998280786509907,84.67337735993223,0.18282507426621297,2.1805745412273327,117.25232932310833
C3,repaired-healthy,-1,22,2.0393234061009107,0.4324028337144085,2.039327350335634,0.1362129830822375,0.5996016533892587,1.0030345828250948
C3,input-healthy,-1,23,97.76637270492989,0.6069617870307189,84.60600758140012,0.20359462244431836,2.170276580212729,126.2239560114885
C3,repaired-healthy,-1,23,1.8424172329044384,0.3141964452261425,1.842763742355338,0.11544343490413211,0.582293116114476,1.079782327493297
C3,input-healthy,-1,24,97.94390631776783,0.6501596904591426,84.65816637014976,0.22702367441738802,2.1821524158303958,149.96477253368923
C3,repaired-healthy,-1,24,1.6903281769553273,0.35829692184530265,1.6913075295450755,0.09201438293106246,0.5968707796702412,1.282873047598758
C3,input-healthy,-1,25,97.73369958074309,0.4646362681718329,84.4485473424578,0.17120545468123205,2.0020681835227676,102.7302145428215
C3,repaired-healthy,-1,25,1.671244759288709,0.2639740724519215,1.670480993359136,0.14783260266721843,0.5914618052372054,0.8788052099463385
C3,input-healthy,-1,26,97.82868295503832,0.6371559434710982,84.5685467939038,0.19570055807095482,2.1880974562643436,133.43582493205713
C3,repaired-healthy,-1,26,1.6077779384126063,0.3621045377877641,1.6083538251888454,0.12333749927749565,0.6095698115441166,1.141476231366183
C3,input-healthy,-1,27,98.01879427497471,0.5826179248769306,84.73298083904547,0.27476662655302564,2.2331622058766207,176.91398437805296
C3,repaired-healthy,-1,27,1.5396848344658087,0.2850802182875634,1.5410861918839407,0.04427143079542484,0.6316450502538686,1.5134099726715904
C3,input-healthy,-1,28,97.92800346971231,0.6448696795666626,84.64215776577373,0.2377413267651699,2.196131020481607,152.98591305410508
C3,repaired-healthy,-1,28,1.6666184762180136,0.34052473672253125,1.6676500810192048,0.08129673058328057,0.603523278737378,1.3087173821125806
C3,input-healthy,-1,29,97.64493277432413,0.42846034370911007,84.41209911305374,0.09179496374326379,2.193822061413104,72.96789991669326
C3,repaired-healthy,-1,29,1.9774468700303602,0.25906090677502763,1.9783739533239313,0.22724309360518669,0.58727249649998,0.6242036083639609
C3,input-healthy,-1,30,97.90660691051035,0.6496710978519743,84.74638814339033,0.19500957498791938,2.203352619193245,136.5470935782008
C3,repaired-healthy,-1,30,1.9242446147173626,0.37144640658474215,1.9249073313942544,0.1240284823605311,0.6051863451941308,1.1680915665715237
C3,input-healthy,-1,31,98.0620211074165,0.6257275156948706,84.80814751930868,0.25116245189964537,2.199014489497582,168.9644095081568
C3,repaired-healthy,-1,31,1.8544166546190544,0.35895337920265913,1.85571835631234,0.06787560544880511,0.6063116623117991,1.4454053662019797
