family,anomaly,rep,gap_len,method,rmse_anom,wasserstein,acf_l2,envelope,spec_ent,psd_cos
multitone,spike,0,1,Linear,0.049754355125606,0.049754355125606,,,,
multitone,spike,0,1,CubicSpline,0.0261407630672302,0.0261407630672302,,,,
multitone,spike,0,1,FFT,0.0805043856198751,0.0805043856198751,,,,
multitone,spike,0,1,SSA,0.0350212085853591,0.0350212085853591,,,,
multitone,spike,0,1,UNet,0.0979416845389065,0.0979416845389065,,,,
multitone,spike,0,1,DSSRR,1.0865232320479694,1.0865232320479694,,,,
multitone,spike,1,1,Linear,0.0237873502616019,0.0237873502616019,,,,
multitone,spike,1,1,CubicSpline,0.043071038501199,0.043071038501199,,,,
multitone,spike,1,1,FFT,0.6302408004326461,0.6302408004326461,,,,
multitone,spike,1,1,SSA,0.0052944142682421,0.0052944142682421,,,,
multitone,spike,1,1,UNet,0.1424344960968226,0.1424344960968226,,,,
multitone,spike,1,1,DSSRR,0.6148974184314937,0.6148974184314937,,,,
multitone,spike,2,1,Linear,0.1648463840458996,0.1648463840458996,,,,
multitone,spike,2,1,CubicSpline,0.1648463840458996,0.1648463840458996,,,,
multitone,spike,2,1,FFT,0.1970192832899922,0.1970192832899922,,,,
multitone,spike,2,1,SSA,0.1691612083479655,0.1691612083479655,,,,
multitone,spike,2,1,UNet,0.3024658209913787,0.3024658209913787,,,,
multitone,spike,2,1,DSSRR,0.8084768482214394,0.8084768482214394,,,,
multitone,spike,3,1,Linear,0.0624565465406137,0.0624565465406137,,,,
multitone,spike,3,1,CubicSpline,0.0317682980515817,0.0317682980515817,,,,
multitone,spike,3,1,FFT,0.2840693964363444,0.2840693964363444,,,,
multitone,spike,3,1,SSA,0.1270721187323204,0.1270721187323204,,,,
multitone,spike,3,1,UNet,0.1916519740956271,0.1916519740956271,,,,
multitone,spike,3,1,DSSRR,0.2861310502154385,0.2861310502154385,,,,
multitone,spike,4,1,Linear,0.1830695516970141,0.1830695516970141,,,,
multitone,spike,4,1,CubicSpline,0.1830695516970142,0.1830695516970142,,,,
multitone,spike,4,1,FFT,0.0006834364802424,0.0006834364802424,,,,
multitone,spike,4,1,SSA,0.0819322559393599,0.0819322559393599,,,,
multitone,spike,4,1,UNet,0.0560026552976791,0.0560026552976791,,,,
multitone,spike,4,1,DSSRR,0.0045159969030197,0.0045159969030197,,,,
multitone,spike,5,1,Linear,0.0332256264124197,0.0332256264124197,,,,
multitone,spike,5,1,CubicSpline,0.0259136879322062,0.0259136879322062,,,,
multitone,spike,5,1,FFT,0.4234852987431116,0.4234852987431116,,,,
multitone,spike,5,1,SSA,0.1068408556182447,0.1068408556182447,,,,
multitone,spike,5,1,UNet,0.1708502225884006,0.1708502225884006,,,,
multitone,spike,5,1,DSSRR,0.4145148344031765,0.4145148344031765,,,,
multitone,dropout_short,0,167,Linear,0.4917561723520081,0.350555381139795,0.4759785564890644,0.4302314412823235,0.4487396778225053,0.8554535235323366
multitone,dropout_short,0,167,CubicSpline,0.4872561241613573,0.3733902957368677,0.3771726464258966,0.4375870359123759,0.3426772472916144,0.8710155545260302
multitone,dropout_short,0,167,FFT,0.4563844977149469,0.150571619658034,0.1699312441307885,0.1682779212805255,0.1799692801199674,0.917528269144404
multitone,dropout_short,0,167,SSA,0.4137435198699749,0.2709256177377351,0.2539477550937772,0.3342325390730454,0.0357218403509309,0.3775223672636901
multitone,dropout_short,0,167,UNet,0.3263819976515278,0.1244904577824397,0.1883551807731531,0.1482872201874406,0.0170884244978309,0.9731165625426532
multitone,dropout_short,0,167,DSSRR,0.830129960068401,0.2666833654232106,0.0864719073622719,0.1494936237011772,0.1638671942981198,0.9809019969988668
multitone,dropout_short,1,153,Linear,0.4621502969977148,0.3806573278378189,0.4681783949992835,0.4410323375889026,0.4505271619688403,0.8985863679946366
multitone,dropout_short,1,153,CubicSpline,0.4636771575219867,0.3828544229274507,0.4276125700553342,0.4359465351791773,0.4174093943865641,0.9014734734935914
multitone,dropout_short,1,153,FFT,0.5029533147048156,0.0615488101883074,0.2392824148090568,0.1206858250721845,0.2156991769745434,0.9284506783740676
multitone,dropout_short,1,153,SSA,0.3855923952311096,0.2549859478152487,0.2519174228993249,0.3240261203382898,0.0036475467289965,0.3644137214783665
multitone,dropout_short,1,153,UNet,0.3505868591652529,0.1206894807460843,0.2053930162238157,0.1192822944479039,0.0784724518871069,0.9649368206527988
multitone,dropout_short,1,153,DSSRR,0.6266470724310073,0.2805068595821158,0.1590038184859362,0.169445466882406,0.1919944167863014,0.940546919379541
multitone,dropout_short,2,82,Linear,0.4908808928346417,0.2165714912600625,0.3871436871263267,0.3546940638643697,0.5467628450517659,0.7665659262285821
multitone,dropout_short,2,82,CubicSpline,0.5225794467779941,0.1803324200973141,0.4006849865319224,0.3050466706032904,0.5345057915932809,0.7693578253603375
multitone,dropout_short,2,82,FFT,0.2972288773557981,0.0732158403320634,0.2155434672813802,0.1303103408967631,0.3429433413505182,0.803801421572796
multitone,dropout_short,2,82,SSA,0.4032285654399948,0.1229060481883143,0.2533949354865978,0.1878327600467953,0.1591569550317065,0.6196420090517104
multitone,dropout_short,2,82,UNet,0.1835137264883182,0.090578194151346,0.0460956665537267,0.1225914482448801,0.0830854687988409,0.9648171236963392
multitone,dropout_short,2,82,DSSRR,0.5731980982111535,0.2836992523981396,0.0882337137755249,0.2056891500993145,0.1232728589886971,0.9659453607374856
multitone,dropout_short,3,139,Linear,0.4790849430338454,0.3455434818709046,0.4615872225422772,0.3448527948840436,0.478769841630723,0.8747791797773592
multitone,dropout_short,3,139,CubicSpline,0.4796644418593497,0.3349725812283959,0.4864845723420885,0.3398209995908039,0.4492016214315421,0.8813529541733224
multitone,dropout_short,3,139,FFT,0.417134081902787,0.0901992233975753,0.1694704949566835,0.1717935533838161,0.3224718255387965,0.9132820639831342
multitone,dropout_short,3,139,SSA,0.4082718933947323,0.2860932492911973,0.2407380178092085,0.2748364129639236,0.0061641115488334,0.5809607889866197
multitone,dropout_short,3,139,UNet,0.3305126313082568,0.1276515399425404,0.1506227901505403,0.1008161108016148,0.0156308658406775,0.9854757812912864
multitone,dropout_short,3,139,DSSRR,0.6242487053841632,0.2665111090359723,0.1148300841010305,0.1581690572066298,0.2250745820425143,0.9700333151972352
multitone,dropout_short,4,108,Linear,0.5883030362786981,0.1137664263755899,0.4393312095126846,0.1404635462380895,0.5293175005153031,0.8364758147589815
multitone,dropout_short,4,108,CubicSpline,0.6448495711890608,0.2604870247700563,0.4019060968193317,0.0800516300747195,0.4756069957413982,0.8460431441498565
multitone,dropout_short,4,108,FFT,0.48025632433015,0.1518467895362153,0.2422576912888402,0.1324535459012042,0.297672572884877,0.8478703527329329
multitone,dropout_short,4,108,SSA,0.5078519844508849,0.1100300713167921,0.3835662300600375,0.0637264809870035,0.0626512365173938,0.90085070497833
multitone,dropout_short,4,108,UNet,0.3374473035172633,0.0827959990125576,0.0880971008065373,0.036631614078099,0.0939816776205296,0.9376093832494196
multitone,dropout_short,4,108,DSSRR,0.5595399351490651,0.2707413643399878,0.1347763506204173,0.1788871659972851,0.1613595652180209,0.9404892570592028
multitone,dropout_short,5,155,Linear,0.4756340431126874,0.2990296582989545,0.4641717116282999,0.468330963322042,0.4540676948721864,0.8728125611228817
multitone,dropout_short,5,155,CubicSpline,0.4649488283943473,0.3150010994082099,0.4298342325503659,0.4816934788898886,0.4254326928461299,0.8803023105461254
multitone,dropout_short,5,155,FFT,0.6904992248098917,0.1874662486342936,0.2681911867629729,0.1555520512243072,0.226330120227626,0.9426586932735896
multitone,dropout_short,5,155,SSA,0.3835320915656985,0.2446332041359599,0.254539030605307,0.3637098418400841,0.0009048890100894,0.4895731851776083
multitone,dropout_short,5,155,UNet,0.3918022781545822,0.1245620666317576,0.2811477488530006,0.0687371659837846,0.024702536416763,0.958871080970803
multitone,dropout_short,5,155,DSSRR,0.7845641435050742,0.2722601550660062,0.1129675890928416,0.1819837229057165,0.1853320171396695,0.9300421380477116
multitone,dropout_long,0,992,Linear,0.4672387901249432,0.3840822351210184,0.8332032901954421,0.4424863686272163,0.345850611893044,0.0019394439462981
multitone,dropout_long,0,992,CubicSpline,0.4678531713194233,0.3849717792640408,0.7940970939471851,0.4404422182976181,0.3143106522125992,0.0020321312096765
multitone,dropout_long,0,992,FFT,0.5841094100555726,0.0906905551173856,0.5765061346832943,0.2035266005211963,0.2169978611607828,0.6569311801360604
multitone,dropout_long,0,992,SSA,0.3671115797901171,0.2375138357481513,0.347907557527422,0.3094198692211761,0.0690688220054822,0.4125666905423147
multitone,dropout_long,0,992,UNet,0.4301375625680669,0.3144833083664632,0.3838550391173491,0.4518510017550607,0.0363247057578171,0.0098545947622417
multitone,dropout_long,0,992,DSSRR,0.736680698129488,0.264034127414708,0.3902162446321049,0.2311254574646339,0.3682949482426177,0.6708004837210936
multitone,dropout_long,1,837,Linear,0.5386529025016951,0.1301061805969977,0.7917542323183699,0.2306965225549656,0.3490987863349931,0.0016085188198098
multitone,dropout_long,1,837,CubicSpline,0.6271017595889171,0.3579368705795088,0.7525353359153726,0.1022386150586103,0.319382426009008,0.0016985027341567
multitone,dropout_long,1,837,FFT,0.5204904517548375,0.1310015065124052,0.4429477035524972,0.1823794658263508,0.1113546261975205,0.7306110209771046
multitone,dropout_long,1,837,SSA,0.3930756211793095,0.1206144117097209,0.4955537871810255,0.1793061816952233,0.0059868026774969,0.4248824510131739
multitone,dropout_long,1,837,UNet,0.4870782156683651,0.1982721059759242,0.5794368467941716,0.3142589794141665,0.0787766631132994,0.011172202836369
multitone,dropout_long,1,837,DSSRR,0.7233052802811308,0.2644798050647843,0.3855475298160259,0.1919064505171088,0.3635266990826681,0.5640439932912782
multitone,dropout_long,2,522,Linear,0.6069194824060002,0.4745134438274512,0.6627139271305182,0.2132270901963096,0.3853260136767271,0.003592460116975
multitone,dropout_long,2,522,CubicSpline,0.5842403378144706,0.4479969065595291,0.6270460359022261,0.2399806632076789,0.3340675475394735,0.0037243992796307
multitone,dropout_long,2,522,FFT,0.4510222529586672,0.1086721376723991,0.4045255032398718,0.16002191183911,0.2299158455352748,0.8761744885909505
multitone,dropout_long,2,522,SSA,0.5328393325185042,0.4171859434885784,0.4168244978375569,0.1177150753127931,0.1239612953015895,0.3985185315160651
multitone,dropout_long,2,522,UNet,0.4191487660451485,0.2993070262498109,0.344738521961333,0.4100205630158434,0.1994404167111353,0.2375069677226948
multitone,dropout_long,2,522,DSSRR,0.5432056488557082,0.2674792360081536,0.2766866052122728,0.203445313216962,0.2793030986961846,0.9648415536216544
multitone,dropout_long,3,909,Linear,0.5486760161752136,0.3371666414826615,0.8144027411662298,0.2748236803155848,0.3426288690537088,0.0003695647543517
multitone,dropout_long,3,909,CubicSpline,0.5134903105714094,0.2765169195300139,0.8066902099373943,0.3436873777598345,0.3275811166036316,0.000377579783366
multitone,dropout_long,3,909,FFT,0.580135271497633,0.145708578260256,0.5167077390042953,0.1724151040774223,0.1362865769524209,0.5952783750270227
multitone,dropout_long,3,909,SSA,0.438220697072022,0.2716772829546804,0.3774472093773586,0.2029241806573153,0.015419406598233,0.4049434987386093
multitone,dropout_long,3,909,UNet,0.4530913992417141,0.2653828383366634,0.5455358466707256,0.4131977399972461,0.0549396146943566,0.0012530475342721
multitone,dropout_long,3,909,DSSRR,0.7310691487500163,0.2684667150642724,0.3454835725614519,0.21592091941938,0.3749411857465979,0.8634340482111326
multitone,dropout_long,4,746,Linear,0.5375751778272428,0.2983923345361426,0.762616464442637,0.2728316624315587,0.3543136246478977,0.0007180995795315
multitone,dropout_long,4,746,CubicSpline,0.6176843364741265,0.430976443625569,0.7224328953473418,0.1436213071165845,0.3064018761825784,0.0008349737377674
multitone,dropout_long,4,746,FFT,0.6560760396552817,0.1173585833314146,0.3068838441031423,0.1738931300032337,0.1287983268439154,0.9056045094320928
multitone,dropout_long,4,746,SSA,0.4101954483502329,0.2278469128038319,0.377698196215058,0.1852266120022154,0.0255101238076172,0.418118436181539
multitone,dropout_long,4,746,UNet,0.467764786512171,0.2214118352023536,0.5414595789201088,0.3156595077014003,0.0601718582875913,0.0055408262274702
multitone,dropout_long,4,746,DSSRR,0.676150251248537,0.275602014886106,0.3673527830653747,0.2221159661399834,0.2820685462688374,0.5069536952653229
multitone,dropout_long,5,522,Linear,0.5125048122342873,0.2854757767890636,0.6662185902949374,0.3481711150231776,0.379954690363963,0.0017791479623345
multitone,dropout_long,5,522,CubicSpline,0.522354459242011,0.2664087362788344,0.6913346030050962,0.3142177083423262,0.3632137871208726,0.0016982345642256
multitone,dropout_long,5,522,FFT,0.5207740769197449,0.0883279509295332,0.3763228659731248,0.1726440005974796,0.231193995824322,0.9010522460069724
multitone,dropout_long,5,522,SSA,0.4062154168575154,0.231683422024282,0.3750987229595811,0.250365258747575,0.0567742401337721,0.4248048401663516
multitone,dropout_long,5,522,UNet,0.4712331480564253,0.1767324711778781,0.487304476425308,0.2849269377869222,0.1011808680870694,0.0154518925488256
multitone,dropout_long,5,522,DSSRR,0.7111660833785683,0.2710877127569589,0.3462268047811681,0.1797418406242269,0.3275905496262413,0.956384474788834
multitone,noise_burst,0,55,Linear,0.3226104875133752,0.1389575177399605,0.1780241777971045,0.2676036869177922,0.6030526508872714,0.5062399723375564
multitone,noise_burst,0,55,CubicSpline,0.3034338428737629,0.1036412790728725,0.1841579004148567,0.2009591363264303,0.5715575936645312,0.5122652982256273
multitone,noise_burst,0,55,FFT,0.6048824231986631,0.2135690816074631,0.1392755245117549,0.3036977353623387,0.4269648654225189,0.5624881483562907
multitone,noise_burst,0,55,SSA,0.1272727364203767,0.0552169442888394,0.0155162566177164,0.0707373447023527,0.0700320562430456,0.9951776880862596
multitone,noise_burst,0,55,UNet,0.2223437682578791,0.1045137010447462,0.0406713449233129,0.1531194185687349,0.1414900239250379,0.9729406834089386
multitone,noise_burst,0,55,DSSRR,0.5913333186084954,0.270858179448583,0.1502845858790905,0.1427029425609746,0.1096439023749459,0.9684627014839918
multitone,noise_burst,1,38,Linear,0.4605337944681673,0.3795472617919631,0.1742863499312784,0.0914674503507178,0.5056600168764722,0.8005511409743683
multitone,noise_burst,1,38,CubicSpline,0.4618003738669551,0.3779874147850852,0.1955029067016529,0.0768866403041653,0.5084827331005227,0.8035544123737063
multitone,noise_burst,1,38,FFT,0.7511859478187632,0.1555196826280583,0.232088991561144,0.1986666913956988,0.501086734494226,0.8147022343594048
multitone,noise_burst,1,38,SSA,0.2923631776799673,0.2621825311111611,0.0387021506374047,0.0914124679199254,0.0654687275449499,0.9967953403239672
multitone,noise_burst,1,38,UNet,0.3298356119368344,0.2469454252312734,0.1168005662667673,0.1097527649038966,0.0382721136048451,0.9854322715816444
multitone,noise_burst,1,38,DSSRR,0.5231892704827414,0.2974473731920475,0.2257004418072053,0.2243963174047805,0.2207610627775402,0.7928987260204727
multitone,noise_burst,2,72,Linear,0.4414042199887421,0.3218673883572837,0.2996006279925931,0.3985007333315992,0.5817626398499789,0.6839103520169523
multitone,noise_burst,2,72,CubicSpline,0.4322186621619587,0.3029066403373117,0.3063807346550704,0.3855990698857193,0.5505067173720167,0.6889580653442587
multitone,noise_burst,2,72,FFT,0.2906954537818336,0.086945613719702,0.1866467764458681,0.1472920708241641,0.4096208273138269,0.7150550435454116
multitone,noise_burst,2,72,SSA,0.3445847023581103,0.2201280439198098,0.2414047229935718,0.2594132487136594,0.0868229425322161,0.7478680120940923
multitone,noise_burst,2,72,UNet,0.1882849409050611,0.100706247547242,0.039308227247238,0.1547745946952259,0.0922307569788348,0.9921942043707312
multitone,noise_burst,2,72,DSSRR,0.5858421386655699,0.2895989783936418,0.1620948428834887,0.1737658399077182,0.1782089572620186,0.958920642330686
multitone,noise_burst,3,69,Linear,0.5346064915022418,0.4271154962551157,0.2817341353714878,0.3054995033400188,0.6276360328860312,0.6216468949686689
multitone,noise_burst,3,69,CubicSpline,0.5455656863921081,0.4365000643069706,0.2355322133858745,0.2945721895810906,0.5562197078588162,0.6333667994219312
multitone,noise_burst,3,69,FFT,0.7344745320564972,0.1215816141870835,0.1833663229852216,0.1861702053964585,0.4849029661961198,0.6724214947111231
multitone,noise_burst,3,69,SSA,0.4738552879660316,0.3359805284298381,0.3080663418949722,0.2239454730241869,0.1568218007618084,0.7962140782342753
multitone,noise_burst,3,69,UNet,0.2213435038498031,0.1328604361839962,0.0395750322991029,0.1475972982276472,0.1308249633214973,0.9915336232615938
multitone,noise_burst,3,69,DSSRR,0.564664788811889,0.2538945653040724,0.1677175483137443,0.1686623460721169,0.1151100977659934,0.9236681676451776
multitone,noise_burst,4,49,Linear,0.6048177724883517,0.4805115336023924,0.3520751708855184,0.3119138224986552,0.5609489319918836,0.5704342138184177
multitone,noise_burst,4,49,CubicSpline,0.6414899567369993,0.5164104062548699,0.3094255981143899,0.2755653972758751,0.48244080722184,0.5730902717161125
multitone,noise_burst,4,49,FFT,0.6992392452985223,0.2510629183264871,0.3211794267675197,0.154884865478201,0.4593377503148454,0.6118268035774054
multitone,noise_burst,4,49,SSA,0.5000768172136114,0.4269220173678544,0.2031748481321101,0.1644039901674052,0.1029021866384612,0.973515657821743
multitone,noise_burst,4,49,UNet,0.1716880532280317,0.0762852467020733,0.0490373196214883,0.0547726707137016,0.0893909120896176,0.9953569035969124
multitone,noise_burst,4,49,DSSRR,0.4602109854430729,0.3027043714897905,0.0988794895715028,0.1392934307206803,0.1388381026398858,0.987606057829912
multitone,noise_burst,5,37,Linear,0.3775221443454846,0.2452425716232315,0.2609647451946474,0.3687285262027232,0.513855296548874,0.8429310793635055
multitone,noise_burst,5,37,CubicSpline,0.3976224128481009,0.2768051688523951,0.2267603971078881,0.4370367728634216,0.4426794256234577,0.8476199199842096
multitone,noise_burst,5,37,FFT,0.6075916831584113,0.3021652521527291,0.2704761755247578,0.2988175685958662,0.3267635173313148,0.8749918334018039
multitone,noise_burst,5,37,SSA,0.2229503994698902,0.133896421713275,0.1072669470697453,0.1419187888206114,0.0925740163692238,0.9914559062830658
multitone,noise_burst,5,37,UNet,0.2650090476446713,0.1884363578290497,0.1035504737096194,0.1539623466205857,0.0771615325633439,0.993691783300234
multitone,noise_burst,5,37,DSSRR,0.5141804715382601,0.3055391910068599,0.1555596153926142,0.2138334799373049,0.1138570916990217,0.917552653234878
multitone,step,0,253,Linear,0.5303074784098696,0.3675890737205532,0.5351842191740595,0.3321380245365213,0.4257325997692691,0.3550390094585646
multitone,step,0,253,CubicSpline,0.5595209608794967,0.4084876414936985,0.5285794847416948,0.2800003884568343,0.4014447724668942,0.3565751992887116
multitone,step,0,253,FFT,0.746032826294523,0.119067858681048,0.2077698480735582,0.1655630359218503,0.2413503972972854,0.9228773417648368
multitone,step,0,253,SSA,0.4820945633997521,0.3217002703037854,0.3414444420099578,0.2836223797633271,0.1231563837895547,0.214062216975116
multitone,step,0,253,UNet,0.4699224745784097,0.1039023244276291,0.3794575970590114,0.1586664852242566,0.1202600691690974,0.4260757452772809
multitone,step,0,253,DSSRR,0.7476932941572839,0.2695124510601893,0.1857159281681745,0.1846392908216663,0.267372949690922,0.9798224501246002
multitone,step,1,293,Linear,0.6442773756894403,0.1762766026162228,0.554763969599861,0.1175962559250446,0.411485005673285,0.1447147458849535
multitone,step,1,293,CubicSpline,0.8147423541605486,0.5358955668515635,0.5246522821252133,0.1612811880747863,0.3785747722357451,0.1470336509649948
multitone,step,1,293,FFT,0.6425667715999432,0.0780851864792051,0.2728367770346466,0.1864485863653272,0.18759482043843,0.92299337749276
multitone,step,1,293,SSA,0.5891901940904863,0.1648294648789342,0.5108607239750702,0.0793802747105541,0.0502935741430838,0.3519870749394202
multitone,step,1,293,UNet,0.5033888263744835,0.1188009637820043,0.4546919587197115,0.1786030912595435,0.0753603820390065,0.3932946926646214
multitone,step,1,293,DSSRR,0.58649362943037,0.2714417709850791,0.181260980384412,0.1796103404289921,0.2359844851285476,0.9455854578157878
multitone,step,2,267,Linear,0.7757824070499763,0.6408941450929412,0.54347141597086,0.1471695035394178,0.4202133986900726,0.2573166977799884
multitone,step,2,267,CubicSpline,0.7207500121823882,0.5751868838321531,0.5104178142603604,0.144491987706875,0.3766307261209282,0.2585025881357231
multitone,step,2,267,FFT,0.5643219132154665,0.0797978498620196,0.22031964205808,0.1909296554016618,0.2593388884135119,0.9273103395234492
multitone,step,2,267,SSA,0.7329585868588939,0.6268332087407004,0.3254978711010085,0.0987092079035387,0.0616977132761968,0.3975104555224312
multitone,step,2,267,UNet,0.4608203971128198,0.3004547416992495,0.2976933957229393,0.3703314040589154,0.0022004985279031,0.2629920028703565
multitone,step,2,267,DSSRR,0.5586672789750593,0.2736563009098288,0.1061333787576456,0.1871584943043947,0.2285733135180231,0.986349165206211
multitone,step,3,352,Linear,0.572580881858823,0.3398496887641047,0.5794121924921568,0.2076953083062336,0.4003960369697959,0.0306087423519963
multitone,step,3,352,CubicSpline,0.6470128237276591,0.4481201699070117,0.5710765444224898,0.1017410402567637,0.3757599410068884,0.0317898082955236
multitone,step,3,352,FFT,0.4740087672743773,0.1353826247957222,0.2284232444601622,0.152654938994052,0.1884589386057155,0.9206133983620578
multitone,step,3,352,SSA,0.4977606702421312,0.319710664431743,0.3759181715133273,0.1404340599517082,0.0365086572194099,0.4206519296919853
multitone,step,3,352,UNet,0.4540987836831027,0.2566766668034889,0.3905089508462623,0.310039372510666,0.0359819625147243,0.1261395354698472
multitone,step,3,352,DSSRR,0.7641087140049446,0.2774604301357739,0.1613156118906587,0.1749220982919178,0.209592153999837,0.9839815292705364
multitone,step,4,168,Linear,0.676765052352072,0.2626845380085316,0.478539033573965,0.0995901090242177,0.4555318005052723,0.8665127558617297
multitone,step,4,168,CubicSpline,0.7500317855978046,0.2626845380085316,0.500153646513559,0.1193490191528354,0.4270089875857231,0.872523386969473
multitone,step,4,168,FFT,0.5788485369260755,0.1342339218065604,0.2988245045798132,0.1821150209621904,0.2147051871993773,0.9250868851418342
multitone,step,4,168,SSA,0.6455396490647342,0.2539089354290377,0.453334593749366,0.0848763292893637,0.1233409955104991,0.8245255046609549
multitone,step,4,168,UNet,0.5282336626651173,0.1026366802497191,0.3848557655971965,0.0467838753255388,0.0899077686149276,0.9361098172834504
multitone,step,4,168,DSSRR,0.5933498408906083,0.3075246157026841,0.096169295222598,0.1806001408328586,0.1720401004539256,0.9868208212226164
multitone,step,5,329,Linear,0.4588447743675264,0.368818654203706,0.5600057897264825,0.5524824279261369,0.4086805313365574,0.0463435624650803
multitone,step,5,329,CubicSpline,0.4587698855170811,0.3751040197499034,0.4461448635647793,0.5538429769264308,0.311564079313342,0.0603215513129143
multitone,step,5,329,FFT,0.7026445878779322,0.0848276419806252,0.253550711011802,0.1886632548326663,0.24836793701672,0.9133972470654907
multitone,step,5,329,SSA,0.370065514733171,0.2305914003454185,0.3505822255557109,0.3550812495842262,0.0849345662074426,0.3855920854139968
multitone,step,5,329,UNet,0.3871761366527367,0.2443892865477862,0.2792894826346624,0.3854386214814747,0.1391820049815153,0.5997284937933574
multitone,step,5,329,DSSRR,0.5391365620942664,0.2641643630577272,0.1851074675936234,0.1837941981384936,0.266416548691152,0.9608591795038576
multitone,saturation,0,373,Linear,0.4808750315726331,0.3362981601401493,0.5871988584911157,0.4480874809274616,0.3912430363938289,0.0220333790170128
multitone,saturation,0,373,CubicSpline,0.4680215377094018,0.3231994608085033,0.5586913993788503,0.4992474583139171,0.3583568234936348,0.023275834102507
multitone,saturation,0,373,FFT,0.6801896336936121,0.1623207634678702,0.2820772673804779,0.164391596706119,0.1655297471423641,0.8568828333109627
multitone,saturation,0,373,SSA,0.3994345847866873,0.2628424019494221,0.3420002420659379,0.3432658918163567,0.05205122825474,0.3979628100537452
multitone,saturation,0,373,UNet,0.4536525482423035,0.2229470347169415,0.4047982344477786,0.2966836081859296,0.0417172013488208,0.1280121905053732
multitone,saturation,0,373,DSSRR,0.6942132665599636,0.2833399814356303,0.2040060113686719,0.2034560851431228,0.2896196635387777,0.9744509487413864
multitone,saturation,1,351,Linear,0.4638358434091289,0.3645927547377954,0.5746815098606394,0.5394372148753969,0.4064493614402384,0.0357460802096443
multitone,saturation,1,351,CubicSpline,0.4641539287594695,0.3592495664842319,0.6019418815737919,0.5364605385697216,0.3814122234303295,0.0407144143242868
multitone,saturation,1,351,FFT,0.5944519273133709,0.1506360086672937,0.1810551019162731,0.1692312758755511,0.1709166786384057,0.9191859806417332
multitone,saturation,1,351,SSA,0.3582384994957681,0.2282672884959166,0.3300180221934983,0.3409647605944804,0.0764136927862847,0.3964219360635522
multitone,saturation,1,351,UNet,0.4213149077669217,0.2720680076973399,0.3262148290816715,0.3455456517268497,0.1167453503688186,0.2118803043238639
multitone,saturation,1,351,DSSRR,0.770149720937717,0.2655262814005474,0.2431737251493613,0.2061483728201606,0.2899317127657557,0.8974823528329616
multitone,saturation,2,388,Linear,0.6673823035882286,0.5303342323101216,0.5937610019845682,0.1794123946594192,0.3923997596005928,0.017582157644936
multitone,saturation,2,388,CubicSpline,0.7026240955526682,0.5744793552683342,0.5644371969219419,0.1636288755226871,0.3591458704580573,0.0183340001588059
multitone,saturation,2,388,FFT,0.3911259830296718,0.0924271438003681,0.3235127861073011,0.1765283863863319,0.2151110445780587,0.9172119657700456
multitone,saturation,2,388,SSA,0.6016342698315276,0.4856509677781686,0.341134834587761,0.0855500905752624,0.053171313714308,0.3808007458525982
multitone,saturation,2,388,UNet,0.4483719617855074,0.313079826298675,0.3352590471813148,0.3797534514612141,0.1414001514477373,0.1446415303537066
multitone,saturation,2,388,DSSRR,0.5357440480595433,0.2687842085481939,0.2292083660565773,0.1887129656258939,0.2826309798900921,0.9431571757725654
multitone,saturation,3,286,Linear,0.4799384556216123,0.3062123188838168,0.5470351483697591,0.4255277759660219,0.4176163412759729,0.1484683485976713
multitone,saturation,3,286,CubicSpline,0.5075593369058976,0.3447691621001208,0.5150712833805488,0.3526017668354484,0.3759040639083885,0.1500428607989136
multitone,saturation,3,286,FFT,0.3628261996100528,0.1536531953540986,0.1884689643583038,0.1611856772852941,0.2375756495598356,0.9096127248934456
multitone,saturation,3,286,SSA,0.4094475060411132,0.255912509063915,0.3275796305731247,0.3424030683584301,0.0995282581751644,0.2999023711905262
multitone,saturation,3,286,UNet,0.4407403145282794,0.1876073099243858,0.3489868496768208,0.2685220155417921,0.0851576995140542,0.2923120229867821
multitone,saturation,3,286,DSSRR,0.730931481169327,0.2747541424889444,0.3061053400627959,0.2020339218933744,0.3598613188570123,0.736140549856514
multitone,saturation,4,110,Linear,0.5214485587409002,0.3888900670325152,0.4436832308728799,0.3604024375488155,0.5340355941124965,0.8239877836020275
multitone,saturation,4,110,CubicSpline,0.5497216016919078,0.4316367228713176,0.3983829025917241,0.305486236036013,0.4813968367074948,0.8387115038301183
multitone,saturation,4,110,FFT,0.4823387440096984,0.1663087758117988,0.3185703342211433,0.0915459165557037,0.2884875255288553,0.8582599661374162
multitone,saturation,4,110,SSA,0.4353887256469441,0.2895509795213842,0.2583500176011597,0.2367461780540686,0.1121876185936159,0.4399032146011368
multitone,saturation,4,110,UNet,0.3447431757552941,0.1720085739683256,0.145459171383106,0.0843795413346752,0.0104549119001311,0.974375225901024
multitone,saturation,4,110,DSSRR,0.6812621088645066,0.2822421856921513,0.136043433793126,0.2013597081375714,0.1210704800789944,0.9456279864507072
multitone,saturation,5,317,Linear,0.4854927192363722,0.2043734599199058,0.5652681221853406,0.3409275405129543,0.4087082541226403,0.0677879361857302
multitone,saturation,5,317,CubicSpline,0.5059443339336648,0.1642194930795252,0.5938410834391112,0.2820170144120499,0.3835249581012032,0.0747992961054437
multitone,saturation,5,317,FFT,0.6508188054312641,0.0816044070503274,0.3460775297197332,0.1624874348668561,0.1989857208406114,0.9040365607454643
multitone,saturation,5,317,SSA,0.4073736630987281,0.1621997357114337,0.4009261265427146,0.2525083433739289,0.0324803550124888,0.3992572561063752
multitone,saturation,5,317,UNet,0.4399703939621571,0.1067555847021774,0.3652115409953881,0.1739242019230561,0.0826941541083026,0.3148053860421272
multitone,saturation,5,317,DSSRR,0.5951031687828987,0.2665440986868413,0.2530809288625504,0.1852623870561632,0.3195242159418309,0.9204209334068908
chirp,spike,0,1,Linear,0.152197879136327,0.152197879136327,,,,
chirp,spike,0,1,CubicSpline,0.0903446433479606,0.0903446433479606,,,,
chirp,spike,0,1,FFT,0.2974605267364775,0.2974605267364775,,,,
chirp,spike,0,1,SSA,0.090485197205815,0.090485197205815,,,,
chirp,spike,0,1,UNet,0.2721738181598507,0.2721738181598507,,,,
chirp,spike,0,1,DSSRR,0.2922422866858565,0.2922422866858565,,,,
chirp,spike,1,1,Linear,0.0303217446026504,0.0303217446026504,,,,
chirp,spike,1,1,CubicSpline,0.0355277398691395,0.0355277398691395,,,,
chirp,spike,1,1,FFT,0.473745737737278,0.473745737737278,,,,
chirp,spike,1,1,SSA,0.0445149713130347,0.0445149713130347,,,,
chirp,spike,1,1,UNet,0.176488772770075,0.176488772770075,,,,
chirp,spike,1,1,DSSRR,0.4878644190824945,0.4878644190824945,,,,
chirp,spike,2,1,Linear,0.0079750486014107,0.0079750486014107,,,,
chirp,spike,2,1,CubicSpline,0.0152206583009753,0.0152206583009753,,,,
chirp,spike,2,1,FFT,0.0024118227041878,0.0024118227041878,,,,
chirp,spike,2,1,SSA,0.0333321863684104,0.0333321863684104,,,,
chirp,spike,2,1,UNet,0.129220431784546,0.129220431784546,,,,
chirp,spike,2,1,DSSRR,0.999468291064346,0.999468291064346,,,,
chirp,spike,3,1,Linear,0.1368334940973467,0.1368334940973467,,,,
chirp,spike,3,1,CubicSpline,0.1317723912252727,0.1317723912252727,,,,
chirp,spike,3,1,FFT,0.6315797652755545,0.6315797652755545,,,,
chirp,spike,3,1,SSA,0.0028150972240812,0.0028150972240812,,,,
chirp,spike,3,1,UNet,0.0151137774083295,0.0151137774083295,,,,
chirp,spike,3,1,DSSRR,0.3600259954836687,0.3600259954836687,,,,
chirp,spike,4,1,Linear,0.0490508929395166,0.0490508929395166,,,,
chirp,spike,4,1,CubicSpline,0.053730183689039,0.053730183689039,,,,
chirp,spike,4,1,FFT,0.2328357382309193,0.2328357382309193,,,,
chirp,spike,4,1,SSA,0.0090235774802835,0.0090235774802835,,,,
chirp,spike,4,1,UNet,0.1823581224181645,0.1823581224181645,,,,
chirp,spike,4,1,DSSRR,0.7723382944366939,0.7723382944366939,,,,
chirp,spike,5,1,Linear,0.0108595129767668,0.0108595129767668,,,,
chirp,spike,5,1,CubicSpline,0.0547628535340127,0.0547628535340127,,,,
chirp,spike,5,1,FFT,0.076031852208444,0.076031852208444,,,,
chirp,spike,5,1,SSA,0.0454371736069742,0.0454371736069742,,,,
chirp,spike,5,1,UNet,0.1085053162770384,0.1085053162770384,,,,
chirp,spike,5,1,DSSRR,0.0742319004731291,0.0742319004731291,,,,
chirp,dropout_short,0,86,Linear,0.3885601717201571,0.1763987163236022,0.57017822488573,0.250709770884033,0.2444657987918806,0.0046142814681818
chirp,dropout_short,0,86,CubicSpline,0.3680987345311624,0.1703713702861754,0.5473446239580401,0.2711650021013829,0.1875162690888515,0.005020221718658
chirp,dropout_short,0,86,FFT,0.3325755664386144,0.2692858954402256,0.4718898437489854,0.4188612448175736,0.0609535411357313,0.0095522674096957
chirp,dropout_short,0,86,SSA,0.3288087380271335,0.2502641416746259,0.3954686870384952,0.3487654643667467,0.2582702102233746,0.2466096027355426
chirp,dropout_short,0,86,UNet,0.2906289336416101,0.1999351056005741,0.3592120184583137,0.3039497502989717,0.2085451228431818,0.7961498226262721
chirp,dropout_short,0,86,DSSRR,0.5505270327612884,0.33348782552126,0.2912417223042313,0.4263075933846988,0.3353359960288802,0.9519895153409696
chirp,dropout_short,1,185,Linear,0.6416626078591678,0.519643300180592,0.5571870296387937,0.0368074940474416,0.2184949768762498,0.002145924856225
chirp,dropout_short,1,185,CubicSpline,0.6468045890687445,0.5196433001805919,0.5738298579362322,0.0615382423667784,0.1909829776323071,0.0021902173658927
chirp,dropout_short,1,185,FFT,0.3647771611887113,0.2704962783431403,0.4205105515222366,0.4194086011746229,0.1246499987837999,0.1430560674301273
chirp,dropout_short,1,185,SSA,0.6091912748132907,0.477992560849988,0.4890566380379049,0.0285004857284347,0.061295573410069,0.0370062025429422
chirp,dropout_short,1,185,UNet,0.3712308681143642,0.2498897648796892,0.3972813334052165,0.3489663289747212,0.0062768178878529,0.0090637276352498
chirp,dropout_short,1,185,DSSRR,0.6827798637382576,0.3328796945429749,0.3729880938786577,0.3766981830140831,0.5343603749389179,0.6267792121512492
chirp,dropout_short,2,132,Linear,0.7436009989823723,0.5565771896196265,0.5702473093741868,0.1408314848294523,0.2073000330285966,0.0572018071377617
chirp,dropout_short,2,132,CubicSpline,0.6916101961041685,0.4922743595848309,0.5453960522875746,0.2122324013073206,0.1563995658106876,0.0589121506794298
chirp,dropout_short,2,132,FFT,0.1802363706193188,0.1067499758911487,0.0905984896291818,0.1648702026570329,0.0052046985970879,0.9970624539290568
chirp,dropout_short,2,132,SSA,0.7427217536319749,0.5569140462463146,0.5657915999534102,0.140580240578371,0.0107380789736575,0.0549096509849119
chirp,dropout_short,2,132,UNet,0.4962155230026299,0.3530623455192235,0.4378098890964528,0.5022974640005147,0.1340735731942818,0.1176931984123623
chirp,dropout_short,2,132,DSSRR,0.4735491433300546,0.3282142959797546,0.3038992399036808,0.4366899697687162,0.366329834856145,0.9546219958699826
chirp,dropout_short,3,115,Linear,0.5839639882980382,0.3739219179816946,0.5723057140178578,0.2400970762816056,0.2186894561039307,0.0020718466727749
chirp,dropout_short,3,115,CubicSpline,0.6577001438896797,0.4774823038141263,0.5447089352674717,0.1336974910191401,0.1911181152175516,0.0021127371999422
chirp,dropout_short,3,115,FFT,0.4492522743142195,0.3585452385841097,0.4625014358507256,0.5605867497219628,0.1003414330255629,0.1020180339291841
chirp,dropout_short,3,115,SSA,0.5820792965483306,0.3760726645234218,0.5627478256122547,0.2359336231904391,0.1196805763042444,0.0023201341336719
chirp,dropout_short,3,115,UNet,0.4355806555127355,0.3489289776616253,0.3972656020197966,0.5374936849236893,0.2146915869179032,0.0712411604860585
chirp,dropout_short,3,115,DSSRR,0.7212794411520347,0.33725219168396,0.3536014979808105,0.348063930703953,0.6044528296427392,0.7352734464699152
chirp,dropout_short,4,121,Linear,0.3855883986661294,0.1880000049910753,0.565278279484563,0.2900458844378972,0.2272043154604268,0.0013128695157073
chirp,dropout_short,4,121,CubicSpline,0.3824255261508044,0.1971667454993592,0.5394419413049198,0.2875381409541746,0.2004279370222355,0.0013895295966142
chirp,dropout_short,4,121,FFT,0.3506593467800374,0.2673202400686509,0.4452191867064604,0.4143572966819309,0.0741827681874819,0.0189495222769833
chirp,dropout_short,4,121,SSA,0.3789610249724965,0.1903421381501665,0.5445794054086281,0.2909381777207971,0.0945838322228315,0.0028069800501302
chirp,dropout_short,4,121,UNet,0.3376759327381854,0.2657041778062421,0.3806868565304298,0.4137723156972542,0.2313825749447164,0.1420135299379993
chirp,dropout_short,4,121,DSSRR,0.7728279674783599,0.3232966088585254,0.3085181486558713,0.3814481666857999,0.4298108999061364,0.94889042144829
chirp,dropout_short,5,118,Linear,0.5727668602100191,0.1447732646657513,0.5709219863079938,0.2466639414535982,0.2128766530955108,0.0007450728284309
chirp,dropout_short,5,118,CubicSpline,0.5690723574552454,0.1629241385983893,0.5564983965368707,0.2331007852342906,0.1745063513220738,0.0007560093969864
chirp,dropout_short,5,118,FFT,0.4444426824860271,0.3743985657688399,0.4584869732314896,0.5835117309570722,0.1207479944156703,0.0012049325162273
chirp,dropout_short,5,118,SSA,0.5129302654695806,0.1785935555952192,0.5651496268358142,0.2656692968520404,0.0078110463032308,0.0033705865603705
chirp,dropout_short,5,118,UNet,0.4151205221363979,0.2876210273923213,0.3623795256291656,0.4382812558583163,0.3162053635021796,0.2173285196263719
chirp,dropout_short,5,118,DSSRR,0.6548859122638556,0.3292983647682834,0.3016892224324031,0.4073071252127445,0.4179912253288867,0.9369017544461186
chirp,dropout_long,0,723,Linear,0.5027499700670351,0.4114507438664415,0.720065863579707,0.3297748657088701,0.2614532334269045,0.0001161387090354
chirp,dropout_long,0,723,CubicSpline,0.5027167897995415,0.4139994106887877,0.5794677188048751,0.3298335678523572,0.1779481624331649,0.0001172354041409
chirp,dropout_long,0,723,FFT,0.4289172994001984,0.3658963214409621,0.4008078631723168,0.5724349302421422,0.2103354856288505,0.000543009449752
chirp,dropout_long,0,723,SSA,0.4687317496518519,0.2670739255981826,0.4552322764529609,0.4174405762214493,0.002708599457805,0.0064195111311163
chirp,dropout_long,0,723,UNet,0.4310028234716111,0.3661463965671608,0.3262273535034503,0.5259229068209574,0.0851025145719421,0.0016975627376428
chirp,dropout_long,0,723,DSSRR,0.5876506884408932,0.308085472138165,0.2759025554532007,0.353586787548373,0.453095553733088,0.660610192587497
chirp,dropout_long,1,803,Linear,0.6223036829663936,0.424445170373863,0.7408175566359828,0.1438960294735638,0.275184701195759,0.0002678322338576
chirp,dropout_long,1,803,CubicSpline,0.7260147040984698,0.5663211192657553,0.6975843027974484,0.0542934432266677,0.2418117073111312,0.0002732228995051
chirp,dropout_long,1,803,FFT,0.4269077769602101,0.3618669100640357,0.3840588074190223,0.5671816945490166,0.2167003541658367,0.0005261777748349
chirp,dropout_long,1,803,SSA,0.4853302209316212,0.2273244664520775,0.4716424843540762,0.3568280419627713,0.0137847730675623,0.0043098335097341
chirp,dropout_long,1,803,UNet,0.4283540248696179,0.3274382775423863,0.4209445867124503,0.5119440358033435,0.0937825226705928,0.0032479260893359
chirp,dropout_long,1,803,DSSRR,0.6728925815550729,0.3053610414001783,0.2728094480309582,0.3311558121869721,0.467780858512394,0.5394553179164105
chirp,dropout_long,2,824,Linear,0.474154468358666,0.3171595416825289,0.7454110116291414,0.3690670033406992,0.2790938384729747,0.0002557207903616
chirp,dropout_long,2,824,CubicSpline,0.4687086960042685,0.352756478321524,0.5974246429796887,0.3811093695468452,0.1978142128613357,0.000274607387568
chirp,dropout_long,2,824,FFT,0.4234038118960606,0.357606348927328,0.3856366378976491,0.5612841719588058,0.2080376406976753,0.0005309864918063
chirp,dropout_long,2,824,SSA,0.4949078792179081,0.2008103901155861,0.4586858322006575,0.3152091191190559,0.0090427963344544,0.002040019749605
chirp,dropout_long,2,824,UNet,0.4226776274188398,0.3360912428064544,0.3962743002864864,0.5149309081320782,0.125743545345989,0.0005013904274469
chirp,dropout_long,2,824,DSSRR,0.6699000982426454,0.3130656774595876,0.2895168625889449,0.2981282713499123,0.5187959016261257,0.5113871478149923
chirp,dropout_long,3,688,Linear,0.5012045739977299,0.3171868283650916,0.7102472204191718,0.3413766754853294,0.2525553198013041,2.963819476464572e-05
chirp,dropout_long,3,688,CubicSpline,0.5074831570278355,0.2992326581653865,0.7397109064970055,0.3276207732462771,0.2304973523876899,3.1199183197945865e-05
chirp,dropout_long,3,688,FFT,0.433524557641708,0.3653095526477536,0.41966971669222,0.5749028419456063,0.2048779018409912,0.0002736165929497
chirp,dropout_long,3,688,SSA,0.4755440623157025,0.2631036486237044,0.4236204297654835,0.4144735182193202,0.0474135447727948,0.0189887973409568
chirp,dropout_long,3,688,UNet,0.4363589071876743,0.3359092510423713,0.4076068116054703,0.5116836090642103,0.0753362939972739,0.0001550301550463
chirp,dropout_long,3,688,DSSRR,0.6361642666005903,0.3100177519757401,0.2805055333568059,0.3542712945619594,0.4916049966370946,0.6517875895981189
chirp,dropout_long,4,978,Linear,0.6476505678349421,0.4490690848658269,0.7654430875448415,0.1226280617133677,0.2689772206873292,0.001044754377022
chirp,dropout_long,4,978,CubicSpline,0.6602859577045884,0.4490201082003827,0.8005085430410375,0.1092120000140034,0.253508856138541,0.0010761477130629
chirp,dropout_long,4,978,FFT,0.5900273247005206,0.0699161969481879,0.3827787501060776,0.0599930388693566,0.0585267940076487,0.0088256432205611
chirp,dropout_long,4,978,SSA,0.5051866741545817,0.3316541597068441,0.3905563783624698,0.3542229056999065,0.0047375680057846,0.0013580586947932
chirp,dropout_long,4,978,UNet,0.46964807632116,0.2168078678770966,0.7489212375757139,0.3613044080047386,0.2176548818674591,0.0010532320129706
chirp,dropout_long,4,978,DSSRR,0.7234104610657881,0.3057649011747765,0.2908750373038884,0.3075227002903111,0.4061113406359925,0.19314431321925
chirp,dropout_long,5,595,Linear,0.5198774881140905,0.1346881874865554,0.6818208463457399,0.2629648804504504,0.2198766778012452,0.000107026734523
chirp,dropout_long,5,595,CubicSpline,0.5935500832070384,0.3195621739466758,0.6439943476746358,0.1581301330224697,0.1884309103883844,0.0001085071008385
chirp,dropout_long,5,595,FFT,0.4316951004161615,0.3632001795740611,0.4024244949868231,0.5668413945891752,0.2593774906441186,0.0003921508365402
chirp,dropout_long,5,595,SSA,0.4979519400878583,0.2475317388353109,0.4186179169625201,0.3888627493974849,0.1206766320039046,0.0185809620381369
chirp,dropout_long,5,595,UNet,0.441481969429386,0.3013444709784481,0.5788390777156207,0.4758849368238181,0.0841022745377392,0.0002036176925874
chirp,dropout_long,5,595,DSSRR,0.5971393393460394,0.3043175083897607,0.3053087265074524,0.3359084567627006,0.5067138850411244,0.7744866235814326
chirp,noise_burst,0,48,Linear,0.7905805267668945,0.5899712188672405,0.5275642733161429,0.2224378053163291,0.249887757750972,0.950371508311998
chirp,noise_burst,0,48,CubicSpline,0.7987060987467952,0.5899530176515075,0.5508348160187707,0.210784323934068,0.2193437364386699,0.9563631146779992
chirp,noise_burst,0,48,FFT,0.98943979261946,0.1278159261412117,0.1709611968684905,0.123029640430846,0.0456374976508952,0.99794446128912
chirp,noise_burst,0,48,SSA,0.7861879819320954,0.5827864116810476,0.4897720398852268,0.2192783626887481,0.1014559168176292,0.955234087311519
chirp,noise_burst,0,48,UNet,0.4951416717683903,0.3467042778997244,0.4230568863533882,0.5135928630568779,0.153555037961462,0.961751464160798
chirp,noise_burst,0,48,DSSRR,0.957997754652862,0.3647600855364916,0.2011822529302242,0.3514539837650206,0.3339827196287067,0.9237334339086624
chirp,noise_burst,1,35,Linear,0.4402274292764431,0.3064599767435275,0.5686867817207771,0.1290481818704081,0.284667139624112,0.1031969977920397
chirp,noise_burst,1,35,CubicSpline,0.4444271370947841,0.3040316120957248,0.5853625697391412,0.1242473312848387,0.2558390981799915,0.1101911895994527
chirp,noise_burst,1,35,FFT,0.3129626071606125,0.265125132842933,0.5324750077208784,0.4168788254783818,0.1084112323435275,0.1605322254124336
chirp,noise_burst,1,35,SSA,0.3121782319249034,0.2224152877316786,0.4085086389735733,0.2373835481527806,0.2010858427384479,0.7918421147672717
chirp,noise_burst,1,35,UNet,0.2253381660576939,0.0808716126166297,0.2259094941884795,0.1050298572067226,0.0923781120611172,0.9428810036676598
chirp,noise_burst,1,35,DSSRR,0.5668604525591907,0.3606620275430632,0.1278470142197828,0.4550306031750237,0.2533494135507333,0.9853325204265028
chirp,noise_burst,2,74,Linear,0.4325336556281296,0.3502754820550853,0.5652838739132396,0.1578856388437664,0.2731965450436877,0.0044898952086431
chirp,noise_burst,2,74,CubicSpline,0.4325319237783149,0.3499392872735473,0.581728838442044,0.1578803144387315,0.2623142611348644,0.0044351755626928
chirp,noise_burst,2,74,FFT,0.3217079951763399,0.2689998570583164,0.4860842619422891,0.4213754882402091,0.0456537015007112,0.0093360069066147
chirp,noise_burst,2,74,SSA,0.3870688999125843,0.2700174744688711,0.4430120300256618,0.1747665018349635,0.079052219933174,0.0786391819465324
chirp,noise_burst,2,74,UNet,0.2739551578197445,0.1803347431722189,0.3391114132472087,0.2382175808707817,0.1821369927730867,0.5720604232845641
chirp,noise_burst,2,74,DSSRR,0.7585428297781358,0.3185855883445593,0.2844360068531437,0.3681319451276061,0.3726466586972486,0.9297231076067786
chirp,noise_burst,3,91,Linear,0.4792335930932517,0.2933768093195271,0.4576728488708484,0.2830815632147987,0.2602396224398207,0.9404900876241856
chirp,noise_burst,3,91,CubicSpline,0.4962208070645676,0.2847444564864773,0.4694987870046355,0.2492181485355088,0.2290528626470914,0.9476886017220036
chirp,noise_burst,3,91,FFT,0.8588205810310813,0.2125609435743478,0.0992839722495287,0.1617849643047509,0.0479615561403867,0.9987582947480168
chirp,noise_burst,3,91,SSA,0.4793266273709043,0.2919355207252756,0.4528670338373411,0.2843941811343674,0.0280331350418263,0.935701695682909
chirp,noise_burst,3,91,UNet,0.3382616511453786,0.1856198366367034,0.1837735418364434,0.2800549491104515,0.0681509450674394,0.9524224286453336
chirp,noise_burst,3,91,DSSRR,0.5637657315302653,0.333812830265537,0.2472112464723898,0.3448781965756821,0.1525136497913271,0.966480157207206
chirp,noise_burst,4,50,Linear,0.4736554109431595,0.3660733406888946,0.5589604627504234,0.1457388991336839,0.3096168920319391,0.7199118353810141
chirp,noise_burst,4,50,CubicSpline,0.4762601637236329,0.3683084052174196,0.5277660768145452,0.1422875052689739,0.2852610857218933,0.7253414599635954
chirp,noise_burst,4,50,FFT,0.3567734049749878,0.2395989093639816,0.537426217103096,0.3793278318249242,0.1995070829967589,0.8224783392141334
chirp,noise_burst,4,50,SSA,0.4681548777445531,0.3431328342698227,0.4099563102777808,0.1301515863717179,0.0712972390791775,0.3978157257729437
chirp,noise_burst,4,50,UNet,0.3061860218211955,0.2412807308662491,0.3503647812191159,0.3635106441693986,0.2479765808704392,0.5229260567944408
chirp,noise_burst,4,50,DSSRR,0.7084648437596719,0.3124887745249905,0.2615917771987347,0.2981616954293351,0.3255330123960271,0.96676902088103
chirp,noise_burst,5,77,Linear,0.6655075722057885,0.4050306564925112,0.5788676592877153,0.3590641095859167,0.232076156195462,0.0021134626181017
chirp,noise_burst,5,77,CubicSpline,0.6777974272987884,0.3833477793684293,0.5948569995194489,0.3377224129897777,0.2027044112047178,0.0021133083046799
chirp,noise_burst,5,77,FFT,0.5344187617923128,0.454850781035459,0.5078955017779362,0.7137935098553615,0.0535074317046063,0.0057422152880624
chirp,noise_burst,5,77,SSA,0.5863721225686546,0.3999902413430724,0.4287148986441876,0.3986649644664519,0.2144176043189374,0.1400152881366491
chirp,noise_burst,5,77,UNet,0.4782152368818626,0.3557698851765686,0.3673749967335038,0.5588024125551917,0.3012472996784259,0.8142754524758659
chirp,noise_burst,5,77,DSSRR,0.8163990988161676,0.3707143627709044,0.3355051527169524,0.4261790091150042,0.4863178315521898,0.9036068398127292
chirp,step,0,336,Linear,0.5629945255273633,0.4544919396238312,0.6195052315627502,0.2327323286697837,0.1880926345586545,0.0003478882646581
chirp,step,0,336,CubicSpline,0.5645490326126189,0.4561882479521586,0.5943731419562341,0.2303592366032407,0.1462035184295997,0.0003909403851184
chirp,step,0,336,FFT,0.3909030547452261,0.2492892849998059,0.3056447444244404,0.3911884136479249,0.1956545781226454,0.6169844081713549
chirp,step,0,336,SSA,0.4330208742266475,0.3305103361285211,0.402358695249402,0.5163983143382685,0.249605921974879,0.4872890181843191
chirp,step,0,336,UNet,0.4632958789425613,0.3784468181558125,0.4140691495583832,0.4051484683729794,0.1444738902078717,0.0015332049755097
chirp,step,0,336,DSSRR,0.6866268261942811,0.3297261957712556,0.3843862794191184,0.4246411733009443,0.5774465681490213,0.6076545464199484
chirp,step,1,136,Linear,0.7041247484440225,0.5473056401337316,0.5662430829578523,0.1113564729643472,0.2129138478335146,0.0614947735418232
chirp,step,1,136,CubicSpline,0.7007793030308647,0.5490897548926009,0.4958225827191613,0.1154157251532657,0.1083963056162465,0.0683289475605427
chirp,step,1,136,FFT,0.1794979531462636,0.0278836204062581,0.0555385987621108,0.0379747805051238,0.015256669203542,0.9990391549914774
chirp,step,1,136,SSA,0.7035775593810936,0.5422295954705274,0.5314705256000021,0.1092815429880783,0.0604993059835949,0.0620826343786932
chirp,step,1,136,UNet,0.4715642623059785,0.3824124031712825,0.3763367274727471,0.4256119071565651,0.0811734272854963,0.107781059142547
chirp,step,1,136,DSSRR,0.8133997953435004,0.3274573489483791,0.2905922279497543,0.4637980169028992,0.3294611813812504,0.9554317200364764
chirp,step,2,206,Linear,0.5556362212448325,0.1500996322236884,0.5612919403271044,0.1859814779444297,0.2033929492409712,0.0007087121893791
chirp,step,2,206,CubicSpline,0.494837874009474,0.1754511018192874,0.5104585816194921,0.3222976784054293,0.1318144271825759,0.0010093319202662
chirp,step,2,206,FFT,0.3447921639719422,0.0292285223465443,0.2658219632469173,0.0423341037595229,0.0281192802856343,0.9569464462774318
chirp,step,2,206,SSA,0.5420308395418622,0.1451173617235133,0.560621299453874,0.1973864160553588,0.199695716432766,0.0008304181556881
chirp,step,2,206,UNet,0.4247544419493227,0.2945076881687487,0.3858029568082557,0.4523343651279385,0.1452772240477952,0.0311573363595036
chirp,step,2,206,DSSRR,0.6989403940894275,0.3176467460463917,0.3840765282967076,0.3263955176484157,0.4845728153326788,0.2922790852212133
chirp,step,3,322,Linear,0.5376098510692171,0.4283310651579877,0.6518072417063321,0.2954350906840683,0.1826180231223993,0.0003164563499916
chirp,step,3,322,CubicSpline,0.5377076101755316,0.4259379601783246,0.6753191898533871,0.295267975794631,0.1651608542614228,0.0003242964420168
chirp,step,3,322,FFT,0.4396693617035115,0.3701635768255297,0.5145859817167734,0.5753180485514879,0.2471637133173127,0.0006812692097627
chirp,step,3,322,SSA,0.4301557573055999,0.3537708975395039,0.3818721231504359,0.5540772131641333,0.2404121851208072,0.8007389351400328
chirp,step,3,322,UNet,0.4329769492072885,0.3636283128697434,0.4404205062316862,0.5637638428792513,0.0661006585790973,0.0132192717943886
chirp,step,3,322,DSSRR,0.5563979726125631,0.3316679471221914,0.423417304877341,0.4276878254424178,0.6067273968973816,0.2219992176170133
chirp,step,4,373,Linear,0.5944231448688381,0.4248644980508057,0.6445797644110819,0.1947192377932573,0.1839688508602925,0.0001861423102794
chirp,step,4,373,CubicSpline,0.6500430426590361,0.4992013927082553,0.6197196619731072,0.1159630126810357,0.1437001220608653,0.0001882074481888
chirp,step,4,373,FFT,0.4363801537351043,0.3679707620443116,0.4876899736890807,0.5765543666120008,0.247442253258321,0.0008591759752224
chirp,step,4,373,SSA,0.542222219438498,0.248124870581072,0.4504691806153613,0.3993641805160202,0.1908122533529517,0.1687885198934189
chirp,step,4,373,UNet,0.4351644980256927,0.3376584459592693,0.4682429112860884,0.5212263254818188,0.1163400322234069,0.0008515401551744
chirp,step,4,373,DSSRR,0.4828374269776436,0.3131949102625667,0.3408651369519433,0.410975720845287,0.3763303387850187,0.91379205038337
chirp,step,5,203,Linear,0.4179046255966261,0.2703396347168432,0.5618191249432322,0.4103123344061455,0.2001363823005149,0.0009770082266007
chirp,step,5,203,CubicSpline,0.4098347288629429,0.2731686705095906,0.5325502073376409,0.4241560458455761,0.1670196748719683,0.0010143829083744
chirp,step,5,203,FFT,0.4032120418462032,0.315420792534097,0.4166562404870688,0.4908288258424814,0.1760150120030388,0.0009270765490507
chirp,step,5,203,SSA,0.3837008316300309,0.3111540599708697,0.3758475869455435,0.4844496285611911,0.2450641936776953,0.0131363474206395
chirp,step,5,203,UNet,0.3843076613196157,0.3241996520054888,0.3600666670912449,0.5061310283135797,0.3367105647520994,0.1813985756578825
chirp,step,5,203,DSSRR,0.656865201167545,0.3446668755143593,0.3891085676738248,0.3512497156343854,0.4613118342940256,0.1991281308623172
chirp,saturation,0,327,Linear,0.6008864268818388,0.4726123772112747,0.6520233301470356,0.1940306792697464,0.184564163948288,0.0010908050678632
chirp,saturation,0,327,CubicSpline,0.6138303145635899,0.4878286958966161,0.629313258329936,0.1754553644142277,0.1524775298511963,0.0011477491393337
chirp,saturation,0,327,FFT,0.5074769418419989,0.0297311991171628,0.4030681501229806,0.0361004090139084,0.0105646004129605,0.9035342220386392
chirp,saturation,0,327,SSA,0.454530711879089,0.3269338862821646,0.4828132787028181,0.509630568761333,0.253183658065555,0.2988166269025487
chirp,saturation,0,327,UNet,0.4360074494788119,0.3602748669023798,0.4462897350714759,0.5111027418665045,0.236165559138693,0.0620979678780233
chirp,saturation,0,327,DSSRR,0.5819408693292604,0.3308980884637687,0.4263991632848929,0.4108790655543172,0.600613503638844,0.5857844350814534
chirp,saturation,1,261,Linear,0.5807024340453651,0.420184272950188,0.5964138711164276,0.1327128308282794,0.1991016973773251,0.0030350195596906
chirp,saturation,1,261,CubicSpline,0.5766060645802341,0.4266239499864205,0.4980509095792638,0.1386541424309687,0.1005939815334487,0.0043273165511802
chirp,saturation,1,261,FFT,0.7404070960457089,0.0620272758014994,0.3302244582301459,0.0975393011026999,0.0330552830807185,0.947538735000247
chirp,saturation,1,261,SSA,0.5412958530602625,0.3877154085085009,0.5533416284734642,0.1788771041108407,0.0391778312738849,0.0639601582514501
chirp,saturation,1,261,UNet,0.435966634158146,0.2954684624942518,0.4617759393993382,0.342854846940007,0.0825116404239378,0.0086947184991389
chirp,saturation,1,261,DSSRR,0.6053359430921696,0.3306391277886406,0.3733507020819567,0.4476037067619249,0.6328453613531646,0.3774121814923901
chirp,saturation,2,376,Linear,0.6961483540921198,0.558108548871348,0.6144756743065759,0.1220921542998778,0.1934591474399019,0.0004974634164356
chirp,saturation,2,376,CubicSpline,0.7098442370095238,0.5746759273568658,0.5879870905730746,0.1150655142390807,0.1597839422445927,0.0005161351567493
chirp,saturation,2,376,FFT,0.4510321648430629,0.3013981195769578,0.4865094614670449,0.4722010726734769,0.1065389241560284,0.2763387321539658
chirp,saturation,2,376,SSA,0.5877703320788257,0.2532609096179975,0.4033360082392174,0.4133430400614546,0.1980401301080721,0.1681344834709205
chirp,saturation,2,376,UNet,0.4586291952861764,0.376256631424932,0.3909004795455599,0.4884835302988034,0.0900676700237386,0.0005962218239893
chirp,saturation,2,376,DSSRR,0.5077488452961854,0.3321688878005538,0.2889183403068593,0.4690237311277542,0.3711136376150262,0.7477368198024599
chirp,saturation,3,103,Linear,0.5648216891209393,0.1774617064534701,0.5701783611194579,0.2238375021121645,0.2238467483129418,0.0013013191748274
chirp,saturation,3,103,CubicSpline,0.5365989078251893,0.2360950166487847,0.5239817920499447,0.2845744258575056,0.1499602114219481,0.0015748494087891
chirp,saturation,3,103,FFT,0.4238798904434804,0.3529017546293926,0.4699877057668301,0.5527296490849655,0.0621733255654064,0.0094990542619676
chirp,saturation,3,103,SSA,0.5387832731045047,0.175976465019955,0.5849124750550838,0.2142302094026761,0.0664654380751006,0.0038950764385364
chirp,saturation,3,103,UNet,0.4007953458323791,0.2990671488362453,0.366276992244684,0.4739913463189606,0.3328759905022556,0.4444241966703592
chirp,saturation,3,103,DSSRR,0.563846239292591,0.3258820334304464,0.2956839465481837,0.4227764603489225,0.4280044546289808,0.9508394637510964
chirp,saturation,4,283,Linear,0.5026278453468802,0.251914733610173,0.637778353231392,0.3852468540105008,0.1812323922632609,0.0095000840636223
chirp,saturation,4,283,CubicSpline,0.4882403352481179,0.2581027030867345,0.618377241283493,0.3979000678743408,0.1440856646524547,0.0098771486742999
chirp,saturation,4,283,FFT,0.7270732535170407,0.0504472324733634,0.4915836637874173,0.034213900839354,0.0005017280906724,0.8456411811366548
chirp,saturation,4,283,SSA,0.4992506027517166,0.2541267946222994,0.6294677255560299,0.3941622147435517,0.1701433282234058,0.0094343250210351
chirp,saturation,4,283,UNet,0.4594273636734849,0.302146691152827,0.5526038106201497,0.4812911870075964,0.0747005891747515,0.080690309297979
chirp,saturation,4,283,DSSRR,0.6166145784420758,0.3447702121746335,0.4303762651433983,0.4221018670585711,0.6197053955037048,0.1586641549738178
chirp,saturation,5,261,Linear,0.5233802264336485,0.1347189932259695,0.6166168871735462,0.2603248218109841,0.1841414413948384,0.00039661930752
chirp,saturation,5,261,CubicSpline,0.5453309432583536,0.2161077563754433,0.5981883922397269,0.215445536520819,0.1588117160205999,0.000407962717392
chirp,saturation,5,261,FFT,0.4340747553285619,0.3563721150188975,0.4636714252524813,0.554650544793949,0.200596144728999,0.0006917668867466
chirp,saturation,5,261,SSA,0.4129415131983325,0.3384284707245308,0.387240012544545,0.5270130354885136,0.2922848896720139,0.6206242204755901
chirp,saturation,5,261,UNet,0.4318503884546128,0.3110691264063854,0.4770099710511972,0.4850899113537201,0.061484461473373,0.0015606330150159
chirp,saturation,5,261,DSSRR,0.6810969541907896,0.3351956091144136,0.4253188991701193,0.4658572565399354,0.6122502490490441,0.2619482984736985
coda,spike,0,1,Linear,0.0169981795896575,0.0169981795896575,,,,
coda,spike,0,1,CubicSpline,0.0055941444807001,0.0055941444807001,,,,
coda,spike,0,1,FFT,0.1705451007858994,0.1705451007858994,,,,
coda,spike,0,1,SSA,0.0094778380942499,0.0094778380942499,,,,
coda,spike,0,1,UNet,0.1163377308051783,0.1163377308051783,,,,
coda,spike,0,1,DSSRR,0.1656277955274779,0.1656277955274779,,,,
coda,spike,1,1,Linear,0.02525663473194,0.02525663473194,,,,
coda,spike,1,1,CubicSpline,0.0043845142559195,0.0043845142559195,,,,
coda,spike,1,1,FFT,0.2465179450555341,0.2465179450555341,,,,
coda,spike,1,1,SSA,0.0442774678173238,0.0442774678173238,,,,
coda,spike,1,1,UNet,0.0714177142346244,0.0714177142346244,,,,
coda,spike,1,1,DSSRR,0.2499514867102761,0.2499514867102761,,,,
coda,spike,2,1,Linear,0.0145257771464134,0.0145257771464134,,,,
coda,spike,2,1,CubicSpline,0.0038995059649215,0.0038995059649215,,,,
coda,spike,2,1,FFT,0.2245092536380531,0.2245092536380531,,,,
coda,spike,2,1,SSA,0.0135718821333307,0.0135718821333307,,,,
coda,spike,2,1,UNet,0.0741384720123442,0.0741384720123442,,,,
coda,spike,2,1,DSSRR,0.2122880125724641,0.2122880125724641,,,,
coda,spike,3,1,Linear,0.1087547044971802,0.1087547044971802,,,,
coda,spike,3,1,CubicSpline,0.089571960248882,0.089571960248882,,,,
coda,spike,3,1,FFT,0.5984235835833226,0.5984235835833226,,,,
coda,spike,3,1,SSA,0.090885356186113,0.090885356186113,,,,
coda,spike,3,1,UNet,0.0665062410968261,0.0665062410968261,,,,
coda,spike,3,1,DSSRR,0.6204523103100342,0.6204523103100342,,,,
coda,spike,4,1,Linear,0.0292659626214507,0.0292659626214507,,,,
coda,spike,4,1,CubicSpline,0.0126582822661902,0.0126582822661902,,,,
coda,spike,4,1,FFT,0.0707699123306517,0.0707699123306517,,,,
coda,spike,4,1,SSA,0.0157837945174084,0.0157837945174084,,,,
coda,spike,4,1,UNet,0.0730160147127563,0.0730160147127563,,,,
coda,spike,4,1,DSSRR,0.059884372335965,0.059884372335965,,,,
coda,spike,5,1,Linear,0.3023994150248015,0.3023994150248015,,,,
coda,spike,5,1,CubicSpline,0.2979210120474824,0.2979210120474824,,,,
coda,spike,5,1,FFT,2.12924621670771,2.12924621670771,,,,
coda,spike,5,1,SSA,0.1505291221108213,0.1505291221108213,,,,
coda,spike,5,1,UNet,0.0984766701686434,0.0984766701686434,,,,
coda,spike,5,1,DSSRR,3.103565237902408,3.103565237902408,,,,
coda,dropout_short,0,169,Linear,0.4694679496134035,0.2195072213914487,0.4266437977800358,0.3049376769214911,0.5187736713217475,0.0762216071468971
coda,dropout_short,0,169,CubicSpline,0.5107366283133696,0.3172884222443231,0.3978486035814276,0.2319152295472326,0.4750219843095296,0.0771487151403339
coda,dropout_short,0,169,FFT,0.4071422912740707,0.1965961082841591,0.2511871126494187,0.3133685551176222,0.2309608241557563,0.1865046634461993
coda,dropout_short,0,169,SSA,0.4249784458148064,0.2687862254569181,0.2697676073411554,0.4193665270787209,0.1189258886494832,0.2952968479465061
coda,dropout_short,0,169,UNet,0.4240310947171654,0.2699371160489058,0.23653588664844,0.4214047621816953,0.2432468688744492,0.113572921241208
coda,dropout_short,0,169,DSSRR,0.5611330512906729,0.2390165096017103,0.1623132945864387,0.2016502247378938,0.2308905636270823,0.5090057101188072
coda,dropout_short,1,51,Linear,0.0728662660468621,0.0448901919725256,0.424074738279383,0.0083009457858599,0.471377100054942,0.6419154410128692
coda,dropout_short,1,51,CubicSpline,0.0618715332803813,0.0230171921463651,0.3948994993915016,0.0179391459066521,0.4829739603831233,0.6419162509994422
coda,dropout_short,1,51,FFT,0.075523091377299,0.0188498230412898,0.3811282406892835,0.0220304590516521,0.3172276956618762,0.7497511707451969
coda,dropout_short,1,51,SSA,0.0669572777120156,0.0385235179423863,0.4058222376183018,0.0080071437881159,0.1255103046399582,0.7663123996939825
coda,dropout_short,1,51,UNet,0.0553768036411423,0.0269392111604128,0.2830834931375453,0.0298489143912544,0.1964328986571787,0.7529042421271122
coda,dropout_short,1,51,DSSRR,0.0513137971566055,0.0392394956613307,0.2559294181260606,0.0606653606345362,0.5808010113435719,0.0
coda,dropout_short,2,91,Linear,0.0411189542452133,0.015441311996255,0.4652660965216156,0.0262108044813472,0.4213965070548809,0.0941987396491013
coda,dropout_short,2,91,CubicSpline,0.0399245074214852,0.0181617287994881,0.4327756780118907,0.0305032036700396,0.3809769097505409,0.0940025222885496
coda,dropout_short,2,91,FFT,0.042473753925301,0.0099181884393723,0.3308836298249392,0.0135140294487815,0.1327761306780903,0.2407849977044884
coda,dropout_short,2,91,SSA,0.0399348198473528,0.0172443805306665,0.4099742286268217,0.028729048212077,0.1172517101083172,0.1572344589056019
coda,dropout_short,2,91,UNet,0.0389631806554251,0.0249492849965378,0.2007266665916253,0.0376209697356018,0.0732726606401573,0.4141292542137337
coda,dropout_short,2,91,DSSRR,0.0374757340617184,0.0301276096604327,0.2369492130748396,0.0470038447513543,0.4980895009882969,0.0
coda,dropout_short,3,128,Linear,0.021439246474145,0.0161726793214698,0.4301687482336781,0.0257071315599574,0.588637708751168,0.3370850880986814
coda,dropout_short,3,128,CubicSpline,0.021466538603931,0.0163389305831805,0.3885954498058191,0.0254111127547255,0.5573286217831441,0.339743365158809
coda,dropout_short,3,128,FFT,0.0265256914625586,0.0059966703379971,0.2580239437278862,0.0092259905012632,0.3468325578313438,0.4901585232159918
coda,dropout_short,3,128,SSA,0.0208967737767004,0.0145430023780499,0.1513333648520529,0.0229324420039037,0.2431908462192409,0.3196558826196384
coda,dropout_short,3,128,UNet,0.0203677696217345,0.014418105103211,0.1115525795038806,0.0222180214836268,0.2212471559955267,0.3235331735259674
coda,dropout_short,3,128,DSSRR,0.0214024505776031,0.0168151495508347,0.1610754358570972,0.0266484597553536,0.6541710982844321,0.0
coda,dropout_short,4,176,Linear,0.2332481887930363,0.1504474779380693,0.4085342391983925,0.1541393780704486,0.5880664845235283,0.3034006357444205
coda,dropout_short,4,176,CubicSpline,0.2296993524118862,0.1607783134559971,0.3136242124556304,0.1611583131077966,0.4843618981635099,0.3151639170107254
coda,dropout_short,4,176,FFT,0.2527641210211437,0.0746110745838673,0.2133710664161353,0.1178847005943154,0.2742707490373568,0.6479325956481862
coda,dropout_short,4,176,SSA,0.221222967929019,0.1447147108933661,0.1929990654468135,0.2062736602981565,0.1478087342442242,0.63635043099851
coda,dropout_short,4,176,UNet,0.2122376620591741,0.1502179585997975,0.1242713036559168,0.237221989206024,0.0204634080829766,0.3869893384139868
coda,dropout_short,4,176,DSSRR,0.3682780685341542,0.1813876111928472,0.1337043809045577,0.1589786183899253,0.1773313275244133,0.8133708060203203
coda,dropout_short,5,114,Linear,0.523977125897886,0.4175561520467207,0.3301915993195605,0.0818939039498585,0.5744756418015385,0.302626185927302
coda,dropout_short,5,114,CubicSpline,0.7473675070543854,0.658070521264413,0.3030703590861799,0.2729116967137723,0.5365304961705774,0.3089504546003398
coda,dropout_short,5,114,FFT,0.4855104169196721,0.1604693243328231,0.1943168031032376,0.0716285551728363,0.2484340524891076,0.3765949923622322
coda,dropout_short,5,114,SSA,0.4883607002481484,0.3863568191121124,0.3255988725328958,0.0431321444306453,0.5006536296913293,0.3183513310526213
coda,dropout_short,5,114,UNet,0.3488528852608578,0.2559355389140569,0.1529319429582003,0.2181328877792177,0.1390250497031002,0.4305714595229052
coda,dropout_short,5,114,DSSRR,0.6495761793984074,0.232784766265914,0.1356518958169957,0.2232579708479593,0.0722708579175765,0.6520802054319984
coda,dropout_long,0,768,Linear,0.5799127101543097,0.4693671335928982,0.661141930719389,0.1012165651879729,0.6875893905754027,0.0171439134282376
coda,dropout_long,0,768,CubicSpline,0.5755788060800272,0.4719654016877221,0.49991529665757,0.1385528004879166,0.6063834364921963,0.0181810966021052
coda,dropout_long,0,768,FFT,0.3740222167856754,0.1609824972238574,0.1828384867839558,0.2547358199608452,0.1979977028717586,0.3854075916313523
coda,dropout_long,0,768,SSA,0.3562621404690082,0.2104624021917339,0.2424119210806478,0.3284539353471497,0.3175629846625383,0.4085565433728966
coda,dropout_long,0,768,UNet,0.3552875540841706,0.2325891431953969,0.3403197437428376,0.3161051017185807,0.4312724801202642,0.0199579992801118
coda,dropout_long,0,768,DSSRR,0.5435107387398456,0.2349617352254432,0.0945011436903264,0.1981541162984892,0.1418357334971818,0.7021783153788301
coda,dropout_long,1,879,Linear,0.0626805235041466,0.0470216593452794,0.6973928079875182,0.0631176892734277,0.6996580443076922,0.0671111050525294
coda,dropout_long,1,879,CubicSpline,0.0631759182287759,0.0477693146314658,0.6487252931554599,0.0610424714893962,0.6691797026660187,0.0677429218643437
coda,dropout_long,1,879,FFT,0.0763543590099366,0.0141792014850152,0.1863993208834423,0.0189388507036532,0.2253968248833507,0.4099522795876542
coda,dropout_long,1,879,SSA,0.0625876279271668,0.0412441380395986,0.2327145116087495,0.0651830344065256,0.3338867079016873,0.2815264959941961
coda,dropout_long,1,879,UNet,0.0613687655535441,0.0474779111248976,0.0968186198887227,0.0745058260617424,0.4270740593403773,0.0193742536032213
coda,dropout_long,1,879,DSSRR,0.0613555999158069,0.0486538727180414,0.1232027632693119,0.0769435429080049,0.7396331602736584,0.0
coda,dropout_long,2,954,Linear,1.119924256748467,0.7779909800515041,0.7162392223574312,0.0850299570452513,0.6958970901009347,0.0633787964063377
coda,dropout_long,2,954,CubicSpline,1.152371644100875,0.7758877758941388,0.7536031543386521,0.0934400783133706,0.6803764333273019,0.064765396373867
coda,dropout_long,2,954,FFT,0.806630529123682,0.3414820721868413,0.1661557489000316,0.5382527913373545,0.2058959458908409,0.4779288069842538
coda,dropout_long,2,954,SSA,0.9483855726025529,0.5832998768934589,0.4176396990641777,0.2782495488067621,0.3242279996658054,0.1911014088485606
coda,dropout_long,2,954,UNet,0.777436747350668,0.3274708651342101,0.7151191265310228,0.5248664158089675,0.6760364762920659,0.0642247658610416
coda,dropout_long,2,954,DSSRR,1.151246201957508,0.2695882672200557,0.0815407554191635,0.1994549401703872,0.0740052054081666,0.6571826136427202
coda,dropout_long,3,734,Linear,0.891369035549682,0.4233450843838444,0.6488502422887332,0.3028581694003517,0.6775072075283748,0.2252173524658131
coda,dropout_long,3,734,CubicSpline,0.7979423720674297,0.2783239182917935,0.5999611232616012,0.4200846365793649,0.6448895852640868,0.2263862441202348
coda,dropout_long,3,734,FFT,0.7491715133431534,0.357036588032471,0.1609453052037666,0.5402129490765357,0.2059340736736646,0.3263246670059915
coda,dropout_long,3,734,SSA,0.7365974976616413,0.4337349957082093,0.3389580002200807,0.675490175851598,0.3562525787705549,0.1526083884842174
coda,dropout_long,3,734,UNet,0.6992856530921857,0.4821031524288281,0.3519156636471972,0.7589807292988092,0.5368579710977608,0.250239590993646
coda,dropout_long,3,734,DSSRR,1.0982718513569545,0.2537964709086842,0.0841844983890724,0.1589539128363556,0.1093683708595104,0.6273870989011003
coda,dropout_long,4,857,Linear,0.7195291748486711,0.5670262175876593,0.6891915801066261,0.2588730088459521,0.7004786245469301,0.024300942543798
coda,dropout_long,4,857,CubicSpline,0.7199733632747491,0.5646659481233514,0.7256350892792333,0.2518217317820311,0.6793491363831701,0.0254104194749121
coda,dropout_long,4,857,FFT,0.5711117344345452,0.2607275927619757,0.1538833954988678,0.384232030146569,0.2010761243176199,0.6739349491497187
coda,dropout_long,4,857,SSA,0.5525099238925173,0.293870030714451,0.3186264884957419,0.4563824812345515,0.3771442158425969,0.4523983141614072
coda,dropout_long,4,857,UNet,0.5323575637809402,0.4069602573881285,0.2227140254656809,0.6003083277351776,0.4818978335591714,0.0320897041184518
coda,dropout_long,4,857,DSSRR,0.8742294545170963,0.2578149950864348,0.0879048805722302,0.2132552456421596,0.0943816244190304,0.7873137838166167
coda,dropout_long,5,586,Linear,1.2691927019101934,0.9594718802747254,0.5853517658763563,0.3044909138626854,0.6709829382258498,0.0266984255831618
coda,dropout_long,5,586,CubicSpline,1.4027643459708805,1.1330929599718125,0.5404569486163913,0.3579274408141571,0.6212074101235795,0.0271253857916462
coda,dropout_long,5,586,FFT,0.9512496504270264,0.3497110351442121,0.1756847293343487,0.524778169096165,0.2169678987982687,0.4909009138149183
coda,dropout_long,5,586,SSA,1.1330820802473656,0.7185345738211443,0.3056339777173396,0.3192497119643836,0.2691469718934733,0.2256712788897389
coda,dropout_long,5,586,UNet,0.884732692501885,0.4970051224716302,0.5519876617286426,0.7911156580918512,0.6161338329329084,0.0268453641533589
coda,dropout_long,5,586,DSSRR,1.3671947095637451,0.2903490565909878,0.1128768052678555,0.2635931569736917,0.0548503676397529,0.6384360093828678
coda,noise_burst,0,49,Linear,0.8404591143752091,0.6335956260766408,0.4345244208238092,0.1780942737391856,0.462779176955749,0.5624332042993101
coda,noise_burst,0,49,CubicSpline,0.9200405734914624,0.7267293496438338,0.4393049171992459,0.1875926429346364,0.4298916117019434,0.5649104781062465
coda,noise_burst,0,49,FFT,0.6417876508906682,0.3797668057565311,0.3319386480644576,0.6008620417320388,0.2472063174327272,0.6149987356758881
coda,noise_burst,0,49,SSA,0.8263938396830275,0.5890546469995528,0.4203995304089682,0.2144953898184304,0.1506740877910568,0.8669568825624874
coda,noise_burst,0,49,UNet,0.6051984261775449,0.3744685951380262,0.2082922162170599,0.5383097658780356,0.0255883169017109,0.6906600916678387
coda,noise_burst,0,49,DSSRR,0.906397601777508,0.3522991916916589,0.2021161318791401,0.2515725263058085,0.1894555799018845,0.9743649435567115
coda,noise_burst,1,57,Linear,0.2255393449938317,0.0851847407607691,0.454373826850563,0.1416654473962129,0.3813094539093257,0.215522592816509
coda,noise_burst,1,57,CubicSpline,0.2156055064621352,0.1144135336923742,0.4286690018557853,0.1290482812235195,0.3851892302738527,0.2182035713224537
coda,noise_burst,1,57,FFT,0.2178650395071031,0.1112526812881013,0.3789765869983433,0.1663439120354707,0.1322162850128808,0.3406000931855319
coda,noise_burst,1,57,SSA,0.2199972138226789,0.0842484704455732,0.369576690285294,0.1369095429598908,0.0312994533225613,0.4618004378930901
coda,noise_burst,1,57,UNet,0.2210497051584523,0.1203265250902355,0.2455061142303216,0.1918471356828475,0.1224554250474042,0.6875055684122974
coda,noise_burst,1,57,DSSRR,0.3454263585575464,0.1888326174556325,0.1610733852317155,0.2326406277053135,0.3215871853500308,0.8372037177568474
coda,noise_burst,2,82,Linear,0.0236786465546224,0.0200940746060628,0.4322250959994787,0.0091565480850657,0.5364883020250215,0.135820786722058
coda,noise_burst,2,82,CubicSpline,0.0236422688162582,0.0200543578393824,0.3896827564759397,0.0091457656936139,0.4865154712974943,0.0600573107171298
coda,noise_burst,2,82,FFT,0.026493027687211,0.0072581478136451,0.3171806413089106,0.0122279756569331,0.3110320813083894,0.5121485359910024
coda,noise_burst,2,82,SSA,0.0230930466217834,0.0171393758218488,0.2263403527816048,0.0058939700139155,0.2711023662096807,0.5751630200214247
coda,noise_burst,2,82,UNet,0.0148319722020094,0.0094161976583877,0.1571984722614605,0.0141790677762514,0.0445195694158125,0.5063203511287985
coda,noise_burst,2,82,DSSRR,0.014736429242331,0.0115721780845521,0.2014553493674201,0.0176790517813555,0.617126404923049,0.0
coda,noise_burst,3,61,Linear,0.2482192658969083,0.1471821763554993,0.3642439409003612,0.0198953842855567,0.4567037780019308,0.5364351463908125
coda,noise_burst,3,61,CubicSpline,0.3013487642651377,0.2153517749166897,0.3263764105010899,0.0559334946173372,0.454567552399392,0.5386845888991523
coda,noise_burst,3,61,FFT,0.178311741653046,0.1146505864499464,0.2079723549724004,0.138861092016959,0.2655460737132315,0.7129500861165492
coda,noise_burst,3,61,SSA,0.2350229576917947,0.1320700801591984,0.3374138039288858,0.0355166000815037,0.1682772835864319,0.622614876503285
coda,noise_burst,3,61,UNet,0.1858096831427415,0.1204941765668341,0.1888856607992581,0.1754163368133376,0.0451281035419477,0.975094302057454
coda,noise_burst,3,61,DSSRR,0.1744951359811105,0.1466081755821893,0.2333871033534762,0.2223271870346901,0.552017542971932,0.0
coda,noise_burst,4,92,Linear,0.0195803846432514,0.0111699621451759,0.3321728015094276,0.0039140901506002,0.5506176141317711,0.6842834270329334
coda,noise_burst,4,92,CubicSpline,0.0211931999146523,0.010867792336975,0.3584405780079317,0.0021294269435245,0.5197628791167959,0.6921899782379579
coda,noise_burst,4,92,FFT,0.0365492643456142,0.0081863398831409,0.3817027890568863,0.0125515251379374,0.3576137673271954,0.5425378902222247
coda,noise_burst,4,92,SSA,0.0182540733470572,0.0100776803812454,0.3029049636519778,0.0059912094345131,0.3947751342754116,0.7110288413469763
coda,noise_burst,4,92,UNet,0.0190450412940954,0.0115045377341126,0.1310796171678432,0.01736778172259,0.0907599185571194,0.794337634610952
coda,noise_burst,4,92,DSSRR,0.0191928697382511,0.0148364319667485,0.1983157170029526,0.0236350742356778,0.6259971298799567,0.0
coda,noise_burst,5,91,Linear,0.3481735115136248,0.1940622096362174,0.4276633547678192,0.1427109800467067,0.5122208161234989,0.2404532097334406
coda,noise_burst,5,91,CubicSpline,0.398456860009404,0.2630525297916568,0.3960781810607057,0.0803663774610743,0.4935597016656182,0.2422646880522308
coda,noise_burst,5,91,FFT,0.448564450557356,0.2388790489305057,0.3213279695831791,0.1660046189510025,0.2784600429032922,0.5042627147773563
coda,noise_burst,5,91,SSA,0.3302355754617936,0.1904462527146885,0.3413109691488594,0.1537708998282625,0.1393848587799904,0.3412663485451959
coda,noise_burst,5,91,UNet,0.3192504436903318,0.208454299190238,0.1606439394156854,0.2818477355325408,0.0459616919539244,0.5974881866162667
coda,noise_burst,5,91,DSSRR,0.634014123690993,0.3192164612701327,0.1787829059923895,0.2302314931313443,0.1840378667856191,0.7896940230633647
coda,step,0,108,Linear,1.523363453937177,1.2425941459781802,0.4433419250085647,0.3388766753971503,0.5258459566400147,0.4358214162070276
coda,step,0,108,CubicSpline,1.6478655504739466,1.3903775599380004,0.4049275902334883,0.3974817363978354,0.4977397369266991,0.43911300337455
coda,step,0,108,FFT,1.1354781117567332,0.3485098728124476,0.2749915572908869,0.5005256750220217,0.2003472499699025,0.7162338232082033
coda,step,0,108,SSA,1.478178749215029,1.1925859643200454,0.3740609188799993,0.3363488005435568,0.1370030745486622,0.5537199132752613
coda,step,0,108,UNet,1.0235929209750012,0.6388030800392475,0.197333617511017,0.8762264178980328,0.1809472632274583,0.4843336470961578
coda,step,0,108,DSSRR,2.0856873028193563,0.6780817459201459,0.2126083032857294,0.9845742680299138,0.0664387298625914,0.8517213620803131
coda,step,1,130,Linear,0.0640411770596605,0.0539629902140388,0.4211629911104368,0.040970416671563,0.5339870738298483,0.1223427661250361
coda,step,1,130,CubicSpline,0.0630846121915826,0.052960411439032,0.3806190789499514,0.042636551435862,0.4780324400962924,0.1263058302507706
coda,step,1,130,FFT,0.0651464932187384,0.0186601968451194,0.2675473927227784,0.0219698782616501,0.2729026486161103,0.3856067662228011
coda,step,1,130,SSA,0.0636601466064445,0.0510770436913353,0.1334969681471079,0.0420473373459397,0.1057345570280418,0.203927199263184
coda,step,1,130,UNet,0.0606626476154467,0.0408901454430084,0.1196713373738511,0.0545177131804956,0.0485545814561828,0.4478397382949321
coda,step,1,130,DSSRR,0.0550905599839742,0.0452599624864813,0.1593895388110616,0.0704350111870888,0.5994155516928027,0.0
coda,step,2,396,Linear,0.2604682747395,0.1559515203971704,0.4898007705006201,0.2064140741604179,0.6619818903839769,0.1454152501371345
coda,step,2,396,CubicSpline,0.2815171461057187,0.1917473487662184,0.45635872481718,0.1589296713028265,0.6236282579579608,0.1477001695487102
coda,step,2,396,FFT,0.3284111798725333,0.0631798242104397,0.1683316440438736,0.0958590167645607,0.2384401100580717,0.6871050762316567
coda,step,2,396,SSA,0.2667531682457115,0.1457029039162529,0.2001275742210264,0.2301770403387502,0.2618801813503447,0.571146042372684
coda,step,2,396,UNet,0.2480587918991665,0.1763082431853317,0.2434342200590064,0.2715543029576913,0.4095803080108516,0.1470346445511125
coda,step,2,396,DSSRR,0.3293685845136249,0.1893789258696989,0.0957873941351813,0.2229970929913834,0.1608375734450702,0.721549461285165
coda,step,3,365,Linear,0.0158314769371815,0.0082043674150562,0.47818520376322,0.0066955923027917,0.6503857308056196,0.0942071746481948
coda,step,3,365,CubicSpline,0.0187541055291094,0.0133328409577231,0.4464054386599702,0.0025483107221297,0.6118911567889421,0.095209674910318
coda,step,3,365,FFT,0.0408947645074957,0.0230492189831086,0.4921226550294526,0.0358883376272591,0.4361375372282219,0.2547817802835236
coda,step,3,365,SSA,0.0127889059862007,0.0081289425083022,0.1772549380372749,0.0130287344905488,0.233094696366845,0.50316939737858
coda,step,3,365,UNet,0.013390110314852,0.0078870332574252,0.3150630131820129,0.0124599908754729,0.4878451046004946,0.097478915454827
coda,step,3,365,DSSRR,0.0129545401728062,0.0103175654896257,0.1376666187976816,0.0164389900856391,0.6984654704327998,0.0
coda,step,4,239,Linear,0.032786838168596,0.0184403079312868,0.4464902143110959,0.0114196455221996,0.6282745034649025,0.3065720645776393
coda,step,4,239,CubicSpline,0.0386877502643533,0.0274296757241041,0.4075322021341316,0.0068632139847278,0.5846735631578087,0.3072658118992451
coda,step,4,239,FFT,0.0315858884897092,0.0087824461239456,0.2312372651111248,0.0116267260668064,0.3184464035414391,0.5060549900539133
coda,step,4,239,SSA,0.0274115535862664,0.0159686241607746,0.1065687538596311,0.0248075215581738,0.1296840723220462,0.7325500819855083
coda,step,4,239,UNet,0.0272359828430486,0.0149792274363319,0.2626939594695027,0.0221656379486591,0.4287878218204036,0.3095477145423473
coda,step,4,239,DSSRR,0.0263431577384849,0.0208178915075786,0.1302222341798255,0.0328690790652476,0.6819902845989153,0.0
coda,step,5,276,Linear,0.3524226932829059,0.2872850356162227,0.4469572332568509,0.0852401988014482,0.6481411670246594,0.5119612134569178
coda,step,5,276,CubicSpline,0.3829720713822572,0.3237852596135822,0.4073631188313956,0.1113869724381466,0.604122572336932,0.5223908774896491
coda,step,5,276,FFT,0.2387708898435463,0.0474673966730289,0.1953234728202947,0.0558063869898538,0.2558302632197619,0.5252999299486742
coda,step,5,276,SSA,0.2168774108129485,0.0982804005941349,0.1250199253486515,0.1440873326518713,0.1355812079681265,0.6792867263124588
coda,step,5,276,UNet,0.2358401525310647,0.1712726015149177,0.1362966954188342,0.1040617439438955,0.300114668094173,0.2581999018184767
coda,step,5,276,DSSRR,0.2380736970277643,0.1639735046052887,0.0989520159928953,0.1968252470998679,0.1209544125671878,0.8405456756475609
coda,saturation,0,292,Linear,0.0362277135546525,0.0056443333683389,0.449322205625171,0.0079777401378923,0.6335220315678352,0.2798264612301394
coda,saturation,0,292,CubicSpline,0.037506578624284,0.0115372333287691,0.4344882993419675,0.0055079508614296,0.6046508691492559,0.2825836264081548
coda,saturation,0,292,FFT,0.0310003079956202,0.0081829261333894,0.2255124782489228,0.0108528858326281,0.2317174004053259,0.3323933825771043
coda,saturation,0,292,SSA,0.0256743173377296,0.0154332723176864,0.1616427344202211,0.0238281909901142,0.2074295864032629,0.6039588489161192
coda,saturation,0,292,UNet,0.02757813835698,0.0151039779069641,0.2541351397725477,0.0232308427393632,0.4946892919325028,0.298831531098246
coda,saturation,0,292,DSSRR,0.0250678738314713,0.0209520176124553,0.1293010955598086,0.0324504145853092,0.6842846365610716,0.0
coda,saturation,1,174,Linear,0.2207823686357942,0.1513210423131707,0.4130488573439496,0.2254082299868916,0.5787324175030162,0.2676083699396046
coda,saturation,1,174,CubicSpline,0.2213624962087531,0.1447864767634052,0.4333365551258056,0.2196567461521249,0.5614935433821736,0.2701771080416447
coda,saturation,1,174,FFT,0.2756488871067586,0.060857142401245,0.199478282447173,0.0953007332123674,0.3018430837923891,0.2594645242159708
coda,saturation,1,174,SSA,0.2182816919493647,0.1425623007164028,0.1381769119201814,0.2196579138315333,0.2261738174486823,0.3808700676413479
coda,saturation,1,174,UNet,0.2116699199085769,0.1618585120733803,0.1123282929734146,0.2446978524253398,0.0545913864591467,0.4364624438930848
coda,saturation,1,174,DSSRR,0.2621688060559,0.1845260717920019,0.1205000966525022,0.2188287094456669,0.6377681892883521,0.0
coda,saturation,2,308,Linear,0.4363996298451073,0.3566144847884486,0.4621784050739929,0.1207337498386922,0.6163501100451689,0.1536476628102898
coda,saturation,2,308,CubicSpline,0.4704739609290169,0.3957706658263151,0.4322862416094352,0.143879979364399,0.5775658012078171,0.1558960609438691
coda,saturation,2,308,FFT,0.3103504625271692,0.1060717534469265,0.1935358959483468,0.1394216230836467,0.2181991209631473,0.7144293689828898
coda,saturation,2,308,SSA,0.2692351963599956,0.160170348022908,0.1349949324740066,0.2458286589037175,0.0984003731132371,0.8446523587247287
coda,saturation,2,308,UNet,0.3016551491634113,0.2221270875113161,0.1256183215723467,0.1675702013333741,0.26873802330914,0.1066634300837026
coda,saturation,2,308,DSSRR,0.393348646989124,0.2029375670352088,0.1290255545670454,0.195131821209507,0.2223060327750269,0.7970973336151125
coda,saturation,3,179,Linear,0.1572640582575549,0.1226573682066705,0.4111135719812259,0.1022374850533082,0.5797122502925285,0.4387138432094336
coda,saturation,3,179,CubicSpline,0.1574524040641546,0.1221310556184698,0.4350898635384428,0.1020566642924754,0.551351438802692,0.4442859090830093
coda,saturation,3,179,FFT,0.1502449804376448,0.0581982691434996,0.1740677920508053,0.0899225618474523,0.213643451610101,0.6596144914739226
coda,saturation,3,179,SSA,0.139296231960815,0.0906933259081592,0.1662391552859585,0.1460471827296137,0.1529764447650742,0.3154873596790957
coda,saturation,3,179,UNet,0.1394842222981942,0.1023955132337652,0.1232696967400622,0.1423533906111522,0.0007721423451879,0.5156604822063978
coda,saturation,3,179,DSSRR,0.1371284388406571,0.1055497237158854,0.1557781029702281,0.1693465227720407,0.6383158270413172,0.0
coda,saturation,4,183,Linear,0.0332845402055014,0.022759137318358,0.4219840174954583,0.0338629812098484,0.5990099605659828,0.4941499199377244
coda,saturation,4,183,CubicSpline,0.0329630007190649,0.0225616331431733,0.4187673119135253,0.0350446439280653,0.5878027110391132,0.4951972591440485
coda,saturation,4,183,FFT,0.0396007207810931,0.0075608114009038,0.2167394413566381,0.012005404548732,0.2255001881703933,0.621988644251168
coda,saturation,4,183,SSA,0.0331450949165546,0.0219502754559866,0.1402126961502177,0.035204894613592,0.1114808314465675,0.7932872799818406
coda,saturation,4,183,UNet,0.03242341537912,0.0229996457480478,0.1272083305049155,0.0361994987618129,0.1918959766817102,0.4560952224466674
coda,saturation,4,183,DSSRR,0.032285837516895,0.0251679134400817,0.1472542122057316,0.0404136183713842,0.6571988038063312,0.0
coda,saturation,5,137,Linear,0.2261214222281355,0.1721050828889039,0.4283313707707953,0.0320465637911502,0.5292344293158265,0.2963731720492329
coda,saturation,5,137,CubicSpline,0.202460746835853,0.1371714933293203,0.3876814032320052,0.0545246304657548,0.474265010623157,0.3010419567283449
coda,saturation,5,137,FFT,0.197566795362526,0.0227847419722289,0.2076091213016012,0.0270102775793076,0.2010401683285167,0.7202537773275848
coda,saturation,5,137,SSA,0.208069707835764,0.1500688965243393,0.234353021388475,0.0359779035970553,0.1587651597427803,0.2693670859028151
coda,saturation,5,137,UNet,0.1581184534149815,0.1096297694243646,0.1659780925670115,0.1027533000839426,0.1239582319541091,0.3553630001021148
coda,saturation,5,137,DSSRR,0.1445178716251995,0.1226817780730302,0.1783609432912071,0.1882318648355262,0.593295860382123,0.0
transient,spike,0,1,Linear,0.0049328387075267,0.0049328387075267,,,,
transient,spike,0,1,CubicSpline,0.0016334880138097,0.0016334880138097,,,,
transient,spike,0,1,FFT,0.0200133345890274,0.0200133345890274,,,,
transient,spike,0,1,SSA,0.0004186747739472,0.0004186747739472,,,,
transient,spike,0,1,UNet,0.005157765665712,0.005157765665712,,,,
transient,spike,0,1,DSSRR,0.0181321122556307,0.0181321122556307,,,,
transient,spike,1,1,Linear,0.0101757954800664,0.0101757954800664,,,,
transient,spike,1,1,CubicSpline,0.0079981462138739,0.0079981462138739,,,,
transient,spike,1,1,FFT,0.0383802733713488,0.0383802733713488,,,,
transient,spike,1,1,SSA,0.0028594271625905,0.0028594271625905,,,,
transient,spike,1,1,UNet,0.1465846809044803,0.1465846809044803,,,,
transient,spike,1,1,DSSRR,0.0391908822163616,0.0391908822163616,,,,
transient,spike,2,1,Linear,0.0084604752439886,0.0084604752439886,,,,
transient,spike,2,1,CubicSpline,0.0061893970599038,0.0061893970599038,,,,
transient,spike,2,1,FFT,0.0780383709981103,0.0780383709981103,,,,
transient,spike,2,1,SSA,0.0005662599297384,0.0005662599297384,,,,
transient,spike,2,1,UNet,0.1642715857838343,0.1642715857838343,,,,
transient,spike,2,1,DSSRR,0.0742465333555888,0.0742465333555888,,,,
transient,spike,3,1,Linear,0.0823435576877121,0.0823435576877121,,,,
transient,spike,3,1,CubicSpline,0.0819417634467582,0.0819417634467582,,,,
transient,spike,3,1,FFT,0.1428364725814151,0.1428364725814151,,,,
transient,spike,3,1,SSA,0.0415895125980673,0.0415895125980673,,,,
transient,spike,3,1,UNet,0.2390508954379097,0.2390508954379097,,,,
transient,spike,3,1,DSSRR,0.1523734484765068,0.1523734484765068,,,,
transient,spike,4,1,Linear,0.0014050270841387,0.0014050270841387,,,,
transient,spike,4,1,CubicSpline,0.0002371925468377,0.0002371925468377,,,,
transient,spike,4,1,FFT,0.0149345235868298,0.0149345235868298,,,,
transient,spike,4,1,SSA,8.294901856943822e-05,8.294901856943822e-05,,,,
transient,spike,4,1,UNet,0.0074000693035576,0.0074000693035576,,,,
transient,spike,4,1,DSSRR,0.0150974815820607,0.0150974815820607,,,,
transient,spike,5,1,Linear,0.0019970950202479,0.0019970950202479,,,,
transient,spike,5,1,CubicSpline,0.0008593362431866,0.0008593362431866,,,,
transient,spike,5,1,FFT,0.0191107280366144,0.0191107280366144,,,,
transient,spike,5,1,SSA,0.0014442904711064,0.0014442904711064,,,,
transient,spike,5,1,UNet,0.0147951591107679,0.0147951591107679,,,,
transient,spike,5,1,DSSRR,0.0167586320358944,0.0167586320358944,,,,
transient,dropout_short,0,165,Linear,0.0208584174642739,0.0093960379215282,0.4236995650976747,0.0161793650498059,0.5995177390296322,0.5181794601620779
transient,dropout_short,0,165,CubicSpline,0.0206555177150785,0.0118753565388417,0.3483213477690827,0.0190262328435699,0.5143916079768931,0.5184430358617826
transient,dropout_short,0,165,FFT,0.0254613268119723,0.0051944406327459,0.2379806622364861,0.0074348586836427,0.2276779105511456,0.6933762995733699
transient,dropout_short,0,165,SSA,0.021078053241822,0.0120131312390655,0.2353923832929221,0.0190749970446406,0.271592791976702,0.3845777325261499
transient,dropout_short,0,165,UNet,0.0200919545269908,0.0138270125221706,0.199994938464071,0.0218166715291746,0.2600503728013289,0.4687961753173416
transient,dropout_short,0,165,DSSRR,0.0201449075170225,0.0160372573733967,0.1596935988786232,0.0253613216148315,0.6595261825649924,0.0
transient,dropout_short,1,104,Linear,0.4066603443231155,0.1811215683423774,0.4341026044155855,0.3022619486750997,0.5063361054463893,0.2691891015630277
transient,dropout_short,1,104,CubicSpline,0.4211176322982325,0.149690662348444,0.45618589365397,0.2530964559387899,0.4758386748809209,0.2736519269080497
transient,dropout_short,1,104,FFT,0.3892796188233774,0.2286699229344327,0.280400077818324,0.3423204151599097,0.2062727216990248,0.6255274703581303
transient,dropout_short,1,104,SSA,0.4304702737773945,0.257046294360854,0.1805397373149847,0.3950811825939236,0.0973237374759389,0.5631372457435955
transient,dropout_short,1,104,UNet,0.4019209019195418,0.2835004136182141,0.1448571635683135,0.4316580409211353,0.0343068245510095,0.6907437164210656
transient,dropout_short,1,104,DSSRR,0.6336969610998613,0.2628514643084327,0.1548306740933193,0.2165103018439208,0.1944091559559685,0.886423871871631
transient,dropout_short,2,74,Linear,0.0197175928105396,0.0162876598798423,0.3590992204687576,0.0085485422186212,0.4977491304956379,0.7274852911649737
transient,dropout_short,2,74,CubicSpline,0.0197502651381948,0.016237503690377,0.3808739780172572,0.0085244394627112,0.4868691437710841,0.7443523311525763
transient,dropout_short,2,74,FFT,0.0163679215457707,0.0039326185561797,0.2264418240922442,0.0041571136680234,0.2298668671362497,0.9051218625495466
transient,dropout_short,2,74,SSA,0.0182677303520069,0.0138981707213288,0.1968047020953982,0.0083124880162077,0.0452491251347326,0.6007998828201184
transient,dropout_short,2,74,UNet,0.0154607366010844,0.0108143600791027,0.1630611170887189,0.0139067841128392,0.0615399663607019,0.7858660521243446
transient,dropout_short,2,74,DSSRR,0.0156037662200489,0.0130354448648934,0.1962569091617073,0.0207293245253938,0.5827038638565081,0.0
transient,dropout_short,3,85,Linear,0.1056729526975824,0.0823671331765538,0.3892330118037761,0.0279690179677899,0.5158226282116637,0.5753477132618536
transient,dropout_short,3,85,CubicSpline,0.1146582339930807,0.0943858299863884,0.3517697525241333,0.0360658528845174,0.4968698541363322,0.5774439980199929
transient,dropout_short,3,85,FFT,0.0759112865799695,0.0320300354153319,0.3009031552402731,0.0341761269906175,0.2579640897574196,0.6781059189715999
transient,dropout_short,3,85,SSA,0.0989939214087439,0.0753756997334205,0.2800755753437399,0.0261055294828684,0.1400847273803026,0.6166464004833311
transient,dropout_short,3,85,UNet,0.1010586551509397,0.0249280545289941,0.1473233289311603,0.0284347981216112,0.1068236042089109,0.7857154645765849
transient,dropout_short,3,85,DSSRR,0.0664014034781699,0.0500065211443889,0.1955767573769388,0.0751714826570636,0.5946123851391846,0.0
transient,dropout_short,4,170,Linear,0.3143562452242706,0.2551000134209651,0.4313228450630369,0.3300728162716022,0.5696933483168679,0.2592139976460293
transient,dropout_short,4,170,CubicSpline,0.3139612308093154,0.2584923302238027,0.3183909589807612,0.3304828552404032,0.4528345425718355,0.2739627424370073
transient,dropout_short,4,170,FFT,0.3431315831077441,0.1237685277689188,0.2338169535738587,0.2030005706500286,0.3056018629165436,0.344556098546136
transient,dropout_short,4,170,SSA,0.3099360590133906,0.2135973788838513,0.2354176080505056,0.3394032447702567,0.1848340730862903,0.4919029067495817
transient,dropout_short,4,170,UNet,0.32351782829728,0.2289529581509067,0.1358992149352629,0.3496725187980418,0.0529714074255848,0.7415784533197973
transient,dropout_short,4,170,DSSRR,0.4633713793932816,0.2382353312735763,0.1316183349972692,0.2327136503494699,0.2623938268697868,0.719437802832928
transient,dropout_short,5,93,Linear,0.2885154059368515,0.2054441218683542,0.4022456075971686,0.2745606995790658,0.5761043854282355,0.3021880668017784
transient,dropout_short,5,93,CubicSpline,0.2928463810705023,0.2143897218923201,0.3596281835370344,0.2496239705753223,0.550810716549984,0.3051084088320855
transient,dropout_short,5,93,FFT,0.3476479961104322,0.1023220866849155,0.2399704145600363,0.1392305391619811,0.3208316954251347,0.4009307020125731
transient,dropout_short,5,93,SSA,0.3816100810171733,0.1289900910341388,0.2190481000770944,0.182540535268456,0.1982008418964914,0.5095198770151256
transient,dropout_short,5,93,UNet,0.3028915063078008,0.1783136194061139,0.1685833879342487,0.2642790828622886,0.1004416501579364,0.7735551889772121
transient,dropout_short,5,93,DSSRR,0.4381949401244958,0.2281640001174843,0.1309700507835016,0.1829316105095633,0.1027754981948871,0.8382273462182237
transient,dropout_long,0,905,Linear,0.0377961974421088,0.0210561379896357,0.7037796727257336,0.032332928956922,0.6941707454330417,0.0175795157548231
transient,dropout_long,0,905,CubicSpline,0.0383442850679867,0.0192180204431495,0.7405315232807321,0.0295779685811707,0.6732379567307196,0.0180915470201185
transient,dropout_long,0,905,FFT,0.0430184309101235,0.0119801517537909,0.1831901074022014,0.0176987189023422,0.2073113873728849,0.4722399686801615
transient,dropout_long,0,905,SSA,0.037339406367641,0.020943203858244,0.4212751666370652,0.0327858794025838,0.5233406202343271,0.2964137857696483
transient,dropout_long,0,905,UNet,0.0403317534684299,0.0199406929545523,0.1939978434146234,0.0286448625583868,0.4440142663359975,0.0010066332989008
transient,dropout_long,0,905,DSSRR,0.0356075421750387,0.0285762674794156,0.1236179200192483,0.0448103512710849,0.733910630324921,0.0
transient,dropout_long,1,768,Linear,0.0312762970869355,0.0182902006744119,0.6592612880440895,0.0100967512716263,0.7104478875515784,0.0455239721758893
transient,dropout_long,1,768,CubicSpline,0.0322395223650132,0.0180922242465408,0.6945374469811252,0.0082747163095448,0.6888205937054027,0.04667148160123
transient,dropout_long,1,768,FFT,0.0324446994289402,0.0038926386272094,0.22423336546163,0.0044271314209553,0.2473834246744723,0.5210502653160813
transient,dropout_long,1,768,SSA,0.0250768110740577,0.0148416218713554,0.2142781044113919,0.0236939173645759,0.2925639903702343,0.4409847448675866
transient,dropout_long,1,768,UNet,0.0241648237251321,0.0178428658872636,0.2257777030061077,0.0275631475624811,0.4756851890258724,0.041292704260291
transient,dropout_long,1,768,DSSRR,0.0240901642234112,0.019243182822609,0.1198215720051364,0.0305521921201481,0.7514418223007878,0.0
transient,dropout_long,2,934,Linear,0.0631764480065745,0.051004938465126,0.713106454903546,0.0271690957411642,0.68212027878398,0.0288220247964035
transient,dropout_long,2,934,CubicSpline,0.0651509907629648,0.0536461454425918,0.6653251697676323,0.0257465330350364,0.6351755525927192,0.0292586683175014
transient,dropout_long,2,934,FFT,0.0588009792695252,0.0151410266750618,0.1804160429575559,0.0231082377121572,0.1980309096073506,0.3224191402308894
transient,dropout_long,2,934,SSA,0.0505800540832316,0.0324618658527767,0.214521209114631,0.0507285663505445,0.3056713606053494,0.2337205409164363
transient,dropout_long,2,934,UNet,0.0524273534593957,0.0266834659457538,0.2885108140401352,0.0442889683031093,0.5374642077981612,0.0001816267155347
transient,dropout_long,2,934,DSSRR,0.0492320141376378,0.0391663870810398,0.1225805238095758,0.0614089261434798,0.7216342749825322,0.0
transient,dropout_long,3,589,Linear,0.0549488821959046,0.0408008236075963,0.5864870689354474,0.0497503934122755,0.6819099804038657,0.1377399651829389
transient,dropout_long,3,589,CubicSpline,0.0559041935588212,0.042205003281674,0.5399219251724484,0.0467897326605512,0.6497803366618166,0.1392670124186121
transient,dropout_long,3,589,FFT,0.0645702236486395,0.0218057117912699,0.154460100045835,0.0327009426014849,0.2369596307602382,0.6103829755124116
transient,dropout_long,3,589,SSA,0.0542365063246746,0.0329382567664871,0.2482942141263097,0.0507811190195284,0.2960703474436706,0.5065654676421344
transient,dropout_long,3,589,UNet,0.0586366800789698,0.0339723049889929,0.0957425863842538,0.0533155120815395,0.383305987320388,0.031340588358482
transient,dropout_long,3,589,DSSRR,0.0524639262761523,0.0427107426591748,0.1329948562171529,0.0661359682545327,0.7251550855840301,0.0
transient,dropout_long,4,889,Linear,0.0546869303599503,0.0446278982037136,0.699552736152457,0.0166163006052852,0.7100550213043391,0.0337226113452995
transient,dropout_long,4,889,CubicSpline,0.0547491097959672,0.0445363184154191,0.7363242919326448,0.015765868617821,0.6890581675223018,0.0345496639624947
transient,dropout_long,4,889,FFT,0.0432139122924655,0.0082342484341346,0.2161855121202553,0.0112251325128679,0.2357554879270278,0.4949714808618637
transient,dropout_long,4,889,SSA,0.0362888811530361,0.0216461746853414,0.2151000998474575,0.0348271515727785,0.3485956054902709,0.4460849279604085
transient,dropout_long,4,889,UNet,0.0451565947550668,0.0243597841268334,0.1001305121127226,0.0239207131133808,0.4559076012372263,0.0025075180379928
transient,dropout_long,4,889,DSSRR,0.0359484559962234,0.027493867651214,0.1167917552233684,0.0439935595552436,0.7499282534824718,0.0
transient,dropout_long,5,803,Linear,0.1198338793686886,0.0919109266553086,0.672057016430846,0.1184473102800533,0.6986875413381811,0.0578147758367208
transient,dropout_long,5,803,CubicSpline,0.1192348135895274,0.0914514236544205,0.6231561661561021,0.1214527045066648,0.6650720645032788,0.0581507000890942
transient,dropout_long,5,803,FFT,0.517481579530139,0.1518397559206928,0.1866055018575779,0.2265526670861839,0.2016319238836434,0.4774892236211857
transient,dropout_long,5,803,SSA,0.1263123707002521,0.0666713269641339,0.2710942393026156,0.1017450402769893,0.3264674913164221,0.338592732458105
transient,dropout_long,5,803,UNet,0.1175187803873764,0.0882310754613023,0.0872939369735838,0.1302160917946005,0.4269463372004491,0.0296346770812428
transient,dropout_long,5,803,DSSRR,0.7572630918359065,0.4771504782439261,0.0757958943756099,0.8061806747181327,0.0849051552505113,0.8228026326104398
transient,noise_burst,0,66,Linear,0.0086511620179256,0.0072491056625174,0.4051178604676899,0.0070544623367906,0.4568146861254324,0.4872364236261515
transient,noise_burst,0,66,CubicSpline,0.0086729123835503,0.0072113471154607,0.4235546416165927,0.0070506854343471,0.447716247669324,0.5878027156306058
transient,noise_burst,0,66,FFT,0.0111469519266691,0.001436648186943,0.357282445439723,0.0019836750155227,0.1951724773573557,0.828600550172356
transient,noise_burst,0,66,SSA,0.0082755808485082,0.0063056365514259,0.209504648709019,0.0068630660979786,0.091423245046813,0.4481433229345093
transient,noise_burst,0,66,UNet,0.0081373796137486,0.005646605943631,0.2166035698215176,0.0085593617552014,0.0609390173873298,0.7662070633852393
transient,noise_burst,0,66,DSSRR,0.0080316839971046,0.006603413078302,0.2367398421115889,0.0105673705825838,0.5476441527124947,0.0
transient,noise_burst,1,64,Linear,0.4761794802537132,0.2659122222746009,0.4331793141109196,0.317260205935199,0.4006389248972042,0.7665434636513276
transient,noise_burst,1,64,CubicSpline,0.4249056200500091,0.1831150044468514,0.4028242505223994,0.2963242439490414,0.3982463336075384,0.7682609592772556
transient,noise_burst,1,64,FFT,0.4484254826309052,0.2787182499485869,0.2651368306006863,0.2725569536084326,0.1924704831191543,0.9186583651925478
transient,noise_burst,1,64,SSA,0.4553147025501173,0.2594709686158313,0.2509853940611655,0.3915691276179705,0.0412439322554432,0.6172515296340118
transient,noise_burst,1,64,UNet,0.4223963722019503,0.259778908252143,0.1875545037302129,0.3569521094643246,0.0946927781591254,0.8351906800609891
transient,noise_burst,1,64,DSSRR,0.5162548434705448,0.252912691000334,0.2058041329736786,0.2256721454871299,0.2874545113463824,0.7647279349290098
transient,noise_burst,2,48,Linear,0.4474557014904412,0.15922808190818,0.4397449291894681,0.1603370410464273,0.3912353914196734,0.7401835528627885
transient,noise_burst,2,48,CubicSpline,0.5615340855640502,0.3660094047137772,0.4099456112594567,0.0693934269289343,0.4041937105767431,0.7409821041771225
transient,noise_burst,2,48,FFT,0.4223480529185014,0.2951540592236039,0.3395194294975862,0.3765082383143904,0.235821865054397,0.8190695373455071
transient,noise_burst,2,48,SSA,0.4072200919012659,0.2392094617916726,0.2719861578764052,0.3402459597284009,0.0466542284174633,0.7932456527187997
transient,noise_burst,2,48,UNet,0.4940516378926536,0.1784630332447477,0.239411188480307,0.2645240179629636,0.0235577516103039,0.79536137553168
transient,noise_burst,2,48,DSSRR,0.7696852149244745,0.3339153357833969,0.1983271295043663,0.2771778825840439,0.3172417428978478,0.9506415664389494
transient,noise_burst,3,39,Linear,0.1085723727170649,0.0647257011500626,0.3179889033989045,0.052828590017025,0.2985460936012177,0.8644918085220074
transient,noise_burst,3,39,CubicSpline,0.1025624655308106,0.0588329224162998,0.2735342389186643,0.0607084651057422,0.212180207085507,0.8642516431087836
transient,noise_burst,3,39,FFT,0.1407064649794892,0.0403619109369687,0.2806528088024941,0.017938919146052,0.0491954665127625,0.8792480485227296
transient,noise_burst,3,39,SSA,0.1097615356403173,0.0577749971490062,0.2216480183870629,0.0609221693024664,0.1195632456265926,0.9277870185972992
transient,noise_burst,3,39,UNet,0.1845894696002939,0.0838488408747563,0.2406310089366245,0.0693336431722539,0.197258377258126,0.9149033979376404
transient,noise_burst,3,39,DSSRR,0.5016448794791586,0.2524192249352865,0.2317951602398136,0.3842690094838047,0.3662055209464219,0.8329843461851821
transient,noise_burst,4,55,Linear,0.0677741903397384,0.056633411780242,0.5110566438646388,0.0812244562999503,0.3386384938228189,0.2626352972954894
transient,noise_burst,4,55,CubicSpline,0.0677723301729568,0.0566304189415119,0.4770753759559389,0.0814203554549689,0.3370045110001533,0.2667108077750291
transient,noise_burst,4,55,FFT,0.092525573520654,0.0168022867905383,0.4307501026452953,0.0088032079134656,0.0904687564588415,0.4635242281743418
transient,noise_burst,4,55,SSA,0.0753241452481005,0.0192338314074962,0.4025662845738993,0.0261330770556419,0.043840419567853,0.598384220685176
transient,noise_burst,4,55,UNet,0.1174216421235034,0.0360992004561178,0.3244206637412583,0.0485688020290533,0.1832999306541449,0.4893326449691244
transient,noise_burst,4,55,DSSRR,0.068129089061479,0.0566806354346025,0.3343349581256472,0.0890810181060289,0.4421891027714586,0.0
transient,noise_burst,5,62,Linear,0.5038854333870597,0.2387270044218882,0.4132854315029721,0.1083795698999399,0.5378799490045589,0.5465918759531547
transient,noise_burst,5,62,CubicSpline,0.4700338838207342,0.1234246971386905,0.4189382312584825,0.1177229318888746,0.5380909595990137,0.5483730036779725
transient,noise_burst,5,62,FFT,0.4956749690230788,0.145260952031914,0.2699166120831713,0.2008537613719977,0.3082672202501393,0.6677258498674843
transient,noise_burst,5,62,SSA,0.4734961423716102,0.1972417326539971,0.4114603798285119,0.147420260117799,0.3525928255763531,0.6275867324357711
transient,noise_burst,5,62,UNet,0.3988285729203935,0.2325898020231974,0.1189802569917189,0.3299762697924788,0.079590407502011,0.8642852074357632
transient,noise_burst,5,62,DSSRR,0.7212248524696667,0.2942393058467409,0.1523964777766621,0.2739047914175611,0.0333072479655265,0.8382010015795079
transient,step,0,198,Linear,0.0084563405344643,0.0062566357847129,0.4216967713441632,0.0065559617907472,0.6296643326094842,0.1775239993615729
transient,step,0,198,CubicSpline,0.0084366417082038,0.0063886984546019,0.3145233285364749,0.0065881928541766,0.5165128437051859,0.1910824919004111
transient,step,0,198,FFT,0.0095786355954339,0.001222903975934,0.2094117887156707,0.0018617596268606,0.2476760921588584,0.379236508303002
transient,step,0,198,SSA,0.008202665389937,0.0053126082920942,0.1592769866345513,0.0081911683255101,0.3473580628475236,0.2238522951807512
transient,step,0,198,UNet,0.0079353120885392,0.0056930994160029,0.1003800305395796,0.0087030149004098,0.1542959644718817,0.1458353619806907
transient,step,0,198,DSSRR,0.0078903243670439,0.0061852799832419,0.13394929798964,0.0095625295280194,0.6863484810431958,0.0
transient,step,1,259,Linear,2.257373022665077,1.422757829357964,0.4544317910250003,2.2409510338937366,0.7364520928465895,0.1610304945760297
transient,step,1,259,CubicSpline,2.2537845844041184,1.4664708251383256,0.3102034628347261,2.28564594990561,0.6360677340287465,0.1726286845311072
transient,step,1,259,FFT,2.255918037057393,1.392390490876709,0.2056503483496966,2.198601827122097,0.3986056083559035,0.1961597066788758
transient,step,1,259,SSA,2.2780223815334346,1.3078775943008265,0.1206959390145517,2.051877250598145,0.2605800084554637,0.459404060603696
transient,step,1,259,UNet,2.2512121670096032,1.4578032235450649,0.1195418266808751,2.3006781207590388,0.1386870361718827,0.4412484527152876
transient,step,1,259,DSSRR,2.3677368384679194,1.1244196371376145,0.1459232661714727,1.6384955919133417,0.0547973075441227,0.4880272812064692
transient,step,2,164,Linear,0.0116094002759012,0.0063066301097256,0.4360154567285934,0.0009676645199605,0.5311936712803144,0.1353315392928893
transient,step,2,164,CubicSpline,0.0123418721899212,0.0063022314363657,0.4575435908302821,0.0011841933315073,0.5025583654138595,0.1388024400200001
transient,step,2,164,FFT,0.0109086743120426,0.0016180962478319,0.2095505226413483,0.0011913910338111,0.1601048719341166,0.89005385482668
transient,step,2,164,SSA,0.009440330693387,0.004163756362133,0.363070274451206,0.0039193824842821,0.2505143808469248,0.1929066403800069
transient,step,2,164,UNet,0.0075329785703993,0.0053710300162637,0.1281189182871188,0.0085308496243955,0.0756692825793152,0.1812313387957108
transient,step,2,164,DSSRR,0.0079745552635459,0.0062316504622899,0.1604339385652722,0.0100383773564419,0.5912021181044422,0.0
transient,step,3,333,Linear,0.0176905899476009,0.0074746289437601,0.4669199728138788,0.0122962614038366,0.6515683182229952,0.4455831475482083
transient,step,3,333,CubicSpline,0.0179776226344098,0.0090821890764367,0.4342565618140176,0.0109249613334052,0.6194722248004988,0.4503208350641949
transient,step,3,333,FFT,0.0226970540921092,0.0013117278831472,0.216463594564308,0.0007526124163179,0.2194410155613673,0.514846119979189
transient,step,3,333,SSA,0.0179161059593123,0.0074779834023706,0.3156652777587908,0.0113699293007431,0.3583848411553104,0.1359530508545929
transient,step,3,333,UNet,0.0159375597856945,0.0112335076484575,0.188355569180623,0.017893380494393,0.4003984400600764,0.4393116487379748
transient,step,3,333,DSSRR,0.0159921557235846,0.0128280513488381,0.1422372764477966,0.0200451804881607,0.7007256894292037,0.0
transient,step,4,303,Linear,0.0770574307239977,0.0349156317353256,0.4656917837756937,0.0466966127906327,0.633630593174151,0.0585817967474852
transient,step,4,303,CubicSpline,0.0874915107577984,0.0573729741864702,0.4327057815736423,0.0284665080242381,0.6013110714734891,0.0593906901415491
transient,step,4,303,FFT,0.0835001185454468,0.0199401613006627,0.1861664198877486,0.028341310626961,0.2248369800415088,0.5557215271133394
transient,step,4,303,SSA,0.0782501874313833,0.0321195875855915,0.2178724151951541,0.0508624747020767,0.2204283721218389,0.3927068418307166
transient,step,4,303,UNet,0.0816484881350564,0.0407464344069989,0.1016341498398614,0.0556747744715789,0.2653863303011557,0.0583187183180134
transient,step,4,303,DSSRR,0.0700632002152495,0.0558620305239156,0.1334661030301857,0.0886729813132935,0.6840360931923245,0.0
transient,step,5,398,Linear,0.1271824873521143,0.1024665208371825,0.5020522917322742,0.0586848249236662,0.6041108938193328,0.025851226870057
transient,step,5,398,CubicSpline,0.1272303711070979,0.1020080501178305,0.5304339384109561,0.0579920514661563,0.586915405686799,0.026499392036627
transient,step,5,398,FFT,0.1266485970038218,0.0327409163896182,0.2227607692462494,0.0306418033959276,0.166472466699786,0.5227626362360872
transient,step,5,398,SSA,0.1004935705599724,0.0565445836710759,0.2128086600369582,0.0901586675763717,0.187767309605823,0.2051942493098448
transient,step,5,398,UNet,0.1136351284574669,0.0727726404260882,0.1343206176250063,0.0911740571190249,0.3448417070079144,0.0059114067903823
transient,step,5,398,DSSRR,0.934344254165531,0.572721588105051,0.1781480816683119,0.9865966989647492,0.0311735747107005,0.2634461976301208
transient,saturation,0,336,Linear,0.5169526995830058,0.3850984468333744,0.4571335931221204,0.2958950556219761,0.6470596971956115,0.12135046961797666
transient,saturation,0,336,CubicSpline,0.5037625919550844,0.3692353854413858,0.42309445802959356,0.31929259399624305,0.605459265929541,0.12181314102767904
transient,saturation,0,336,FFT,0.554855738860329,0.18424368844593644,0.20656330218532534,0.25785449290883006,0.2964258450361866,0.4770414648005833
transient,saturation,0,336,SSA,0.469938678969937,0.29178725389546933,0.1565768108859375,0.4563731584466568,0.1842249992178877,0.45873135483195276
transient,saturation,0,336,UNet,0.4679972514718779,0.3269668598784097,0.09933318594657484,0.4169639645892517,0.2743240723800921,0.12384910124972125
transient,saturation,0,336,DSSRR,0.7384463575098332,0.2397094482383433,0.10670099348128097,0.1754438592555384,0.14248011152378015,0.7544787493731709
transient,saturation,1,119,Linear,0.007370565910810225,0.004419036547099527,0.4013168273911952,0.0065909256378317415,0.518404269247195,0.6819552462369972
transient,saturation,1,119,CubicSpline,0.007340063153126744,0.004173386958743205,0.4232597660101735,0.006159916822214107,0.48816088811419506,0.6859747454227008
transient,saturation,1,119,FFT,0.008353835182607704,0.0028810260680973737,0.2781888712792358,0.0018802355618468183,0.20994749130916146,0.5808646809467773
transient,saturation,1,119,SSA,0.0073596063276339775,0.004459657420499648,0.36530625717373666,0.006673583584114423,0.3223252459623911,0.7023438019173337
transient,saturation,1,119,UNet,0.007478049680252654,0.005059238739725605,0.15841530238609705,0.007519977017681004,0.12810531106268008,0.7903341776044965
transient,saturation,1,119,DSSRR,0.00722988741602499,0.005420577669277995,0.19112291056628294,0.008577140637973619,0.5863834687855847,0.0
transient,saturation,2,373,Linear,0.00976401481155082,0.0063325638943924215,0.4770334461867315,0.006407762018153647,0.6305698298188501,0.06975492470965708
transient,saturation,2,373,CubicSpline,0.00984952981202843,0.006171054194360359,0.5069580267764665,0.006257238625969988,0.6060985534914981,0.07108396943931532
transient,saturation,2,373,FFT,0.011479927754895815,0.0026354388448684017,0.3057122312109031,0.000852145918861347,0.24457915737511443,0.44225730121949125
transient,saturation,2,373,SSA,0.008879065631150634,0.004998209227405252,0.23694273385141357,0.0078602199727166,0.31015942135042196,0.21262440237447697
transient,saturation,2,373,UNet,0.008582474657172058,0.006259966990163999,0.15365506711375143,0.00965231041122019,0.3025146780794493,0.04778679362148299
transient,saturation,2,373,DSSRR,0.00845940002983051,0.00656841215968166,0.1392837171858246,0.010429919957680046,0.6784031668975001,0.0
transient,saturation,3,305,Linear,0.010225847220963443,0.00618203335644114,0.47131189781622296,0.0012075368169727977,0.6199606088750854,0.0505876777385102
transient,saturation,3,305,CubicSpline,0.011917853885563597,0.008652288614949993,0.46883026155196494,0.001612012398615243,0.6054435012089315,0.05139895262856518
transient,saturation,3,305,FFT,0.00913861703820115,0.0015984804046134185,0.22218166758595026,0.0010396992290863719,0.1928920521623762,0.5950778033048031
transient,saturation,3,305,SSA,0.007391270790503372,0.003394818591643646,0.26509132094645566,0.005357300519658526,0.26939145849692303,0.29118228818300573
transient,saturation,3,305,UNet,0.006850997626083218,0.005018650814830059,0.13994660603231124,0.007633627411803443,0.271851617386209,0.06941415372090434
transient,saturation,3,305,DSSRR,0.006938155399239274,0.005604160117207615,0.14505550585286253,0.00881023294477901,0.6702060269577876,0.0
transient,saturation,4,328,Linear,0.035266374541007096,0.027152206686517882,0.4705089195735338,0.0039828736675796145,0.6550877767293319,0.11121802581579895
transient,saturation,4,328,CubicSpline,0.04083353615921853,0.03424279115887561,0.4370689248008537,0.008447422045429,0.6222039366678148,0.11323260971075744
transient,saturation,4,328,FFT,0.028769488476039398,0.00465433297187998,0.22367902551087607,0.00794862579259612,0.24481917232679173,0.5274335500008317
transient,saturation,4,328,SSA,0.023780146182056153,0.014546726586133115,0.19628383563451784,0.023022540818895668,0.26850454708408783,0.40572582747182273
transient,saturation,4,328,UNet,0.02433976788847183,0.01770151810739242,0.2481351083974105,0.01855524456711638,0.35762402533351895,0.14131945840545515
transient,saturation,4,328,DSSRR,0.022591803113110463,0.018215005459854293,0.1314194203662473,0.028773861024636537,0.7043914483827327,0.0
transient,saturation,5,371,Linear,0.013352194984752364,0.008393826796645121,0.48248779153292426,0.004060925358079989,0.6467061645349897,0.26369359562912587
transient,saturation,5,371,CubicSpline,0.015731720353634362,0.011939308825528998,0.448307614085834,0.0030780209913506907,0.6072550062948511,0.2644178729176147
transient,saturation,5,371,FFT,0.013556966645198655,0.0013089328332459413,0.17664820815738075,0.0014000269709371822,0.22718194537071057,0.5041230896719389
transient,saturation,5,371,SSA,0.010668349433867675,0.005937185036516292,0.2132993316014186,0.009553759987991631,0.21988586475883265,0.5295064341497642
transient,saturation,5,371,UNet,0.010219136827489074,0.007369998258413306,0.0797160644762931,0.011150520563375257,0.36572784942848785,0.13060925032538293
transient,saturation,5,371,DSSRR,0.010307115572551796,0.007997572032023859,0.13173674325570553,0.012763162942725148,0.6946569493283448,0.0
